-- MySQL dump 10.13  Distrib 5.5.40, for debian-linux-gnu (x86_64)
--
-- Host: 127.0.0.1    Database: g1neon3r
-- ------------------------------------------------------
-- Server version	5.5.40-0+wheezy1

/*!40101 SET @OLD_CHARACTER_SET_CLIENT=@@CHARACTER_SET_CLIENT */;
/*!40101 SET @OLD_CHARACTER_SET_RESULTS=@@CHARACTER_SET_RESULTS */;
/*!40101 SET @OLD_COLLATION_CONNECTION=@@COLLATION_CONNECTION */;
/*!40101 SET NAMES utf8 */;
/*!40103 SET @OLD_TIME_ZONE=@@TIME_ZONE */;
/*!40103 SET TIME_ZONE='+00:00' */;
/*!40014 SET @OLD_UNIQUE_CHECKS=@@UNIQUE_CHECKS, UNIQUE_CHECKS=0 */;
/*!40014 SET @OLD_FOREIGN_KEY_CHECKS=@@FOREIGN_KEY_CHECKS, FOREIGN_KEY_CHECKS=0 */;
/*!40101 SET @OLD_SQL_MODE=@@SQL_MODE, SQL_MODE='NO_AUTO_VALUE_ON_ZERO' */;
/*!40111 SET @OLD_SQL_NOTES=@@SQL_NOTES, SQL_NOTES=0 */;

--
-- Table structure for table `AddArticulos`
--

DROP TABLE IF EXISTS `AddArticulos`;
/*!40101 SET @saved_cs_client     = @@character_set_client */;
/*!40101 SET character_set_client = utf8 */;
CREATE TABLE `AddArticulos` (
  `id` int(11) NOT NULL AUTO_INCREMENT,
  `orden_id` int(11) DEFAULT NULL,
  `created` datetime NOT NULL,
  `updated` datetime NOT NULL,
  PRIMARY KEY (`id`),
  KEY `IDX_10856FDA9750851F` (`orden_id`),
  CONSTRAINT `FK_10856FDA9750851F` FOREIGN KEY (`orden_id`) REFERENCES `Orden` (`id`)
) ENGINE=InnoDB DEFAULT CHARSET=utf8 COLLATE=utf8_unicode_ci;
/*!40101 SET character_set_client = @saved_cs_client */;

--
-- Dumping data for table `AddArticulos`
--

LOCK TABLES `AddArticulos` WRITE;
/*!40000 ALTER TABLE `AddArticulos` DISABLE KEYS */;
/*!40000 ALTER TABLE `AddArticulos` ENABLE KEYS */;
UNLOCK TABLES;

--
-- Table structure for table `Articulo`
--

DROP TABLE IF EXISTS `Articulo`;
/*!40101 SET @saved_cs_client     = @@character_set_client */;
/*!40101 SET character_set_client = utf8 */;
CREATE TABLE `Articulo` (
  `id` int(11) NOT NULL AUTO_INCREMENT,
  `rubro_id` int(11) DEFAULT NULL,
  `medida_id` int(11) DEFAULT NULL,
  `articulo_tipo_id` int(11) DEFAULT NULL,
  `created` datetime NOT NULL,
  `updated` datetime NOT NULL,
  `codigo` int(11) DEFAULT NULL,
  `descripcion` varchar(255) COLLATE utf8_unicode_ci NOT NULL,
  `cantidad` int(11) NOT NULL,
  `precio` double NOT NULL,
  `activo` tinyint(1) NOT NULL,
  `cantidadUtilizada` int(11) NOT NULL,
  `cantidadReservada` int(11) NOT NULL,
  PRIMARY KEY (`id`),
  UNIQUE KEY `UNIQ_909F2CC720332D99` (`codigo`),
  KEY `IDX_909F2CC796C5081` (`rubro_id`),
  KEY `IDX_909F2CC7F504B72F` (`medida_id`),
  KEY `IDX_909F2CC78F186A2C` (`articulo_tipo_id`),
  CONSTRAINT `FK_909F2CC78F186A2C` FOREIGN KEY (`articulo_tipo_id`) REFERENCES `ArticuloTipo` (`id`),
  CONSTRAINT `FK_909F2CC796C5081` FOREIGN KEY (`rubro_id`) REFERENCES `Rubro` (`id`),
  CONSTRAINT `FK_909F2CC7F504B72F` FOREIGN KEY (`medida_id`) REFERENCES `Medida` (`id`)
) ENGINE=InnoDB AUTO_INCREMENT=1030 DEFAULT CHARSET=utf8 COLLATE=utf8_unicode_ci;
/*!40101 SET character_set_client = @saved_cs_client */;

--
-- Dumping data for table `Articulo`
--

LOCK TABLES `Articulo` WRITE;
/*!40000 ALTER TABLE `Articulo` DISABLE KEYS */;
INSERT INTO `Articulo` VALUES (1,2,1,7,'2014-03-28 16:59:53','2014-04-05 11:54:18',1,'MASTER 7W 230-240V GU10(4 LED)PHILIPS',22,120,1,0,0),(2,2,1,5,'2014-03-29 08:34:12','2014-04-05 11:57:15',2,'150W OSRAM',1,212.17,1,0,0),(3,2,1,5,'2014-03-29 08:35:34','2014-04-05 11:57:30',3,'70W PHILIPS',1,212.17,1,0,0),(4,2,1,3,'2014-03-29 08:38:44','2014-06-11 17:26:23',4,'100W PHILIPS',31,22.21,1,0,0),(5,2,1,3,'2014-03-29 08:41:24','2014-04-05 11:53:04',5,'150W PHILIPS',4,0,1,0,0),(6,2,1,3,'2014-03-29 08:47:38','2014-04-05 11:53:18',6,'500W PHILIPS',3,14.84,1,0,0),(7,2,1,8,'2014-03-29 08:54:40','2014-04-05 11:57:58',7,'500W PHILIPS',1,110.65,1,0,0),(8,2,1,2,'2014-03-29 08:56:22','2014-04-05 11:53:44',8,'12V 50W YARLUX-OSRAM',2,11.71,1,0,0),(9,2,1,2,'2014-03-29 12:51:58','2014-04-05 11:53:59',9,'Ar111 50W 12V 24° Philips',1,0,1,0,0),(10,4,1,23,'2014-04-07 08:13:38','2014-11-03 10:15:54',10,'30 x 10 c/adhesivo (tira 2mts)',0,48.49,1,0,0),(11,4,1,22,'2014-04-07 08:45:24','2014-06-24 15:52:27',11,'PVC Rectangular Embutir',0,4.3,0,0,0),(12,4,1,22,'2014-04-07 08:53:42','2014-08-14 09:03:39',12,'Metalica Rectangular s/p*',43,9.53,0,38,0),(13,4,1,22,'2014-04-07 08:56:20','2014-07-24 17:58:32',13,'Aluminio 10x10x06 estanca Conextube',1,120.75,1,1,0),(14,4,1,22,'2014-04-07 08:57:54','2014-08-02 11:27:55',14,'PVC Estanca 10x10x6',8,32.74,0,0,0),(15,4,1,22,'2014-04-07 09:02:09','2014-07-16 10:02:17',15,'Conexion 15x15x7 c/tapa METAL',0,87.78,0,0,0),(16,4,1,22,'2014-04-07 09:03:20','2014-08-02 10:19:14',16,'Conexion 10x10x7 c/tapa',29,61.6,0,20,0),(17,4,1,22,'2014-04-07 09:04:50','2014-06-30 17:22:22',17,'Conexion 20x30x10 c/tapa GD/2030-2',0,192.49,0,0,0),(18,4,1,22,'2014-04-07 09:06:40','2015-01-10 09:56:49',18,'Metalica cuadrada 10x10x4 s/p*',123,20.54,1,106,0),(19,4,1,22,'2014-04-07 09:16:26','2014-10-10 08:12:04',19,'DIN EMANAL Embutir PVC 10 Polos',0,127.92,1,0,0),(20,4,1,22,'2014-04-07 09:17:34','2014-10-10 08:12:51',20,'DIN EMANAL Embutir PVC 20 Polos',0,260.58,1,0,0),(21,4,1,22,'2014-04-07 09:18:25','2014-10-21 18:52:51',21,'DIN EMANAL Embutir PVC 6 Polos*',1,99.87,1,1,0),(22,4,1,22,'2014-04-07 09:21:11','2014-04-07 09:21:29',22,'DIN REG. 6 Polos Gabexel Metal',0,187.99,1,0,0),(23,4,1,22,'2014-04-07 09:23:16','2015-01-09 18:40:19',23,'DIN REG. 10 Polos Gabexel Metal',5,235.99,1,5,0),(24,4,1,22,'2014-04-07 09:24:25','2014-04-07 09:24:46',24,'DIN REG. 20 Polos Gabexel Metal',0,392.99,1,0,0),(25,4,1,22,'2014-04-07 09:27:06','2015-01-09 18:46:09',25,'DIN Externa PVC c/pta. EMANAL 6B',4,178.55,1,0,0),(26,4,1,22,'2014-04-07 09:28:21','2014-09-05 11:50:39',26,'DIN PVC exterior c/pta.10B',2,221.95,1,2,0),(27,6,1,24,'2014-04-09 15:50:11','2014-04-09 15:50:11',27,'BASE PARA BARRA DE POTENCIA',2,0,1,0,0),(28,6,1,12,'2014-04-09 16:00:46','2014-04-09 16:00:46',28,'MINI CONTACTOR STECK 24V 3 VIAS CON AUXILIAR NORMAL ABIERTO',1,0,1,0,0),(29,5,1,25,'2014-04-09 16:06:38','2014-12-11 18:13:01',29,'PKD 16',13,48,1,13,0),(30,5,1,25,'2014-04-09 16:09:42','2014-11-20 08:04:25',30,'PKD 14',10,31,1,5,0),(31,4,1,20,'2014-04-09 16:25:44','2014-04-21 10:53:54',31,'OMEGA 2\"',31,0,1,0,0),(32,4,1,20,'2014-04-09 16:32:00','2014-04-09 16:32:00',32,'OMEGA 1 ½\"',6,0,1,0,0),(33,4,1,20,'2014-04-09 16:33:49','2014-04-09 16:33:49',33,'OMEGA 1 ¼',8,0,1,0,0),(34,4,1,20,'2014-04-09 16:35:05','2014-12-10 15:48:18',34,'OMEGA 1\"',110,0.95,1,0,0),(35,4,1,20,'2014-04-09 16:36:17','2014-12-10 15:48:57',35,'Omega ¾\"',69,0.45,1,1,0),(36,4,1,20,'2014-04-09 16:37:40','2014-07-16 17:33:46',36,'MEDIA OMEGA 5/8\"',10,0.49,1,0,0),(37,4,1,20,'2014-04-09 16:40:31','2014-04-09 16:40:32',37,'OMEGA 2 ¼ PARA CAÑO GALVANIZADO',1,0,1,0,0),(38,4,1,20,'2014-04-09 16:41:52','2014-04-09 16:41:53',38,'OMEGA 1 ¼ PARA CAÑO GALVANIZADO',2,0,1,0,0),(39,6,1,26,'2014-04-09 16:55:24','2014-04-09 16:55:24',39,'CONMUTADORA ENCAPSULADA 380V 30A 10HP RAMOS MEJIA',1,0,1,0,0),(40,6,1,26,'2014-04-09 17:00:10','2014-04-09 17:00:10',40,'ROTATIVA 16A 380V C.A-220V C.C 4 POSICIONES(VEFBEN)',1,0,1,0,0),(42,6,1,26,'2014-04-10 07:58:52','2014-08-14 10:23:56',42,'ROTATIVA 16A 380V C.A 220V C.C 3 POSICIONES VEFBEN',8,0,1,3,0),(43,9,1,27,'2014-04-10 08:06:58','2014-05-07 19:44:03',43,'1/4\"',70,0,1,0,0),(44,10,1,28,'2014-04-10 08:26:57','2014-04-10 08:26:57',44,'ROJA 24V',1,0,1,0,0),(45,4,1,20,'2014-04-10 08:39:53','2014-04-10 08:39:53',45,'OLMAR 1\"',38,0,1,0,0),(46,4,1,20,'2014-04-10 08:50:34','2014-04-10 08:50:34',46,'OLMAR 1 ½\"',5,0,1,0,0),(47,5,1,29,'2014-04-10 09:11:50','2014-10-29 15:48:56',47,'NH 40A',5,0,1,1,0),(48,5,1,29,'2014-04-10 09:12:52','2014-09-16 11:42:11',48,'NH 36A',6,0,1,6,0),(49,5,1,29,'2014-04-10 09:14:25','2014-04-10 09:14:25',49,'NH 80A',1,0,1,0,0),(50,5,1,29,'2014-04-10 09:17:43','2014-10-31 16:34:07',50,'DIAZED 63A',7,8.9,1,4,0),(51,5,1,29,'2014-04-10 09:19:24','2015-01-08 18:30:56',51,'DIAZED 2A 500V',7,8.49,1,3,0),(52,5,1,29,'2014-04-10 09:20:21','2014-04-10 09:20:21',52,'DIAZED 2A 380V',1,0,1,0,0),(53,5,1,29,'2014-04-10 09:21:13','2014-04-10 09:21:13',53,'DIAZED 4A 380V',1,0,1,0,0),(54,5,1,29,'2014-04-10 09:22:13','2014-11-10 08:49:09',54,'DIAZED 10A 380V',14,8.49,1,7,0),(55,5,1,29,'2014-04-10 09:23:28','2014-04-10 09:23:28',55,'PORTAFUSIBLE',15,0,1,0,0),(56,1,1,1,'2014-04-10 15:30:30','2014-04-10 15:30:30',56,'INTERRUPTOR PARA TANQUE 10A 220V FIBOSA',3,0,1,0,0),(57,6,1,30,'2014-04-10 15:45:54','2014-12-11 09:03:14',57,'DE ESCALERA TIPO DIN 5KW RBC SISTEL',3,437.57,1,0,0),(58,8,1,30,'2014-04-10 15:50:49','2014-12-10 07:54:55',58,'DE ESCALERA TIPO MODULO RBC SISTEL',4,407.74,1,0,0),(59,10,1,28,'2014-04-10 15:56:12','2014-04-10 15:57:18',59,'SEMAFORO DE GARAGE 12V C.C ROJO/VERDE',1,0,1,0,0),(60,5,1,31,'2014-04-10 16:00:47','2014-04-10 16:00:47',60,'5 PUNTAS 3/4 LPD',1,0,1,0,0),(61,6,1,32,'2014-04-11 15:38:57','2014-12-05 11:41:57',61,'Telemecanique 8,5 x 31,5*',6,0,1,0,0),(62,6,1,32,'2014-04-11 15:41:44','2014-12-05 11:43:24',62,'Zoloda 8-31*',4,0,1,0,0),(63,6,1,32,'2014-04-11 15:45:22','2015-01-08 18:30:56',63,'Sassin 18-20*',9,47.25,1,3,0),(64,11,1,33,'2014-04-11 15:53:10','2014-12-17 11:14:47',64,'5/8\"',8,4.28,1,3,0),(65,11,1,33,'2014-04-11 15:54:30','2014-12-05 17:34:59',65,'3/4\"',18,4.28,1,16,0),(66,11,1,33,'2014-04-11 15:55:31','2014-11-19 09:42:11',66,'7/8\"',10,7,1,9,0),(67,11,1,33,'2014-04-11 15:56:37','2014-11-19 09:42:11',67,'1\"',5,7,1,1,0),(68,11,1,34,'2014-04-11 16:01:01','2014-12-05 08:10:32',68,'Para tubos fluorescentes 36w',9,25.15,1,4,0),(69,11,1,34,'2014-04-11 16:09:26','2014-12-12 15:47:12',69,'Para lamparas dicro 12v',1472,7.9,1,15,0),(70,11,1,34,'2014-04-11 16:10:53','2014-04-11 16:10:53',70,'Para lamparas dicro 220v',25,0,1,0,0),(71,11,1,34,'2014-04-11 16:20:20','2014-06-03 16:35:46',71,'Para lampara cuarzo',5,0,1,0,0),(72,4,1,20,'2014-04-11 16:24:14','2014-07-11 10:52:00',72,'OLMAR 3/4\"',85,4.95,1,1,0),(73,11,1,34,'2014-04-11 17:48:26','2014-04-11 19:29:48',73,'chicote c/terminal para lampara AR-111 12V',56,0,1,0,0),(74,4,1,20,'2014-04-11 18:06:36','2014-04-11 18:07:06',74,'PINZA 40mm',7,0,1,0,0),(75,4,1,20,'2014-04-11 18:08:25','2015-01-10 09:30:44',75,'Pinza 25mm',138,3.46,1,48,0),(76,4,1,20,'2014-04-11 18:09:08','2014-04-11 18:09:08',76,'Pinza 32mm',5,0,1,0,0),(77,4,1,20,'2014-04-11 18:11:00','2014-04-11 18:11:00',77,'Pinza 22mm',23,0,1,0,0),(78,4,1,20,'2014-04-11 18:19:27','2015-01-10 09:36:38',78,'PINZA 20mm',213,2.78,1,179,0),(79,11,1,35,'2014-04-11 18:21:49','2014-08-27 16:01:03',79,'PLASTICO BLANCO',12,3.75,1,5,0),(80,6,1,36,'2014-04-12 08:27:54','2014-04-12 08:27:54',80,'OJAL GRANDE 120 mm',23,0,1,0,0),(81,6,1,36,'2014-04-12 08:29:58','2014-04-12 08:29:58',81,'OJAL CHICO 120mm',6,0,1,0,0),(82,6,1,36,'2014-04-12 08:32:49','2014-04-12 08:32:49',82,'OJAL CHICO 150mm',14,0,1,0,0),(83,6,1,36,'2014-04-12 08:35:01','2014-04-12 08:35:39',83,'OJAL CHICO 185mm',1,0,1,0,0),(84,6,1,36,'2014-04-12 08:36:31','2014-04-12 08:36:31',84,'OJAL GRANDE 185mm',2,0,1,0,0),(85,6,1,36,'2014-04-12 08:41:29','2014-04-12 08:41:29',85,'OJAL CHICO 95mm',14,0,1,0,0),(86,6,1,36,'2014-04-12 08:43:15','2014-04-12 08:43:15',86,'OJAL GRANDE 95mm',1,0,1,0,0),(87,6,1,36,'2014-04-12 08:49:59','2014-04-12 08:49:59',87,'OJAL GRANDE 70mm',6,0,1,0,0),(88,6,1,36,'2014-04-12 08:53:06','2014-04-12 08:53:06',88,'OJAL CHICO 50mm',5,0,1,0,0),(89,6,1,36,'2014-04-12 08:54:30','2014-08-14 10:05:14',89,'OJAL CHICO 35mm',7,0,1,3,0),(90,6,1,36,'2014-04-12 08:55:52','2015-01-08 18:30:56',90,'OJAL CHICO 16mm',25,12,1,25,0),(91,6,1,36,'2014-04-12 09:42:44','2015-01-09 18:41:59',91,'OJAL CHICO 6mm',60,2.91,1,0,0),(92,6,1,36,'2014-04-12 09:45:42','2014-07-29 17:51:49',92,'OJAL CHICO 4mm',17,0,1,8,0),(93,6,1,36,'2014-04-12 09:49:47','2014-08-07 08:20:14',93,'OJAL CHICO 2,5mm',23,0,1,4,0),(94,6,1,36,'2014-04-12 09:53:04','2014-04-12 09:53:04',94,'MANGUITOS DE UNION VARIAS MEDIDAS',6,0,1,0,0),(95,11,1,37,'2014-04-14 15:33:31','2014-12-12 15:47:12',95,'ELECTRONICO 12V PARA LAMPARAS DICRO',17,66,1,17,0),(96,11,1,37,'2014-04-14 15:34:38','2014-04-14 15:34:38',96,'ELECTRONICO 12V PARA TUBOS FLUORESCENTES 18W',2,0,1,0,0),(97,11,1,38,'2014-04-14 15:43:23','2014-04-14 15:43:23',97,'KIT PARA LUZ DE EMERGENCIA PARA FLUORESCENTES O LAMPARA COMPACTA 4 PINES',3,0,1,0,0),(98,11,1,38,'2014-04-14 15:47:13','2014-04-14 15:47:13',98,'ELECTRONICO ITALAVIA PARA LAMPARA PL-L O TUBO FLUORESCENTES 36W',1,0,1,0,0),(99,11,1,38,'2014-04-14 15:51:10','2014-04-14 15:51:10',99,'ELECTRONICO PARA LAMPARAS PL-L 36W',2,0,1,0,0),(100,11,1,38,'2014-04-14 15:53:09','2014-04-14 15:53:09',100,'ELECTRONICO PARA LAMPARAS PL-L O TUBOS FLORESCENTES 2X36W',1,0,1,0,0),(101,11,1,39,'2014-04-14 17:41:28','2014-04-14 17:41:28',101,'30 UF',4,0,1,0,0),(102,13,1,40,'2014-04-14 17:48:00','2014-06-06 18:36:42',102,'INSTANTANEO PARA PLASTICOS Y GOMAS 20g.',0,0,1,0,0),(103,3,2,41,'2014-04-14 17:54:47','2014-04-14 17:54:47',103,'3 x 0,75mm²',2,0,1,0,0),(104,3,1,20,'2014-04-14 17:56:54','2014-11-12 11:48:17',104,'Sujeta cables nº8 x 100u.',4,26.68,1,3,0),(105,11,1,38,'2014-04-14 18:22:16','2014-12-09 11:17:29',105,'MECANICO PARA TUBO FLUORESCENTE 36W',22,76.25,1,20,0),(106,11,1,38,'2014-04-14 18:23:10','2014-09-05 16:10:36',106,'MECANICO PARA TUBO FLUORESCENTE 18W',6,76.25,1,6,0),(107,5,1,36,'2014-04-15 08:04:28','2014-06-17 17:52:17',107,'A COMPRESION DE COBRE TIPO\"C\" 300mm',2,0,1,0,0),(108,5,1,36,'2014-04-15 08:05:40','2014-06-17 17:51:43',108,'A COMPRESION DE COBRE TIPO\"C\" 240mm',13,0,1,0,0),(109,17,1,42,'2014-04-15 15:44:35','2014-08-14 10:05:14',109,'Aisladora Tacsa 10 metros c/u',9,0,1,2,0),(110,18,1,22,'2014-04-15 16:23:12','2014-12-17 10:37:11',110,'Rectangular pvc para cablecanal.',18,23.58,1,15,0),(111,4,1,22,'2014-04-15 16:28:14','2014-12-04 10:36:15',111,'Pvc estanca 15 X 11X 7cm IP 56(LA TAPA TIENE UNA PERFORACION)*',1,0,1,0,0),(112,4,1,22,'2014-04-15 16:31:56','2014-04-15 16:31:56',112,'pvc rectangular exterior para bastidor',1,0,1,0,0),(113,5,1,25,'2014-04-15 16:37:39','2014-10-31 16:32:06',113,'Con portafusible',10,54.24,1,8,0),(114,4,1,13,'2014-04-15 18:19:22','2015-01-09 16:37:09',114,'Pvc 25mm*',181,4.85,1,156,0),(115,4,1,13,'2014-04-15 18:19:58','2015-01-09 16:38:19',115,'Pvc 20mm*',90,3.48,1,81,0),(116,8,1,43,'2014-04-15 18:22:25','2015-01-08 18:30:56',116,'Punto JBO blanco*',36,12.99,1,35,0),(117,8,1,43,'2014-04-15 18:23:11','2014-12-02 16:15:34',117,'Toma 10A JBO blanco*',82,11.04,1,82,0),(119,6,1,12,'2014-04-16 09:15:43','2014-04-16 09:15:43',119,'modular 25A Schneider',1,0,1,0,0),(120,7,1,11,'2014-04-16 09:21:06','2014-04-16 09:21:06',120,'Siemens 1 x 10A',2,0,1,0,0),(121,6,1,44,'2014-04-16 09:23:26','2014-12-04 16:40:38',121,'HORARIO MODULAR SCHNEIDER',1,0,0,0,0),(122,4,1,22,'2014-04-16 10:35:46','2014-08-08 16:18:51',122,'Metalica Mignon s/p*',52,5.79,0,5,0),(123,4,1,22,'2014-04-16 10:38:09','2015-01-09 09:07:05',123,'Metalica octogonal chica s/p*',69,10.11,1,41,0),(124,14,1,45,'2014-04-16 10:44:30','2014-04-16 10:44:30',124,'juegos de tasa blanca metal p/ barral',11,0,1,0,0),(125,14,1,22,'2014-04-16 10:51:37','2014-04-16 10:51:37',125,'pvc para llave de ventilador de techo',23,0,1,0,0),(126,4,1,22,'2014-04-16 10:57:55','2014-08-02 10:37:44',126,'Metalica Conexion 15x15x10.*',1,87.78,1,0,0),(127,4,1,22,'2014-04-16 10:59:32','2014-06-30 17:06:40',127,'conexion 10x10x10 metal Gabexel',1,0,0,0,0),(128,14,1,45,'2014-04-16 11:05:09','2014-04-16 11:05:09',128,'kit p/ ventilador(varios)',15,0,1,0,0),(129,5,1,1,'2014-04-16 11:12:53','2014-04-16 11:12:53',129,'cruzeta con aisladores para bajada de potencia',1,0,1,0,0),(130,6,1,46,'2014-04-16 16:07:50','2014-04-16 16:07:50',130,'para tablero',14,0,1,0,0),(131,11,1,15,'2014-04-17 08:48:41','2015-01-08 18:30:56',131,'Macho 2 patas 10A',83,20.01,1,75,0),(132,11,1,15,'2014-04-17 08:51:53','2014-04-17 08:51:53',132,'Macho 2 patas 10A tipo velador',2,0,1,0,0),(133,11,1,15,'2014-04-17 08:53:54','2014-08-26 16:34:22',133,'Macho 3 patas 20A',7,24.57,1,1,0),(134,11,1,15,'2014-04-17 08:54:47','2014-11-17 18:39:46',134,'Macho 3 patas 10A',3,20.01,1,3,0),(135,8,1,43,'2014-04-17 08:56:05','2014-10-30 09:24:31',135,'Toma schucko 16A*',1,0,1,0,0),(136,11,1,15,'2014-04-17 09:03:41','2015-01-09 09:07:05',136,'Hembra 2 patas 10A',93,26.49,1,74,0),(137,11,1,15,'2014-04-17 09:06:27','2015-01-10 09:03:13',137,'Hembra 3 patas 10A',97,26.49,1,35,0),(138,6,1,47,'2014-04-17 09:11:09','2015-01-08 18:30:56',138,'Led Rojo 22mm(lampara ojo de buey)',15,67.74,1,6,0),(139,4,1,48,'2014-04-17 09:54:34','2014-09-22 16:19:39',139,'Pvc 20mm',10,7.8,1,4,0),(140,4,1,48,'2014-04-17 09:57:35','2014-09-22 16:18:37',140,'Pvc 22mm',4,8.9,1,0,0),(141,4,1,48,'2014-04-17 10:01:50','2014-07-29 18:02:04',141,'Pvc 25mm',6,0,1,1,0),(142,4,1,48,'2014-04-17 10:11:46','2014-10-17 15:44:59',142,'Pvc 1½',8,0,1,1,0),(143,4,1,48,'2014-04-17 10:16:51','2014-04-17 10:16:51',143,'Pvc 1¼',1,0,1,0,0),(144,5,1,48,'2014-04-17 10:26:14','2014-06-17 11:38:47',144,'Bajada 1\"',6,0,1,0,0),(145,5,1,48,'2014-04-17 10:28:44','2014-11-28 09:43:18',145,'Bajada 1½',8,19.8,1,1,0),(146,5,1,48,'2014-04-17 10:30:49','2014-04-17 10:30:49',146,'Partida para bajada 2\"',1,0,1,0,0),(147,11,1,34,'2014-04-21 08:41:34','2014-10-14 18:51:44',147,'Para tubos fluorescentes105w',2,36.65,1,0,0),(148,11,1,34,'2014-04-21 08:43:20','2014-10-14 15:34:02',148,'Para carteleria',13,41.2,1,8,0),(149,11,1,34,'2014-04-21 08:44:48','2014-12-09 11:17:29',149,'Con porta arrancador',32,22.46,1,12,0),(150,11,1,49,'2014-04-21 08:48:09','2014-12-05 18:26:48',150,'Movimiento infrarrojo',6,562.4,1,4,0),(151,12,1,15,'2014-04-21 08:49:52','2014-04-21 08:49:52',151,'RJ 45',17,0,1,0,0),(152,12,1,15,'2014-04-21 08:52:49','2014-04-21 08:52:49',152,'Para telefono',1,0,1,0,0),(153,11,1,38,'2014-04-21 08:54:31','2014-04-21 08:54:31',153,'Autonomo de emergencia mod.1603',21,0,1,0,0),(154,11,1,38,'2014-04-21 08:55:31','2014-04-21 08:55:31',154,'Autonomo de emergencia mod.1601',4,0,1,0,0),(155,22,1,50,'2014-04-21 09:29:35','2014-07-22 10:27:45',155,'Para zocalo fotocontrol',19,0,1,0,0),(156,22,1,16,'2014-04-21 09:32:46','2014-12-01 08:27:03',156,'Zocalo fotocontrol A.P',16,41.75,1,3,0),(157,22,1,16,'2014-04-21 09:34:11','2014-12-20 11:29:08',157,'Capuchón p/ AºPº',9,176.99,1,9,0),(158,11,1,38,'2014-04-21 09:36:00','2014-04-21 09:36:00',158,'Mecanico 5 a 11w',9,0,1,0,0),(159,11,1,38,'2014-04-21 09:40:44','2014-04-21 09:41:57',159,'Mecanico para tubos fluorescentes de 58/65w',2,0,1,0,0),(160,12,1,15,'2014-04-21 09:42:46','2014-07-16 17:23:24',160,'Para tv',7,4.36,1,0,0),(161,12,1,51,'2014-04-21 09:44:38','2014-04-21 09:44:38',161,'Para tv',1,0,1,0,0),(162,11,1,52,'2014-04-21 09:46:53','2014-05-13 08:10:51',162,'Para colgar artefacto',5,0,1,0,0),(163,11,1,39,'2014-04-21 10:01:57','2014-04-21 10:01:57',163,'4 UF',14,0,1,0,0),(164,11,1,39,'2014-04-21 10:04:15','2014-06-06 16:11:20',164,'25 UF',3,0,1,0,0),(165,11,1,39,'2014-04-21 10:05:22','2014-04-21 10:05:22',165,'10 UF',1,0,1,0,0),(166,14,1,53,'2014-04-21 10:08:19','2014-05-27 15:16:11',166,'Para ventilador con accesorios de goma',20,0,1,0,0),(167,4,1,54,'2014-04-21 10:15:40','2014-04-21 10:15:40',167,'Union Galvanizada 40mm',2,0,1,0,0),(168,4,1,54,'2014-04-21 10:16:44','2014-04-21 10:16:44',168,'Union Galvanizada 1\"',1,0,1,0,0),(169,15,1,55,'2014-04-21 10:34:09','2014-04-21 10:35:43',169,'Oculto ODA',11,0,1,0,0),(170,15,1,55,'2014-04-21 10:43:59','2014-05-29 17:01:53',170,'Mignon ODA',13,0,1,0,0),(171,15,1,56,'2014-04-21 10:45:50','2014-04-21 10:47:49',171,'Para bastidor ODA',53,0,1,0,0),(172,8,1,57,'2014-04-21 10:49:59','2014-12-02 11:19:58',172,'Jeluz Verona',10,6.46,1,10,0),(173,8,1,43,'2014-04-21 10:55:58','2014-12-02 16:15:34',173,'Ciego blanco JBO',311,1.46,1,146,0),(174,15,1,56,'2014-04-21 10:57:31','2014-04-21 10:58:49',174,'Para bastidor Schneider',26,0,1,0,0),(175,15,1,56,'2014-04-21 11:00:00','2014-04-21 11:00:00',175,'Para bastidor mignon Soma',1,0,1,0,0),(176,8,1,43,'2014-04-21 11:01:06','2014-04-23 09:27:36',176,'Toma 10A plasnavi',115,0,1,0,0),(177,6,1,24,'2014-04-21 16:02:35','2014-12-10 16:04:45',177,'Dyn gris 16mm.',8,57,1,0,0),(178,6,1,24,'2014-04-21 16:08:55','2014-12-10 15:58:36',178,'Dyn Azul 16mm.',8,57,1,0,0),(179,6,1,24,'2014-04-21 16:13:16','2014-12-10 16:03:05',179,'Dyn Azul 4mm.',5,19.74,1,0,0),(180,6,1,24,'2014-04-21 16:14:38','2014-12-10 16:04:27',180,'Dyn gris 4mm.',8,19.74,1,1,0),(181,6,1,24,'2014-04-21 16:15:29','2014-12-10 16:03:16',181,'Dyn Azul 6mm.',14,19.74,1,2,0),(182,6,1,24,'2014-04-21 16:16:55','2014-12-10 16:12:01',182,'Dyn gris 6mm.',44,19.74,1,10,0),(183,6,1,24,'2014-04-21 16:31:22','2014-04-21 16:31:22',183,'Tea 3x25A',2,0,1,0,0),(184,6,1,24,'2014-04-21 16:32:26','2014-04-21 16:32:26',184,'Tea 1x25A',1,0,1,0,0),(185,6,1,24,'2014-04-21 16:33:26','2014-07-16 17:02:06',185,'Tea 4x25A',2,113.99,1,0,0),(186,6,1,24,'2014-04-21 16:34:29','2014-04-21 16:34:29',186,'Tea 3x100A',1,0,1,0,0),(187,6,1,24,'2014-04-21 16:35:26','2014-04-21 16:35:26',187,'Tea 1x60A',1,0,1,0,0),(188,6,1,24,'2014-04-21 16:36:07','2014-10-31 16:09:25',188,'Tea 1x100A',3,44.17,1,3,0),(189,17,1,58,'2014-04-22 08:08:10','2014-08-27 16:01:03',189,'Negros 20cm',60,22.83,1,60,0),(190,6,1,24,'2014-04-22 15:42:30','2014-12-10 16:04:16',190,'Dyn gris 2,5mm',6,15,1,0,0),(191,6,1,24,'2014-04-22 15:47:56','2014-12-10 16:03:31',191,'Dyn gris 10mm',25,33.15,1,0,0),(192,6,1,24,'2014-04-22 15:49:45','2014-12-10 15:58:12',192,'Dyn azul 10mm',2,33.15,1,0,0),(193,6,1,24,'2014-04-22 15:51:00','2014-12-10 16:04:39',193,'Dyn gris 16mm',13,57,1,0,0),(194,6,1,24,'2014-04-22 15:56:28','2014-12-10 16:03:50',194,'Dyn 6mm verde amarillo',2,19.74,1,0,0),(195,6,1,24,'2014-04-22 15:57:37','2014-12-10 16:12:41',195,'Dyn 10mm verde amarillo',1,33.15,1,0,0),(196,6,1,43,'2014-04-22 16:08:36','2014-04-22 16:08:36',196,'Toma para TV',15,0,1,0,0),(197,6,1,43,'2014-04-22 16:10:19','2014-04-22 16:10:19',197,'Toma para telefono',9,0,1,0,0),(198,11,1,24,'2014-04-22 16:11:23','2014-12-05 17:54:03',198,'Continua 2,5',5,35,1,0,0),(199,10,1,15,'2014-04-22 16:13:08','2014-04-22 16:13:08',199,'Gatillo para maquina',2,0,1,0,0),(200,1,1,59,'2014-04-23 09:02:54','2014-04-23 09:02:54',200,'Para fijacion',25,0,1,0,0),(201,10,1,28,'2014-04-23 09:05:48','2014-05-29 17:37:18',201,'Campanilla zumbador exterior 10x10',4,0,1,0,0),(202,13,1,60,'2014-04-23 09:10:27','2014-06-16 08:09:22',202,'varias medidas',9,0,1,0,0),(203,13,1,61,'2014-04-23 09:13:00','2014-04-23 09:14:15',203,'accesorios',14,0,1,0,0),(204,22,1,50,'2014-04-23 09:15:31','2014-10-07 18:05:12',204,'Abrazadera Para colgar artef.en postes',40,0,1,0,0),(205,9,1,62,'2014-04-23 09:19:40','2014-09-24 11:13:23',205,'Para varilla roscada 3/8',1000,0.95,1,284,0),(206,9,1,62,'2014-04-23 09:20:40','2014-04-23 09:20:40',206,'y bulones varios',120,0,1,0,0),(207,8,1,43,'2014-04-23 09:32:42','2014-05-26 08:56:28',207,'Punto Plasnavi blanco',33,0,1,0,0),(208,8,1,43,'2014-04-23 15:28:52','2014-04-23 15:28:52',208,'Pulsador plasnavi',1,0,1,0,0),(209,8,1,43,'2014-04-23 15:30:25','2014-04-23 15:30:25',209,'Punto Oda',1,0,1,0,0),(210,8,1,43,'2014-04-23 15:31:30','2014-04-23 15:31:30',210,'Punto Roda',17,0,1,0,0),(211,8,1,43,'2014-04-23 15:33:08','2014-08-27 18:59:06',211,'Pulsador Jeluz Verona',2,10.82,1,2,0),(212,8,1,43,'2014-04-23 15:34:36','2014-04-23 15:34:36',212,'Pulsador Oda',5,0,1,0,0),(213,8,1,43,'2014-04-23 15:36:32','2014-10-30 10:18:19',213,'Toma 10A Jeluz Verona negro*',0,11.04,1,0,0),(214,8,1,43,'2014-04-23 15:38:07','2014-10-30 10:18:52',214,'Toma 10A jeluz Verona rojo*',8,11.04,1,8,0),(215,8,1,43,'2014-04-23 15:44:51','2014-10-30 09:19:09',215,'Toma 10A JBO beige*',3,11.04,1,1,0),(216,8,1,43,'2014-04-23 15:48:53','2014-10-30 09:23:47',216,'Toma 20A JBO bordó*',5,22.16,1,0,0),(217,8,1,43,'2014-04-23 15:55:15','2014-10-14 18:30:40',217,'Combinacion JBO blanco',4,12.98,1,0,0),(218,8,1,43,'2014-04-23 17:12:13','2014-10-14 18:30:47',218,'Combinacion JBO marfil',7,12.98,1,0,0),(219,8,1,43,'2014-04-23 17:13:08','2014-07-08 08:30:48',219,'Punto JBO beige',7,10.82,0,0,0),(220,8,1,43,'2014-04-23 17:15:43','2014-04-23 17:15:43',220,'Toma 10A Oda blanco',6,0,1,0,0),(221,8,1,43,'2014-04-23 17:16:46','2014-04-23 17:16:46',221,'Toma 20A Oda blanco',1,0,1,0,0),(222,8,1,43,'2014-04-23 17:20:26','2014-04-23 17:20:26',222,'Toma 20A Plasnavi negro',1,0,1,0,0),(223,8,1,43,'2014-04-23 17:22:23','2014-04-23 17:22:23',223,'Toma 10A plasnavi negro',14,0,1,0,0),(224,11,1,63,'2014-04-23 17:49:53','2014-07-22 16:53:09',224,'Spot para dicro.Varios modelos',9,0,0,0,0),(225,12,1,51,'2014-04-23 17:51:51','2014-04-23 17:51:51',225,'Para tv 4 vias',4,0,1,0,0),(226,12,1,51,'2014-04-23 17:53:02','2014-04-23 17:53:02',226,'Para tv 3 vias',3,0,1,0,0),(227,12,1,51,'2014-04-23 17:55:32','2014-04-23 17:55:32',227,'Para tv 2 vias',2,0,1,0,0),(228,12,1,64,'2014-04-23 17:58:32','2014-04-23 17:58:32',228,'Conexion tv roscado',13,0,1,0,0),(229,12,1,64,'2014-04-23 17:59:56','2014-04-23 17:59:56',229,'Empalme tv roscado macho-macho',1,0,1,0,0),(230,12,1,43,'2014-04-23 18:02:00','2014-10-14 18:29:48',230,'Telefonico RJ-11',55,29.81,1,3,0),(231,15,1,55,'2014-04-23 18:07:17','2014-05-26 08:53:46',231,'Oculto Plasnavi',41,0,1,0,0),(232,15,1,55,'2014-04-28 18:19:25','2014-10-30 10:49:27',232,'De chapa*',6,0,1,0,0),(233,15,1,55,'2014-05-05 15:29:09','2014-10-30 10:32:56',233,'Mignon JBO*',21,6.14,1,7,0),(234,8,1,43,'2014-05-05 15:30:23','2014-05-05 15:42:25',234,'Ciego exult',26,0,1,0,0),(235,15,1,55,'2014-05-05 15:31:48','2014-05-05 15:31:48',235,'Mignon Schneider',15,0,1,0,0),(236,8,1,43,'2014-05-05 15:33:37','2014-05-26 08:55:46',236,'Ciego Plasnavi',18,0,1,0,0),(237,8,1,43,'2014-05-05 15:35:01','2014-05-05 15:39:47',237,'Ciego Teclastar',32,0,1,0,0),(238,8,1,43,'2014-05-05 15:36:09','2014-05-05 15:36:09',238,'Ciego Oda',10,0,1,0,0),(239,8,1,43,'2014-05-05 15:38:00','2014-05-05 15:38:00',239,'Medio modulo ciego Cambre',45,0,1,0,0),(240,8,1,43,'2014-05-05 15:38:59','2014-05-05 15:38:59',240,'Ciego Cambre',2,0,1,0,0),(241,15,1,56,'2014-05-05 16:38:10','2014-05-05 16:38:10',241,'Beige Para bastidor mignon schneider',15,0,1,0,0),(242,15,1,56,'2014-05-05 16:40:02','2014-05-05 16:40:02',242,'Beige para bastidor rectangular schneider',16,0,1,0,0),(243,15,1,56,'2014-05-05 16:41:38','2014-10-08 08:13:29',243,'Dorada para bastidor rectangular JBO',12,6.57,1,0,0),(244,15,1,56,'2014-05-05 16:44:39','2014-12-04 10:44:45',244,'Blanca para bastidor rectangular JBO*',56,6.57,1,43,0),(245,15,1,56,'2014-05-05 16:46:05','2014-10-14 18:57:40',245,'Blanca para bastidor mignon JBO',13,6.48,1,2,0),(246,15,1,56,'2014-05-05 16:47:46','2014-05-29 15:58:55',246,'Blanca para bastidor mignon Sica',6,0,1,0,0),(247,15,1,55,'2014-05-05 16:49:53','2014-12-02 16:15:34',247,'Oculto rectangular JBO*',51,6.36,1,51,0),(248,15,1,55,'2014-05-06 10:38:40','2014-05-06 10:38:40',248,'Oculto rectangular Exult',8,0,1,0,0),(249,15,1,55,'2014-05-06 10:40:08','2014-11-17 18:39:46',249,'Verona 2000',9,7.76,1,1,0),(250,15,1,55,'2014-05-06 10:51:24','2014-11-13 08:24:40',250,'Oculto 6 bocas JBO',29,12.18,1,29,0),(251,15,1,56,'2014-05-06 15:32:29','2015-01-09 18:43:04',251,'Negra antracita para bastidor rectangular JBO*',22,6.57,1,6,0),(252,15,1,56,'2014-05-06 15:36:17','2014-05-29 15:28:12',252,'Rectangular para bastidor Plasnavi',1,0,1,0,0),(253,15,1,55,'2014-05-06 15:37:57','2014-05-29 17:04:08',253,'Rectangular Sica',32,0,1,0,0),(254,15,1,55,'2014-05-06 15:39:21','2014-10-30 10:41:02',254,'Para interperie JBO*',4,43.7,1,4,0),(255,11,1,65,'2014-05-06 15:41:17','2014-12-09 16:38:32',255,'De porcelana rosca Edison',6,32,1,1,0),(256,22,1,65,'2014-05-06 15:42:25','2014-12-09 16:38:07',256,'De porcelana rosca Goliat',16,55.69,1,6,0),(257,11,1,65,'2014-05-06 15:43:45','2014-05-06 15:43:45',257,'Plastico',2,0,1,0,0),(258,11,1,65,'2014-05-06 15:45:17','2014-06-06 18:14:29',258,'Mignon',11,0,1,0,0),(259,11,1,65,'2014-05-06 15:51:37','2014-09-22 16:22:52',259,'Mignon.',11,0,0,0,0),(260,11,1,65,'2014-05-06 15:52:56','2014-05-06 15:52:56',260,'De metal para aplique de ventilador',2,0,1,0,0),(261,6,1,47,'2014-05-06 15:54:39','2014-09-05 15:44:46',261,'Ojo de buey rojo.Weg',6,29.99,1,1,0),(262,6,1,47,'2014-05-06 15:55:59','2014-08-27 16:01:03',262,'Bloque de iluminacion led.Weg',6,0,1,3,0),(263,6,1,47,'2014-05-06 15:57:46','2014-05-06 15:57:46',263,'Ojo de buey neon XB7',5,0,1,0,0),(264,6,1,47,'2014-05-06 15:59:24','2014-05-06 15:59:24',264,'Ojo de buey neon Keland rojo',1,0,1,0,0),(265,6,1,47,'2014-05-06 16:00:34','2014-05-06 16:00:34',265,'Accesorio botonera NC',1,0,1,0,0),(266,15,1,55,'2014-05-06 16:02:05','2014-05-06 16:02:05',266,'Rectangular kalop',1,0,1,0,0),(267,4,1,53,'2014-05-06 16:58:10','2014-12-10 11:21:17',267,'Para centro*',48,4.52,1,9,0),(268,9,1,53,'2014-05-06 16:59:59','2014-05-06 16:59:59',268,'Ganchos metal para techos de chapa',10,0,1,0,0),(269,7,1,44,'2014-05-06 17:02:21','2014-12-04 11:22:29',269,'Sica Termomagnetico 2x10A*',4,114.23,1,3,0),(270,7,1,44,'2014-05-06 17:03:45','2014-12-04 11:32:54',270,'Sica Termomagnetico 2x25A*',7,114.23,1,7,0),(271,7,1,44,'2014-05-06 17:07:15','2014-12-04 11:23:05',271,'Sica Termomagnetico 1x63A*',2,88.53,1,1,0),(272,7,1,44,'2014-05-06 17:09:24','2014-12-04 11:33:20',272,'Sica Termomagnetico 1x25A*',2,52.88,1,2,0),(273,7,1,44,'2014-05-06 17:11:32','2014-12-04 11:19:08',273,'Sica Termomagnetico 3x32A*',1,196.51,1,0,0),(274,7,1,44,'2014-05-06 17:37:57','2014-12-04 11:31:51',274,'Sica Diferencial 2x40A*',4,481.99,1,2,0),(275,7,1,44,'2014-05-06 17:46:09','2014-12-04 16:02:00',275,'Siemens Termomagnetico 2x16A*',3,0,1,0,0),(276,7,1,44,'2014-05-06 18:02:02','2014-12-04 16:06:01',276,'Siemens Termomagnetico 2x40A*',2,0,1,0,0),(277,7,1,44,'2014-05-06 18:05:12','2014-12-04 15:48:33',277,'Siemens Termomagnetico 1x10A*',2,0,1,0,0),(278,7,1,44,'2014-05-06 18:08:44','2014-12-04 16:08:18',278,'Siemens Termomagnetico 3x100A*',1,0,1,0,0),(279,7,1,44,'2014-05-06 18:10:59','2014-12-04 16:12:38',279,'Siemens Termomagnetico 3x20A*',1,0,1,0,0),(280,7,1,44,'2014-05-06 18:13:10','2014-12-04 16:13:34',280,'Siemens Termomagnetico 4x16A*',2,0,1,0,0),(281,7,1,44,'2014-05-06 18:14:43','2014-12-04 16:14:43',281,'Siemens Termomagnetico 4x63A*',1,0,1,0,0),(282,7,1,44,'2014-05-06 18:16:40','2014-12-04 15:45:12',282,'Siemens Diferencial 2x80A*',2,0,1,0,0),(283,7,1,44,'2014-05-06 18:25:04','2014-12-04 17:09:15',283,'Schneider Termomagnetico 2x32A*',1,194.66,1,1,0),(284,7,1,44,'2014-05-06 18:27:55','2015-01-09 16:33:37',284,'Schneider Termomagnetico 2x10A*',25,177.6,1,4,0),(285,7,1,44,'2014-05-06 18:30:20','2015-01-08 18:30:56',285,'Schneider Termomagnetico 3x16A*',5,338.41,1,4,0),(286,7,1,44,'2014-05-06 18:38:41','2014-12-04 16:50:35',286,'Schneider Termomagnetico 3x80A*',3,0,1,0,0),(287,7,1,44,'2014-05-06 18:41:50','2014-12-04 17:09:52',287,'Schneider Termomagnetico 4x16*',1,373.25,1,1,0),(288,7,1,44,'2014-05-06 18:46:37','2015-01-08 18:30:56',288,'Horario Schneider bipolar*',2,601.99,1,1,0),(289,7,1,44,'2014-05-06 18:50:53','2014-12-04 15:44:18',289,'Siemens Diferencial 2x40A*',2,0,1,0,0),(290,7,1,44,'2014-05-06 18:52:19','2014-12-04 16:14:19',290,'Siemens Termomagnetico 4x40A*',2,0,1,0,0),(291,7,1,26,'2014-05-06 18:54:54','2014-11-27 17:22:44',291,'Sin proteccion Schneider 20A',5,154.8,1,5,0),(292,7,1,44,'2014-05-06 18:56:34','2014-12-04 11:29:09',292,'Sica Termomagnetico 4x63A*',1,413.46,1,1,0),(293,7,1,44,'2014-05-07 15:37:50','2014-12-05 08:53:38',293,'Diferencial 4x25A Baw*',2,0,1,0,0),(294,7,1,44,'2014-05-07 15:39:47','2014-12-05 08:54:36',294,'Diferencial 2x40A Baw*',1,0,1,0,0),(295,7,1,44,'2014-05-07 15:41:32','2014-12-05 08:55:50',295,'Baw Termomagnetico 2x32A*',1,0,1,0,0),(296,7,1,44,'2014-05-07 15:51:25','2014-12-05 08:56:32',296,'Baw Termomagnetico 1x40A*',1,0,1,0,0),(297,7,1,26,'2014-05-07 16:00:19','2014-12-05 08:52:57',297,'Baw Sin proteccion 1x100A*',1,0,1,0,0),(298,7,1,44,'2014-05-07 16:08:52','2014-12-04 17:08:51',298,'Schneider Termomagnetico 2x20A*',1,0,1,1,0),(299,6,1,12,'2014-05-07 16:10:41','2015-01-08 18:30:56',299,'Schneider bipolar 25A Bovina 220A*',2,815.4,1,1,0),(300,7,1,44,'2014-05-07 16:21:17','2014-12-05 09:08:31',300,'Termomagnetico 2x63A Interelec',3,0,0,0,0),(301,7,1,44,'2014-05-07 16:23:57','2014-12-05 11:24:36',301,'Termomagnetico 2x40A AEG*',1,0,1,0,0),(302,7,1,44,'2014-05-07 16:26:34','2014-12-05 11:21:43',302,'Termomagnetico 1x20A AEG*',1,0,1,0,0),(303,7,1,44,'2014-05-07 16:27:57','2014-12-05 11:23:15',303,'Termomagnetico 1x63A AEG*',1,0,1,0,0),(304,7,1,44,'2014-05-07 16:29:08','2014-12-05 11:20:11',304,'Termomagnetico 1x16A AEG*',2,0,1,0,0),(305,7,1,44,'2014-05-07 16:30:15','2014-05-07 16:30:15',305,'Termomagnetico 1x25A NANTE',1,0,1,0,0),(306,7,1,44,'2014-05-08 17:13:31','2014-12-04 11:45:47',306,'Steck Termomagnetico 1x10A*',2,62.4,1,1,0),(307,7,1,44,'2014-05-08 17:14:52','2014-12-04 11:43:54',307,'Steck Termomagnetico 1x16A*',8,40.55,1,2,0),(308,7,1,44,'2014-05-08 17:16:06','2014-07-10 08:58:08',308,'Weg Termomagnetico 1x20A',1,0,1,1,0),(309,7,1,44,'2014-05-08 17:17:14','2014-12-05 11:25:45',309,'General Electric Termomagnetico 2x20A*',1,0,1,0,0),(310,7,1,44,'2014-05-08 17:18:53','2014-12-05 11:26:26',310,'Sassin Termomagnetico 4x20A*',1,0,1,0,0),(311,7,1,44,'2014-05-08 17:20:00','2014-12-04 11:45:14',311,'Steck Termomagnetico 1x20A*',6,0,1,1,0),(312,7,1,44,'2014-05-08 17:21:08','2014-12-04 11:46:15',312,'Steck Termomagnetico 2x10A*',0,0,1,0,0),(313,7,1,44,'2014-05-08 17:22:23','2014-12-04 11:46:46',313,'Steck Termomagnetico 4x20A*',1,0,1,0,0),(314,7,1,44,'2014-05-08 17:23:45','2014-12-04 11:42:39',314,'Diferencial 4x40A Steck*',1,0,1,0,0),(315,7,1,44,'2014-05-08 17:24:52','2014-12-04 16:44:55',315,'Schneider Termomagnetico 3x10A*',4,0,1,0,0),(316,6,1,12,'2014-05-09 11:49:00','2014-12-04 11:49:32',316,'Steck 18A Bovina 220A*',1,0,1,0,0),(317,16,1,1,'2014-05-09 11:52:09','2014-05-09 11:55:12',317,'Base y toma 32A kalop',1,0,1,0,0),(318,16,1,66,'2014-05-12 07:31:49','2014-05-12 07:31:49',318,'Base y toma 32A Plasnavi',1,0,1,0,0),(319,16,1,66,'2014-05-12 07:33:22','2014-05-19 17:01:06',319,'Toma Kalop 16A',1,0,1,0,0),(320,1,1,1,'2014-05-12 07:34:16','2014-05-12 07:34:16',320,'Cajas de seguridad',2,0,1,0,0),(321,4,1,67,'2014-05-13 11:12:45','2014-10-23 18:12:44',321,'Pvc 22mm*',65,0,1,0,0),(322,4,1,67,'2014-05-13 11:13:53','2015-01-10 09:57:25',322,'Pvc 20mm*',368,1.87,1,188,0),(323,4,1,67,'2014-05-13 11:14:38','2015-01-10 09:57:10',323,'Pvc 25mm*',2306,4.47,1,167,0),(324,4,1,54,'2014-05-13 11:16:02','2014-07-11 16:55:18',324,'Rapida pvc 20mm',3,1.93,1,1,0),(325,4,1,13,'2014-05-13 11:20:28','2014-10-23 18:33:40',325,'Pvc 22mm*',49,0,1,0,0),(326,4,1,13,'2014-05-13 11:23:50','2014-12-10 11:06:44',326,'Pvc 32mm*',3,19.04,1,0,0),(327,4,1,67,'2014-05-13 11:24:57','2014-07-16 10:52:12',327,'Delga 7/8',98,9.01,1,0,0),(328,4,1,54,'2014-05-13 11:27:11','2014-05-13 11:27:11',328,'Rapida metal 7/8',45,0,1,0,0),(329,4,1,54,'2014-05-13 11:42:28','2014-05-13 11:42:28',329,'Rapida metal 1 ½',5,0,1,0,0),(330,4,1,54,'2014-05-13 11:45:14','2014-05-13 11:45:14',330,'Rapida metal 1\"',53,0,1,0,0),(331,4,1,67,'2014-05-13 15:56:38','2014-11-03 18:43:59',331,'Delga metal 3/4',215,3.95,1,4,0),(332,4,1,67,'2014-05-13 15:58:38','2014-05-19 15:46:29',332,'Delga metal 5/8',32,0,1,0,0),(333,4,1,67,'2014-05-13 16:00:09','2014-07-16 10:51:41',333,'Delga metal 1 ¼',11,16.66,1,0,0),(334,4,1,67,'2014-05-13 16:01:59','2014-05-13 16:01:59',334,'Delga metal 1½',14,0,1,0,0),(335,4,1,67,'2014-05-13 16:03:45','2014-07-16 10:50:23',335,'Delga metal 1\"',243,9.36,1,0,0),(336,4,1,54,'2014-05-13 16:05:38','2014-05-13 16:05:38',336,'Rapida 1¼',17,0,1,0,0),(337,4,1,54,'2014-05-13 16:38:33','2014-05-13 16:38:33',337,'Rapida 3/4',15,0,1,0,0),(338,4,1,54,'2014-05-13 16:39:20','2014-05-13 16:39:20',338,'Rapida 5/8',7,0,1,0,0),(339,4,1,67,'2014-05-13 16:40:29','2015-01-09 09:07:05',339,'Pvc 50mm*',11,35.31,1,6,0),(340,4,1,67,'2014-05-13 16:42:09','2014-10-23 17:58:01',340,'Pvc 1½',5,0,0,0,0),(341,4,1,67,'2014-05-13 16:45:56','2015-01-09 09:07:05',341,'Pvc 32mm*',8,19.26,1,1,0),(342,2,1,68,'2014-05-13 16:57:04','2014-12-09 11:17:29',342,'Fluorescente 36w',34,18.5,1,23,0),(343,2,1,68,'2014-05-13 16:57:55','2014-11-19 17:00:16',343,'Fluorescente 58w',182,36.15,1,119,0),(344,11,1,63,'2014-05-13 16:59:36','2014-08-01 11:31:10',344,'Embutir ET020/1 Lucciola blanco',4,0,0,0,0),(345,6,1,14,'2014-05-13 17:01:24','2014-05-13 17:02:19',345,'Panel digital socomec Diris A20 para tablero',1,0,1,0,0),(346,11,1,69,'2014-05-13 18:12:26','2014-05-13 18:12:26',346,'Autonomo de emergencia 1603',14,0,1,0,0),(347,11,1,69,'2014-05-13 18:15:30','2014-06-03 18:03:06',347,'Autonomo de emergencia 1605',21,0,1,0,0),(348,11,1,69,'2014-05-13 18:16:23','2014-05-13 18:16:23',348,'Autonomo de emergencia 1601',4,0,1,0,0),(349,11,1,70,'2014-05-13 18:20:08','2014-08-27 16:01:03',349,'A led modelo 9705L(salida)',9,0,1,1,0),(350,20,1,63,'2014-05-13 18:21:11','2014-07-30 10:44:52',350,'Spot\"MINI\" 532 Lucciola para lampara bipin.blanco',3,0,1,0,0),(351,11,1,63,'2014-05-13 18:23:19','2014-07-22 16:53:57',351,'Spot codigo 580 color Satin Nickel',9,0,0,0,0),(352,20,1,63,'2014-05-13 18:25:50','2014-08-01 11:20:14',352,'Spot dicro movil \"SER\" modelo 306 Lucciola.',9,0,1,1,0),(353,20,1,63,'2014-05-13 18:27:50','2014-08-01 11:10:15',353,'Spot dicro movil \"ALA RECTA\" modelo E240 Candil',2,0,1,0,0),(354,20,1,63,'2014-05-13 18:29:38','2014-08-01 11:27:30',354,'Spot dicro E50/1 Candil.Platil',1,0,1,0,0),(355,11,1,63,'2014-05-14 10:21:26','2014-08-01 11:29:35',355,'Cuadrado 35x35 p/lampara B.C',1,0,0,0,0),(356,20,1,63,'2014-05-14 10:22:55','2014-07-31 17:50:08',356,'Embutir p/lampara PL_C 3x26',10,0,0,0,0),(357,11,1,63,'2014-05-14 10:24:43','2014-08-01 11:30:01',357,'Embutir Energy226 XVB con vidrio serigrafiado',23,0,0,0,0),(358,20,1,63,'2014-05-14 10:26:46','2014-08-01 11:28:13',358,'Bidireccional \"DUPLO\"PR265 Lucciola p/ lampara tipo cuarzo 150W',1,0,1,0,0),(359,11,1,63,'2014-05-14 10:28:01','2014-07-30 10:40:16',359,'Embutir modelo ET036',6,0,0,0,0),(360,11,1,63,'2014-05-14 10:29:23','2014-08-01 11:32:07',360,'Embutir modelo c-336 DP/90X color blanco',2,0,0,0,0),(361,11,1,63,'2014-05-14 10:30:54','2014-08-01 11:40:52',361,'Tipo bajo piso pero con mensula modelo EP008',1,0,0,0,0),(362,11,1,71,'2014-05-14 10:33:32','2014-05-14 10:35:38',362,'Recargable sellada Niquel Cadmio 6v',6,0,1,0,0),(363,20,1,63,'2014-05-14 10:37:29','2014-07-30 10:41:37',363,'Embutir con lampara LED modelo DL-15X3W-W-30',1,0,1,0,0),(364,20,1,63,'2014-05-14 10:38:35','2014-08-01 11:40:02',364,'Bidereccional L-VP-2005 color blanco',1,0,1,0,0),(365,20,1,63,'2014-05-14 10:40:26','2014-07-30 10:42:32',365,'Embutir\"SIGNO\"546 Lucciola blanco.',5,0,1,0,0),(366,11,1,63,'2014-05-14 10:42:34','2014-07-24 18:17:01',366,'Modelo T521 zocalo E27 color blanco',1,0,0,0,0),(367,10,1,1,'2014-05-14 16:03:41','2014-05-14 16:03:41',367,'Base para camara de video',1,0,1,0,0),(368,15,1,55,'2014-05-14 16:05:37','2014-05-14 16:05:37',368,'Cambre',22,0,1,0,0),(369,15,1,56,'2014-05-14 16:06:36','2014-05-14 16:06:36',369,'Para bastidor Cambre',7,0,1,0,0),(370,8,1,43,'2014-05-14 16:07:56','2014-05-14 16:07:56',370,'Punto Cambre',6,0,1,0,0),(371,8,1,43,'2014-05-14 16:09:10','2014-05-15 15:54:51',371,'Toma Cambre',17,0,1,0,0),(372,20,1,63,'2014-05-14 16:10:08','2014-07-30 17:08:54',372,'Bidireccional \"MULTIPLA\"PR271XEL Lucciola',1,0,1,0,0),(373,12,1,1,'2014-05-14 16:13:31','2014-05-14 16:13:31',373,'Campanilla p/timbre/alarma J64-150',1,0,1,0,0),(374,6,1,21,'2014-05-14 16:15:07','2014-05-14 16:15:07',374,'Steck p/embutir 38x47x19',1,0,1,0,0),(375,6,1,21,'2014-05-14 17:13:31','2014-05-14 17:13:31',375,'Para embutir 30x30x15',1,0,1,0,0),(376,6,1,21,'2014-05-14 17:14:17','2014-05-14 17:14:17',376,'Para embutir 30x30x10',1,0,1,0,0),(377,6,1,21,'2014-05-14 17:15:08','2014-05-14 17:15:08',377,'Para embutir 30x33x10',1,0,1,0,0),(378,4,1,22,'2014-05-14 17:16:45','2014-12-04 10:39:46',378,'Pvc Estanca IP 65 9X9X5 cm*',13,12.49,1,8,0),(379,4,1,22,'2014-05-14 17:17:57','2014-10-29 15:32:42',379,'Pvc Estanca 9x9x4 cm*',2,21.47,0,0,0),(380,4,1,22,'2014-05-14 17:23:45','2014-09-24 16:04:18',380,'Metalica de conexion 20x30x10',1,192.49,1,1,0),(381,4,1,22,'2014-05-14 17:25:45','2014-05-14 17:25:45',381,'Metalica de conexion 40X20X10',1,0,1,0,0),(382,4,1,22,'2014-05-14 18:00:03','2014-06-30 17:24:31',382,'Metalica de conexion 10x20x30',1,0,0,0,0),(383,4,1,22,'2014-05-14 18:03:18','2014-05-14 18:03:18',383,'Metalica de conexion 30x30x10',1,0,1,0,0),(384,4,1,21,'2014-05-14 18:06:50','2014-08-07 09:53:57',384,'Metalico serie 9000 450x600x100*',1,0,1,0,0),(385,4,1,21,'2014-05-15 10:55:23','2014-08-07 09:30:06',385,'Metalico serie 9000 450x300x100*(tiene 2 agujeros)',1,0,1,0,0),(386,4,1,22,'2014-05-15 10:58:09','2014-07-16 10:27:08',386,'Pvc para embutir rectangular color negro SIN TAPA',4,4.3,1,0,0),(387,4,1,21,'2014-05-15 11:01:37','2014-05-15 11:01:37',387,'Metalico Exterior 30x45x18 color negro',1,0,1,0,0),(388,6,1,14,'2014-05-15 11:08:22','2014-05-15 11:08:22',388,'Contra tapa de gabinete 54x45',2,0,1,0,0),(389,6,1,14,'2014-05-15 11:29:51','2014-05-15 11:29:51',389,'Contra tapa de gabinete 26x30',1,0,1,0,0),(390,6,1,14,'2014-05-15 11:34:49','2014-05-15 11:34:49',390,'Contra tapa de gabinete 30x30',1,0,1,0,0),(391,6,1,14,'2014-05-15 15:19:59','2014-05-15 15:19:59',391,'Contra tapa de gabinete 30x20',2,0,1,0,0),(392,6,1,14,'2014-05-15 15:20:59','2014-05-15 15:20:59',392,'Contra tapa de gabinete 26x24',1,0,1,0,0),(393,6,1,14,'2014-05-15 15:23:31','2014-05-15 15:23:31',393,'Contra tapa de gabinete 54x24',2,0,1,0,0),(394,6,1,14,'2014-05-15 15:24:35','2014-05-15 15:24:35',394,'Contra tapa de gabinete 40x45',1,0,1,0,0),(395,6,1,14,'2014-05-15 15:26:10','2014-05-15 15:26:10',395,'Contra tapa de gabinete 49x24',1,0,1,0,0),(396,8,1,57,'2014-05-15 15:56:34','2014-05-15 15:56:34',396,'Para RJ11 telefonico Cambre',26,0,1,0,0),(397,8,1,26,'2014-05-16 11:39:09','2014-05-16 11:39:09',397,'Toma doble 16A Schuko',17,0,1,0,0),(398,18,1,72,'2014-05-16 11:42:28','2014-10-07 18:10:07',398,'2 Bocas',2,47.32,1,1,0),(399,8,1,57,'2014-05-16 11:43:35','2014-06-23 15:46:55',399,'Cambre color blanco',38,0,1,0,0),(400,18,1,72,'2014-05-16 11:44:34','2014-08-06 16:36:47',400,'3 Bocas',2,0,1,0,0),(401,18,1,13,'2014-05-16 11:46:01','2014-08-06 16:51:00',401,'Plana para unicanal',3,0,1,0,0),(402,18,1,109,'2014-05-16 11:50:48','2015-01-10 09:58:07',402,'Bastidor para unicanal',116,32.04,1,6,0),(403,15,1,56,'2014-05-16 11:52:50','2014-11-13 08:24:40',403,'Para bastidor JBO 6 bocas',29,12.57,1,18,0),(404,11,1,69,'2014-05-16 11:55:38','2014-05-16 11:55:38',404,'Tipo bandeja 2x18/20W',16,0,1,0,0),(405,11,1,69,'2014-05-16 11:56:59','2014-05-16 11:56:59',405,'Tipo bandeja 1x18/20W',4,0,1,0,0),(406,11,1,69,'2014-05-16 12:00:11','2014-05-29 17:45:18',406,'Auxiliar tipo bandeja para lampara halogena70W',6,0,1,0,0),(407,11,1,38,'2014-05-16 12:02:34','2014-06-17 11:11:20',407,'Para lampara sodio 150W',3,0,1,0,0),(408,17,1,42,'2014-05-19 17:29:14','2015-01-08 18:30:56',408,'Aisladora Scotch 3M 20 metros c/u',13,14.72,1,11,0),(409,17,1,42,'2014-05-19 17:30:23','2014-05-19 17:30:23',409,'De peligro',2,0,1,0,0),(410,17,1,74,'2014-05-19 17:36:10','2014-06-06 08:06:28',410,'Corte metal 7\" Makita',3,0,1,0,0),(411,17,1,74,'2014-05-19 17:37:41','2014-05-19 17:37:41',411,'Desvaste 7\" Tyrolit',1,0,1,0,0),(412,17,1,73,'2014-05-19 18:23:12','2014-06-26 07:52:55',412,'Carpintero',1,0,1,0,0),(413,17,1,76,'2014-05-19 18:27:30','2014-07-02 15:48:59',413,'De sierra 32 dientes',1,0,1,0,0),(414,17,1,74,'2014-05-19 18:28:53','2014-05-19 18:28:53',414,'Segmentado Corte pared 4,5\" Patroll',2,0,1,0,0),(415,17,1,74,'2014-05-19 18:32:02','2014-05-19 18:32:02',415,'Corte madera 4,5\"',1,0,1,0,0),(416,17,1,74,'2014-05-19 18:33:46','2014-05-20 15:19:58',416,'Segmentado Corte pared 7\" Patroll',0,0,1,0,0),(417,17,1,75,'2014-05-19 18:34:48','2014-05-19 18:34:48',417,'Copa para madera varias medidas en una',1,0,1,0,0),(418,17,1,75,'2014-05-19 18:36:56','2014-05-19 18:36:56',418,'Copa para metal 95mm Bosch con guia',1,0,1,0,0),(419,17,1,75,'2014-05-19 18:37:57','2014-05-19 18:37:57',419,'Copa para metal 89mm Makita',1,0,1,0,0),(420,17,1,75,'2014-05-19 18:43:44','2014-06-17 18:08:12',420,'Widia 6mmx10cm Fischer',5,0,1,0,0),(421,17,1,75,'2014-05-19 18:47:28','2014-05-19 18:47:28',421,'Widia 6mmx10cm SDS Fischer',2,0,1,0,0),(422,17,1,75,'2014-05-19 18:48:28','2014-05-19 18:48:28',422,'Widia 8mm x 10cm Fischer',3,0,1,0,0),(423,17,1,59,'2014-05-19 18:49:10','2014-05-19 18:49:10',423,'Para mecha copa',1,0,1,0,0),(424,17,1,75,'2014-05-19 18:50:07','2014-05-19 18:50:07',424,'Widia 8mm x 10cm SDS Fischer',3,0,1,0,0),(425,17,1,75,'2014-05-19 18:52:04','2014-05-19 18:52:04',425,'Punta para trabajar madera',1,0,1,0,0),(426,18,1,72,'2014-05-21 15:26:27','2014-05-21 15:26:27',426,'Metalico para toma schuko y telefonico',1,0,1,0,0),(427,5,1,77,'2014-05-21 15:34:37','2014-06-03 18:04:11',427,'De porcelana',16,0,1,0,0),(428,6,1,78,'2014-05-21 15:38:28','2014-05-21 15:38:28',428,'De transferencia manual p/grupo electrogeno,con 6 ojos de buey y 1 llave rotativa 3 posiciones',1,0,1,0,0),(429,16,1,15,'2014-05-21 15:43:04','2014-05-21 15:43:04',429,'Macho 3P+N+T 16A Steck',1,0,1,0,0),(430,16,1,15,'2014-05-21 15:47:54','2014-05-21 15:56:31',430,'Ficha hembra 3P+N+T Gewiss 16A',2,0,1,0,0),(431,16,1,15,'2014-05-21 15:49:04','2014-05-21 15:56:48',431,'Hembra 3P+N+T Steck 32A',1,0,1,0,0),(432,16,1,15,'2014-05-21 15:51:34','2014-05-21 15:51:34',432,'Macho 2P+T Gewiss 32A',1,0,1,0,0),(433,16,1,15,'2014-05-21 15:54:21','2014-05-21 15:54:21',433,'Hembra 3P+T Gewiss 32A',3,0,1,0,0),(434,16,1,15,'2014-05-21 15:58:10','2014-05-21 15:58:10',434,'Macho 3P Kalop 16A',1,0,1,0,0),(435,16,1,15,'2014-05-21 15:59:40','2014-05-21 15:59:40',435,'Hembra 3P Mig 16A',2,0,1,0,0),(436,16,1,15,'2014-05-21 16:01:35','2014-05-21 16:01:35',436,'Hembra 3P Kalop 32A',2,0,1,0,0),(437,11,1,63,'2014-05-21 16:03:34','2014-08-01 11:40:30',437,'Tapa de vidrio\"Ticar\"Art.7500ENS',2,0,0,0,0),(438,20,1,63,'2014-05-21 16:05:46','2014-07-31 18:19:14',438,'Spot dicro movil modelo 622 Lucciola',4,0,1,0,0),(439,11,1,63,'2014-05-21 16:07:21','2014-08-01 11:33:09',439,'Lucciola modelo Space PL022/1',4,0,0,0,0),(440,11,1,63,'2014-05-21 16:08:55','2014-08-01 11:32:45',440,'Lucciola modelo ET022 embutir',1,0,0,0,0),(441,11,1,63,'2014-05-21 16:10:41','2014-08-01 11:32:33',441,'Lucciola modelo EP020 zocalo GU10',2,0,0,0,0),(442,11,1,63,'2014-05-21 16:11:39','2014-07-30 11:40:40',442,'Bajo piso con rejilla',1,0,0,0,0),(443,11,1,63,'2014-05-21 16:12:34','2014-08-01 11:29:49',443,'Cuadrado con tapa de vidrio y aluminio',1,0,0,0,0),(444,11,1,63,'2014-05-21 16:13:31','2014-07-30 10:39:23',444,'Lucciola ENERGY con louver',4,0,0,0,0),(445,11,1,63,'2014-05-21 16:15:08','2014-07-30 10:39:45',445,'Lucciola modelo ET036',1,0,0,0,0),(446,11,1,63,'2014-05-21 16:15:59','2014-08-01 11:32:22',446,'Lucciola modelo EP008',1,0,0,0,0),(447,11,1,71,'2014-05-27 10:59:33','2014-10-27 18:06:33',447,'6v Atomlux',32,128,1,9,0),(448,11,1,68,'2014-05-27 11:00:41','2014-05-27 11:01:33',448,'Fluorescente 15W',3,0,1,0,0),(449,5,1,22,'2014-05-27 11:02:47','2015-01-08 18:30:56',449,'Inspeccion 15x15 fundición',3,245,1,1,0),(450,5,1,22,'2014-05-27 11:03:51','2015-01-08 18:30:56',450,'Inspeccion 15x15 Pvc',8,29.24,1,5,0),(451,19,1,79,'2014-05-27 11:08:57','2014-05-27 15:14:48',451,'De suspension  PKS-10 plastica',14,0,1,0,0),(452,19,1,79,'2014-05-27 15:19:24','2014-05-27 15:19:24',452,'De suspension con fusible mecanico PKS-10 CF',1,0,1,0,0),(453,19,1,50,'2014-05-27 15:21:21','2014-05-27 15:23:35',453,'De suspension  PKS-30',9,0,1,0,0),(454,19,1,80,'2014-05-27 15:22:36','2014-05-27 15:22:36',454,'Para poste con escote PKR-31',11,0,1,0,0),(455,19,1,50,'2014-05-27 15:27:06','2014-05-27 15:27:06',455,'De suspension chica PKS-31',1,0,1,0,0),(456,22,1,64,'2014-05-27 15:28:29','2014-12-09 16:35:13',456,'Para colgar campanas de aluminio',2,31,1,0,0),(457,19,1,25,'2014-05-27 18:33:57','2014-05-27 18:33:57',457,'Derivador 25 a 70mm metal',1,0,1,0,0),(458,19,1,81,'2014-05-27 18:41:08','2014-05-27 18:41:08',458,'De anclaje metalica PKD-20',3,0,1,0,0),(459,2,1,82,'2014-05-27 18:43:01','2014-07-19 11:41:52',459,'PL-L 36W',20,0,0,0,0),(460,4,1,22,'2014-05-27 18:44:53','2015-01-09 09:07:05',460,'Metalica Derivación 20x20x10 c/tapa*',2,137.1,1,1,0),(461,21,1,50,'2014-05-27 18:47:36','2014-06-19 18:14:37',461,'Para bandeja perforada 50mm',5,0,1,0,0),(462,21,1,50,'2014-05-27 18:49:19','2014-06-19 18:18:02',462,'Trapezoidal para bandeja 50mm',4,0,1,0,0),(463,2,1,82,'2014-05-27 18:52:42','2014-07-28 18:45:50',463,'AR-111 220V',6,127.82,1,0,0),(464,2,1,82,'2014-05-27 18:53:58','2014-08-22 15:37:47',464,'AR-111 12V',15,127.82,1,10,0),(465,2,1,82,'2014-05-27 18:56:20','2014-07-19 11:45:33',465,'Twister 23W luz calida',1,0,0,0,0),(466,2,1,82,'2014-05-27 18:58:54','2014-07-19 10:43:10',466,'B.C tipo Globo rosca edison 24W 230V',1,0,1,0,0),(467,2,1,82,'2014-05-27 19:00:07','2014-12-06 11:49:43',467,'Cuarzo 100W',28,31.33,1,7,0),(468,2,1,82,'2014-05-27 19:01:35','2014-07-19 10:20:31',468,'26W  G24d-3 Osram',1,0,0,0,0),(469,2,1,82,'2014-05-27 19:03:00','2014-07-19 10:20:08',469,'18W G24d-2 Osram',1,0,0,0,0),(470,22,1,82,'2014-05-28 15:21:54','2014-07-22 10:39:49',470,'B.C twister 65W rosca edison',1,0,1,0,0),(471,2,1,82,'2014-05-28 15:55:45','2014-07-19 11:15:46',471,'Eco Classic 42W rosca edison',1,0,1,0,0),(472,2,1,82,'2014-05-28 15:56:51','2014-07-19 11:44:11',472,'Tipo para heladera 60W',3,0,0,0,0),(473,2,1,82,'2014-05-28 15:57:55','2014-07-19 10:20:57',473,'40W conc R50 Sp40',2,0,0,0,0),(474,2,1,82,'2014-05-28 15:59:28','2014-07-19 11:13:35',474,'B.C Par 38 25W',2,0,1,0,0),(475,2,1,82,'2014-05-28 16:00:38','2014-07-19 10:24:20',475,'Halogena Pro Cassic 42W Velita',1,0,1,0,0),(476,11,1,63,'2014-05-28 16:02:47','2014-08-01 11:37:18',476,'Lumenac modelo 226B embutido zocalo G24',2,0,0,0,0),(477,20,1,63,'2014-05-28 16:04:42','2014-08-01 11:34:35',477,'Lumenac modelo 202B para Merc.Halog o Sodio alta presion 150W',1,0,1,0,0),(478,11,1,63,'2014-05-28 16:06:01','2014-08-01 11:37:33',478,'Lumenac modelo Brick 2E27N',1,0,0,0,0),(479,2,1,82,'2014-05-28 16:07:15','2014-07-19 11:03:53',479,'Master led 7W GU10 230-240V',22,0,0,0,0),(480,2,1,82,'2014-05-28 16:07:59','2014-12-15 16:40:32',480,'Cuarzo 500W',5,31.39,1,3,0),(481,2,1,82,'2014-05-28 17:11:46','2014-07-19 11:16:43',481,'Legendlite halogena GU10 50W 220V',11,0,0,0,0),(482,2,1,82,'2014-05-29 09:03:56','2014-07-19 11:39:50',482,'Dicro led Vossloh 3W 220v',3,0,1,0,0),(483,2,1,82,'2014-05-29 09:32:30','2014-07-19 10:42:05',483,'Bajo consumo T3 E27 25W 220V',2,0,0,0,0),(484,2,1,82,'2014-05-29 09:34:09','2014-07-19 11:02:09',484,'Dicro Led 1.8W 220V',5,0,1,0,0),(485,2,1,82,'2014-05-29 15:16:35','2014-07-19 10:53:45',485,'Dicro 20W 12V',2,14.16,1,0,0),(486,2,1,82,'2014-05-29 15:17:43','2014-12-09 10:34:50',486,'Dicro  50W 12V',11,14.16,1,10,0),(487,2,1,82,'2014-05-29 15:18:46','2014-07-19 10:38:32',487,'Bajo consumo 45W E27 Yarlux',2,0,0,0,0),(488,2,1,82,'2014-05-29 15:20:20','2014-07-19 10:38:58',488,'Bajo consumo 65W E27 Yarlux',1,0,0,0,0),(489,15,1,56,'2014-05-29 15:24:29','2014-05-29 15:24:29',489,'Para bastidor rectangular Exultt',9,0,1,0,0),(490,15,1,56,'2014-05-29 15:25:36','2014-05-29 17:05:15',490,'Para bastidor rectangular Sica',34,0,1,0,0),(491,15,1,56,'2014-05-29 15:29:50','2014-10-08 08:12:58',491,'Beige Para bastidor rectangular JBO',3,6.57,1,0,0),(492,15,1,56,'2014-05-29 15:56:16','2014-05-29 15:56:16',492,'Para bastidor 10x10 Plasnavi',2,0,1,0,0),(493,15,1,56,'2014-05-29 16:00:51','2014-05-29 16:00:51',493,'Para bastidor mignon Plasnavi',2,0,1,0,0),(494,22,1,82,'2014-05-29 16:01:34','2014-10-27 18:44:30',494,'Sodio 250w Tubular rosca goliat.',16,230.34,1,1,0),(495,2,1,82,'2014-05-29 16:03:24','2014-07-19 11:41:17',495,'PL-C 9W 2 pines',3,0,1,0,0),(496,2,1,82,'2014-05-29 16:04:28','2014-07-19 11:08:17',496,'G23 7W Osram',4,0,0,0,0),(497,2,1,82,'2014-05-29 16:05:50','2014-07-19 11:09:44',497,'PL-C 4P 26W Philips',3,0,0,0,0),(498,2,1,68,'2014-05-29 16:08:41','2014-10-27 17:53:17',498,'Fluorescente 18-20W',13,18.5,1,7,0),(499,22,1,82,'2014-05-29 16:59:00','2014-08-29 08:38:32',499,'Sodio 400W Ovalada rosca goliat',3,204.43,1,1,0),(500,20,1,63,'2014-05-29 16:59:57','2014-10-21 09:26:35',500,'Tipo Tortuga redondo de chapa con reja de alambre.(Rojo)',2,149.76,1,1,0),(501,20,1,63,'2014-05-29 17:00:55','2014-08-01 11:43:04',501,'Tipo Tortuga de fundición oval chico blanco',2,149.76,1,1,0),(502,15,1,55,'2014-05-29 17:03:11','2014-05-29 17:03:11',502,'Mignon Sica',6,0,1,0,0),(503,8,1,43,'2014-05-29 17:06:02','2014-05-29 17:06:02',503,'Ciego blanco Sica',32,0,1,0,0),(504,8,1,43,'2014-05-29 17:10:38','2014-05-29 17:10:38',504,'Toma 10A Sica',1,0,1,0,0),(505,8,1,43,'2014-05-29 17:11:28','2014-05-29 17:11:28',505,'Punto Sica',2,0,1,0,0),(506,11,1,38,'2014-05-29 17:43:39','2014-05-29 17:43:39',506,'Sodio 250w Wamco',2,0,1,0,0),(507,11,1,38,'2014-05-29 17:46:16','2014-07-16 17:20:39',507,'Para 70W',2,434.64,1,0,0),(508,19,1,83,'2014-05-29 17:57:15','2014-05-29 17:57:15',508,'Suspension ojal abierto',3,0,1,0,0),(509,6,1,21,'2014-05-29 18:01:27','2014-06-27 16:43:23',509,'Pvc estanco 285x380x185',1,0,0,0,0),(510,6,1,21,'2014-05-29 18:05:51','2014-05-29 18:07:49',510,'Metalico estanco 300x600x100 c/contrafrente calado p/15 bip',1,0,1,0,0),(511,6,1,21,'2014-05-29 18:11:42','2014-05-29 18:11:42',511,'Metalico estanco 300x450x100mm',1,0,1,0,0),(512,6,1,78,'2014-05-29 18:38:03','2014-05-29 18:38:03',512,'Para bomba(2 llave conmutadora+1 llave rotativa+2 pulsador parada/arranque)NUEVO',1,0,1,0,0),(513,6,1,78,'2014-05-29 18:38:56','2014-05-29 18:38:56',513,'Transferencia con 2 llaves conmutadoras',1,0,1,0,0),(514,6,1,24,'2014-05-30 16:47:57','2014-05-30 16:47:57',514,'Continua 10A',10,0,1,0,0),(515,4,1,22,'2014-06-03 16:42:03','2014-06-30 17:09:34',515,'Derivacion 10x10x7cm metal',21,0,0,0,0),(516,4,1,22,'2014-06-03 16:51:43','2014-09-05 11:50:39',516,'Rectangular embutir pvc conexion',211,4.3,1,10,0),(517,4,1,22,'2014-06-03 16:56:06','2014-09-05 11:58:51',517,'10x10cm embutir de Pvc',51,8.49,1,0,0),(518,18,1,72,'2014-06-03 17:25:07','2014-06-03 17:25:07',518,'Metalico 8 Bocas Milano',9,0,1,0,0),(519,18,1,55,'2014-06-03 17:26:38','2014-06-03 17:27:11',519,'Mignon para periscopio metalico Milano',87,0,1,0,0),(520,18,1,43,'2014-06-03 17:28:05','2014-06-03 17:28:05',520,'Toma para periscopio metalico Milano',17,0,1,0,0),(521,21,1,50,'2014-06-03 17:29:47','2014-06-19 18:08:30',521,'Liviana para bandeja portacable 50mm',20,0,1,0,0),(522,21,1,50,'2014-06-03 17:55:17','2014-06-19 18:12:47',522,'Para bandeja perforada 200mm',11,0,1,0,0),(523,21,1,50,'2014-06-03 17:58:41','2014-06-19 18:09:45',523,'Para bandeja perforada 100mm',16,0,1,0,0),(524,6,1,21,'2014-06-03 18:06:11','2014-06-03 18:06:11',524,'Estanco metal serie 9000 c/contrafrente calado sistema din(300x600x100)p/15 bipolares',1,0,1,0,0),(525,6,1,21,'2014-06-03 18:32:08','2014-06-03 18:32:08',525,'Estanco metal serie 9000(600x750x150)',1,0,1,0,0),(526,6,1,21,'2014-06-03 18:33:38','2014-09-24 16:04:18',526,'Estanco GR23 285X380X185 PVC',14,0,1,2,0),(527,6,1,21,'2014-06-03 18:36:49','2014-06-03 18:36:49',527,'Estanco metal serie 9000(300x300x150)',1,0,1,0,0),(528,6,1,21,'2014-06-03 18:39:37','2014-06-03 18:39:37',528,'Estanco metal serie 9000 c/contrafrente(600x750x100)',1,0,1,0,0),(529,6,1,21,'2014-06-03 18:41:59','2014-06-03 18:41:59',529,'Estanco metal (600x650x100)Está agujereado',1,0,1,0,0),(530,3,2,84,'2014-06-05 15:49:45','2014-09-10 15:50:36',530,'Unipolar 16mm VERDE/AMARILLO',133,36.19,1,20,0),(531,3,2,84,'2014-06-05 15:51:48','2015-01-08 18:30:56',531,'Unipolar 6mm VERDE/AMARILLO',755,13.06,1,195,0),(532,3,2,84,'2014-06-05 16:09:55','2014-09-11 15:45:57',532,'Unipolar 4mm VERDE/AMARILLO',66,8.84,1,56,0),(533,3,2,84,'2014-06-05 16:11:15','2015-01-10 09:34:44',533,'Unipolar 2,5mm VERDE/AMARILLO',868,5.69,1,410,0),(534,3,2,84,'2014-06-05 16:13:34','2014-12-18 09:19:28',534,'Unipolar 10mm ROJO',11,23.13,1,5,0),(535,3,2,84,'2014-06-05 16:17:42','2015-01-08 18:30:56',535,'Unipolar 6mm ROJO',281,13.06,1,33,0),(536,3,2,84,'2014-06-05 16:18:57','2014-12-17 10:36:59',536,'Unipolar 4mm ROJO',35,8.84,1,7,0),(537,3,2,84,'2014-06-05 16:22:21','2014-11-27 17:24:51',537,'Unipolar 16mm ROJO',8,36.19,1,4,0),(538,3,2,84,'2014-06-05 16:24:23','2015-01-10 09:10:25',538,'Unipolar 2,5mm ROJO',999,5.69,1,726,0),(539,3,2,84,'2014-06-05 16:25:56','2014-07-16 09:31:11',539,'Unipolar 35mm ROJO',14,80,1,0,0),(540,3,2,84,'2014-06-05 16:27:26','2014-12-02 16:15:34',540,'Unipolar 1,5mm ROJO',153,3.59,1,153,0),(541,3,2,84,'2014-06-05 16:32:10','2015-01-10 09:32:50',541,'Unipolar 4mm NEGRO',495,8.84,1,101,0),(542,3,2,84,'2014-06-05 16:33:20','2015-01-08 18:30:56',542,'Unipolar 6mm NEGRO',45,13.06,1,24,0),(543,3,2,84,'2014-06-05 16:34:30','2015-01-10 09:41:06',543,'Unipolar 2,5mm NEGRO',663,5.69,1,265,0),(544,3,2,84,'2014-06-05 16:35:32','2015-01-08 18:30:56',544,'Unipolar 1,5mm NEGRO',126,3.59,1,126,0),(545,3,2,84,'2014-06-05 16:37:21','2015-01-08 18:30:56',545,'Unipolar 6mm AZUL',298,13.06,1,132,0),(546,3,2,84,'2014-06-05 16:38:33','2014-12-18 09:19:28',546,'Unipolar 10mm AZUL',14,23.13,1,6,0),(547,3,2,84,'2014-06-05 16:40:09','2014-12-17 10:36:59',547,'Unipolar 4mm AZUL',40,8.84,1,22,0),(548,3,2,84,'2014-06-05 16:41:22','2015-01-09 09:07:05',548,'Unipolar 1,5mm AZUL',461,3.59,1,413,0),(549,3,2,84,'2014-06-05 16:43:25','2014-12-02 11:20:46',549,'Unipolar 4mm MARRON',273,8.84,1,214,0),(550,3,2,84,'2014-06-05 16:44:41','2015-01-08 18:30:56',550,'Unipolar 6mm MARRON',31,13.06,1,23,0),(551,3,2,84,'2014-06-05 16:45:44','2014-09-10 19:11:01',551,'Unipolar 2,5mm MARRON',31,5.69,1,31,0),(552,3,2,84,'2014-06-05 16:46:28','2014-12-18 09:19:28',552,'Unipolar 10mm MARRON',8,23.13,1,8,0),(553,3,2,84,'2014-06-05 16:48:16','2014-09-10 16:57:31',553,'Unipolar 2,5mm BLANCO',39,5.69,0,3,0),(554,3,2,84,'2014-06-05 16:49:54','2014-09-10 16:47:50',554,'Unipolar 4mm BLANCO',80,8.84,1,31,0),(555,3,2,84,'2014-06-05 16:51:00','2014-09-10 09:29:02',555,'Unipolar 10mm BLANCO',38,23.13,1,0,0),(556,3,2,84,'2014-06-05 16:52:16','2014-12-11 08:11:02',556,'Tipo Taller 2 x 2,5mm',76,14.78,1,26,0),(557,3,2,84,'2014-06-05 16:53:17','2014-12-11 08:09:37',557,'Sintenax 4 x 6mm',2,62.39,1,0,0),(558,3,2,84,'2014-06-05 16:54:49','2015-01-10 09:55:19',558,'Sintenax 3 x 2,5mm',732,22.72,1,525,0),(559,3,2,84,'2014-06-05 16:55:51','2015-01-08 18:30:56',559,'Sintenax 2x2,5mm',218,17.09,1,185,0),(560,3,2,84,'2014-06-05 16:56:45','2014-06-05 16:56:45',560,'Sintenax 5 x 1,5mm',1,0,1,0,0),(561,3,2,84,'2014-06-05 16:58:01','2014-06-16 10:28:32',561,'Sintenax 2 x 1,5mm',2,10.96,0,0,0),(562,3,2,84,'2014-06-05 16:59:48','2014-10-08 10:02:27',562,'Paralelo 2 x 1,5mm',28,7.21,1,2,0),(563,6,1,56,'2014-06-05 17:01:17','2014-06-05 17:01:49',563,'Para Gabinete metalico 310 x 340',1,0,1,0,0),(564,6,1,56,'2014-06-05 17:03:13','2014-06-05 17:03:13',564,'Para Gabinete metalico 300x450x225',1,0,1,0,0),(565,6,1,56,'2014-06-05 17:04:11','2014-06-05 17:04:11',565,'Para Gabinete metalico 400 x 300',1,0,1,0,0),(566,6,1,56,'2014-06-05 17:05:08','2014-06-05 17:05:08',566,'Para Gabinete metalico 600 x 750',1,0,1,0,0),(567,3,2,84,'2014-06-06 08:25:11','2014-10-08 10:03:00',567,'Cristal 2 x 1mm',8,5.66,1,0,0),(568,6,1,56,'2014-06-06 16:06:54','2014-06-06 16:06:54',568,'Contrafrente para gabinete 540x540',1,0,1,0,0),(569,6,1,56,'2014-06-06 16:08:16','2014-06-06 16:08:16',569,'Contrafrente para gabinete 520x500',1,0,1,0,0),(570,6,1,56,'2014-06-06 16:09:20','2014-06-06 16:09:20',570,'Contrafrente para gabinete 600x600',1,0,1,0,0),(571,6,1,56,'2014-06-06 16:10:28','2014-06-06 16:10:28',571,'Contrafrente para gabinete 400x400',1,0,1,0,0),(572,1,1,44,'2014-06-06 16:17:44','2015-01-08 18:30:56',572,'Automatico para tanque con cable de 1,5 mts',11,137.54,1,11,0),(573,7,1,44,'2014-06-06 16:21:27','2015-01-08 18:30:56',573,'Schneider Termomagnetico 4 x 25A*',5,499.69,1,2,0),(574,7,1,44,'2014-06-06 16:22:31','2015-01-08 18:30:56',574,'Schneider Termomagnetico 4 x 63A*',7,844.88,1,7,0),(575,7,1,44,'2014-06-06 16:23:40','2015-01-09 16:23:05',575,'Schneider Termomagnetico 2x25A*',18,161.02,1,13,0),(576,7,1,44,'2014-06-06 16:24:28','2015-01-08 18:30:56',576,'Schneider Termomagnetico 2 x 16A*',21,219.07,1,20,0),(577,7,1,44,'2014-06-06 16:26:27','2014-12-09 10:29:41',577,'Sica Termomagnetico 2 x 15A*',5,114.23,1,3,0),(578,6,1,88,'2014-06-06 16:27:26','2014-06-13 10:36:36',578,'Profesional 4 10 160A Elent',2,0,1,0,0),(579,11,1,85,'2014-06-06 16:29:45','2014-06-06 16:29:45',579,'Italavia p/Merc.Halog 250/400W y Sodio 50/400W',25,0,1,0,0),(580,22,1,63,'2014-06-06 16:33:18','2014-07-22 10:04:46',580,'Tipo campana industrial de aluminio con porta equipo',8,0,1,0,0),(581,11,1,63,'2014-06-06 17:02:07','2014-08-01 11:31:50',581,'Embutir fluorescente doble office 236DP/020',6,0,0,0,0),(582,22,1,63,'2014-06-06 17:03:14','2014-10-08 09:40:25',582,'AºPº c/protector de policarbonato 250W E40',1,375.87,1,0,0),(583,4,1,22,'2014-06-06 17:04:09','2015-01-09 18:46:40',583,'De conexion pvc 15x15x7',17,57.83,1,12,0),(584,18,1,1,'2014-06-06 17:05:00','2014-06-06 17:05:00',584,'Separadores para unicanal',4,0,1,0,0),(585,6,1,78,'2014-06-06 17:09:36','2014-12-02 11:19:58',585,'12 a 20 polos pvc',2,260.58,1,1,0),(586,5,1,22,'2014-06-06 17:11:09','2014-10-10 09:25:11',586,'Medidor trifásica',0,226.99,1,0,0),(587,4,1,22,'2014-06-06 17:13:16','2014-12-04 10:13:09',587,'Pvc estanco10x10x10 IP 56  (1 está perforada)*',11,32.99,1,8,0),(588,4,1,54,'2014-06-06 17:15:43','2014-06-06 17:15:43',588,'Rapida pvc 25mm',1,0,1,0,0),(589,2,1,82,'2014-06-11 18:19:06','2014-07-19 10:39:58',589,'Bajo consumo Philips 18W Luz dia.',6,49.67,0,0,0),(590,3,2,84,'2014-06-12 17:48:13','2015-01-10 09:10:31',590,'Unipolar 2,5 mm Azul',492,5.69,1,403,0),(591,11,1,65,'2014-06-13 09:28:40','2014-11-10 17:19:57',591,'Reduccion de rosca Goliat a rosca Edison.',5,31.46,1,2,0),(592,2,1,82,'2014-06-13 09:34:34','2014-07-19 10:40:25',592,'Bajo consumo Philps 105W rosca goliat Luz dia',16,0,0,0,0),(593,2,1,82,'2014-06-13 09:44:14','2014-07-19 10:39:29',593,'Bajo consumo Baw 105W rosca goliat Luz dia',3,0,0,0,0),(594,21,1,50,'2014-06-13 09:50:21','2014-07-29 16:17:22',594,'Trapezoidal 100mm',40,0,1,37,0),(595,21,1,50,'2014-06-13 09:50:58','2014-07-29 16:17:22',595,'Trapezoidal 150mm',12,0,1,11,0),(596,21,1,50,'2014-06-13 09:52:14','2014-07-29 16:17:22',596,'Trapezoidal 50mm',20,0,1,8,0),(597,21,1,87,'2014-06-13 09:58:21','2014-12-10 15:53:21',597,'Perforada 100mm x 3 metros',27,209.74,1,27,0),(598,21,1,87,'2014-06-13 09:59:41','2014-12-10 15:52:16',598,'Perforada 50mm x 3 metros',14,160.32,1,12,0),(599,15,1,56,'2014-06-13 10:03:30','2014-09-05 11:58:51',599,'Para bastidor JBO Platinium blanca',70,6.26,1,11,0),(600,15,1,56,'2014-06-13 10:04:21','2014-06-13 10:04:21',600,'Para bastidor JBO Platinium verde',50,0,1,0,0),(601,17,1,42,'2014-06-13 10:07:50','2014-06-13 10:07:50',601,'Para rotuladora Brother TZ 1/2',4,0,1,0,0),(602,2,1,6,'2014-06-13 10:15:52','2014-06-13 10:15:52',602,'250W Sica',1,0,1,0,0),(603,22,1,82,'2014-06-13 10:20:11','2014-07-22 10:42:13',603,'Mercurio Halogenado 250W rosca goliat',2,0,1,0,0),(604,22,1,63,'2014-06-13 10:22:26','2014-07-22 10:05:19',604,'Tipo proyector 150w para Sodio alta presion o Mercurio halogenado.',1,0,1,0,0),(605,2,1,82,'2014-06-13 10:24:32','2014-07-19 10:41:14',605,'Bajo consumo Philps 42W Luz Dia',2,0,0,0,0),(606,15,1,56,'2014-06-13 10:27:17','2014-06-13 10:27:17',606,'Para bastidor JBO Platinium Lila',10,0,1,0,0),(607,6,1,88,'2014-06-13 10:31:58','2014-11-27 17:22:44',607,'Profesional 4 12 125A Elent',5,364.64,1,1,0),(608,6,1,88,'2014-06-13 10:33:32','2015-01-08 18:30:56',608,'Profesional 4 7 125A Elent',4,303.29,1,4,0),(609,9,1,89,'2014-06-13 16:11:07','2014-06-13 17:44:37',609,'Plana 3/8 REFORZADA',100,0,1,0,0),(610,13,1,90,'2014-06-13 16:32:07','2014-06-13 16:32:07',610,'Poliuretano Fischer',1,0,1,0,0),(611,9,1,92,'2014-06-13 17:30:39','2015-01-10 09:52:36',611,'6mm',786,0.32,1,443,0),(612,9,1,92,'2014-06-13 17:31:21','2014-09-23 18:45:36',612,'8mm',223,0.3,1,178,0),(613,9,1,91,'2014-06-13 17:32:02','2015-01-10 09:31:48',613,'6mm',531,0.25,1,409,0),(614,9,1,91,'2014-06-13 17:32:35','2014-09-23 18:45:36',614,'8mm',215,0.2,1,170,0),(615,7,1,44,'2014-06-13 17:35:27','2014-12-04 15:45:48',615,'Siemens Diferencial 4x40A*',4,0,1,0,0),(616,4,1,56,'2014-06-13 17:40:10','2014-10-29 10:55:01',616,'Ciega 10x10 Genrod METAL*',16,4.65,1,11,0),(617,7,1,44,'2014-06-13 17:42:53','2014-12-04 16:03:36',617,'Siemens termomagnetico 2x20A*',1,0,1,0,0),(618,9,1,62,'2014-06-13 17:45:46','2014-06-13 17:45:46',618,'Dorada 3/8',100,0,1,0,0),(619,21,1,93,'2014-06-13 17:47:49','2014-08-27 16:01:03',619,'Clip para bandeja perforada',21,0,1,7,0),(620,13,1,42,'2014-06-13 17:48:44','2015-01-08 18:30:56',620,'Autosoldable 5mts',5,47.54,1,1,0),(621,13,1,94,'2014-06-13 17:55:40','2014-12-16 11:43:20',621,'Poxiran tipo jeringa',1,0,1,0,0),(622,20,1,63,'2014-06-13 18:15:27','2014-07-30 15:23:57',622,'Bajo Piso \"EOS\"EP.020 Lucciola',5,615,1,4,0),(623,20,1,63,'2014-06-13 18:16:54','2014-07-30 10:43:21',623,'EP 025 Lucciola (era stock Formosa)',5,968,1,5,0),(624,11,1,38,'2014-06-13 18:18:43','2014-06-13 18:18:43',624,'Electronico Philips p/ 2 lamparas PL-C/PL-L 26W',23,0,1,0,0),(625,3,2,84,'2014-06-13 18:25:10','2014-12-11 08:04:14',625,'Sintenax 2x6mm',80,35.69,1,45,0),(626,3,2,84,'2014-06-13 18:27:25','2014-12-11 18:13:01',626,'Sintenax 2x4mm',170,25.84,1,132,0),(627,3,2,84,'2014-06-13 18:33:03','2014-12-17 11:05:23',627,'Sintenax 2x1,5mm',237,11.78,1,197,0),(628,7,1,44,'2014-06-16 09:17:24','2014-12-04 11:32:11',628,'Diferencial Sica 4x40A*',1,872.83,1,1,0),(629,7,1,44,'2014-06-16 09:25:22','2014-12-04 11:23:41',629,'Sica termomagnetico 3 x 15A*',3,196.51,1,0,0),(630,7,1,44,'2014-06-16 09:28:13','2014-12-04 11:37:14',630,'Sica termomagnetico 1 x 15A*',3,52.88,1,3,0),(631,7,1,44,'2014-06-16 09:29:57','2014-12-04 11:20:51',631,'Sica termomagnetico 2 x 20A*',5,114.23,1,2,0),(632,7,1,26,'2014-06-16 09:33:01','2014-12-19 17:01:09',632,'Baw Sin protección 100A',7,0,0,7,0),(633,3,2,84,'2014-06-16 10:22:52','2014-09-10 16:25:10',633,'Unipolar 2,5mm CELESTE',127,5.69,0,64,0),(634,5,1,95,'2014-06-16 10:43:16','2015-01-08 18:30:56',634,'3/8 x 1 metro c/tomacable',6,48.83,1,6,0),(635,11,1,16,'2014-06-16 10:51:47','2014-09-18 10:20:14',635,'800W',2,64,1,1,0),(636,7,1,44,'2014-06-16 11:04:07','2014-12-04 11:36:50',636,'Sica termomagnetico 1 x 10A*',1,52.88,1,1,0),(637,6,1,26,'2014-06-16 11:23:42','2014-06-16 11:23:42',637,'Conmutadora 3 posiciones Vefben',1,0,1,0,0),(638,15,1,26,'2014-06-16 11:36:27','2014-09-23 17:17:47',638,'Toma doble 10A JBO COMPLETA',10,0,0,0,0),(639,15,1,26,'2014-06-16 11:37:47','2014-06-16 11:37:47',639,'Punto y Toma 10A JBO COMPLETA',2,0,1,0,0),(640,15,1,56,'2014-06-16 11:41:38','2015-01-10 09:54:13',640,'Ciega 15x15cm METAL*',50,30,1,32,0),(641,3,2,84,'2014-06-16 16:05:42','2015-01-08 18:30:56',641,'Unipolar 1,5mm BLANCO',95,3.59,1,85,0),(642,3,2,84,'2014-06-16 16:07:50','2014-10-17 15:44:59',642,'Prensamblado 4x6mm',8,61.03,1,8,0),(643,15,1,56,'2014-06-16 16:32:09','2014-06-16 16:34:59',643,'Para bastidor rectangular JBO PLATINUM color blanca',13,0,0,0,0),(644,8,1,43,'2014-06-16 16:39:13','2014-10-30 10:17:35',644,'Toma 10A blanco JBO linea PLATINUM*',66,11.04,1,66,0),(645,15,1,55,'2014-06-16 16:42:06','2014-06-16 16:42:06',645,'Cambre Lujo',4,0,1,0,0),(646,15,1,56,'2014-06-16 16:42:46','2014-06-16 16:42:46',646,'Cambre Lujo',4,0,1,0,0),(647,19,1,96,'2014-06-16 16:50:08','2014-12-10 07:58:59',647,'ACR 160A Sica',1,269.99,1,1,0),(648,5,1,29,'2014-06-16 16:53:55','2014-11-20 08:04:25',648,'NH 125A 00',6,91.08,1,6,0),(649,6,1,21,'2014-06-16 16:59:53','2014-06-16 16:59:53',649,'Metalico estanco 300x450x150 Genrod',1,0,1,0,0),(650,7,1,44,'2014-06-16 17:05:01','2014-12-04 11:52:23',650,'Weg Diferencial 2x25A*',7,0,1,4,0),(651,7,1,44,'2014-06-16 17:07:52','2014-12-04 11:54:03',651,'Weg Termomagnetico 2x16A*',19,0,1,10,0),(652,7,1,44,'2014-06-16 17:09:07','2014-12-04 11:55:14',652,'Weg Termomagnetico 2x25A*',3,0,1,2,0),(653,7,1,44,'2014-06-16 17:11:12','2014-12-04 11:54:30',653,'Weg Termomagnetico 2x10A*',2,0,1,1,0),(654,7,1,44,'2014-06-16 17:12:13','2014-12-04 11:54:59',654,'Weg Termomagnetico 1x16A*',6,0,1,3,0),(655,7,1,44,'2014-06-16 17:13:27','2014-12-04 11:57:06',655,'Weg Termomagnetico 3x20A*',7,0,1,7,0),(656,4,1,22,'2014-06-16 17:16:37','2014-07-29 17:22:17',656,'Din pvc p/12 polos con tapa',1,208.89,1,1,0),(657,20,1,63,'2014-06-16 17:48:04','2014-07-30 10:43:38',657,'Fluorescente 2x58W Lumenac Delta Regleta c/balasto sin capacitor',30,0,1,30,0),(658,22,1,63,'2014-06-16 17:54:01','2014-08-14 10:13:05',658,'Pantalla alumino 40cm San justo',6,0,1,6,0),(659,22,1,53,'2014-06-16 17:55:17','2014-08-14 10:13:05',659,'Para suspension pantalla San Justo',6,0,1,6,0),(660,21,1,87,'2014-06-16 17:58:24','2014-07-29 10:59:55',660,'Perforada 150mm x 3 metros',6,0,1,6,0),(661,21,1,54,'2014-06-16 18:06:48','2015-01-09 09:07:05',661,'Union para bandeja perforada*',180,11.58,1,155,0),(662,3,2,84,'2014-06-16 18:14:26','2014-10-09 07:31:15',662,'Sintenax 4 x 2,5mm',170,27.18,1,151,0),(663,3,2,84,'2014-06-16 18:18:27','2014-08-14 10:05:14',663,'Sintenax 3x4mm',370,31.72,1,370,0),(664,8,1,43,'2014-06-16 18:24:47','2014-07-29 17:26:41',664,'Ciego JBO linea PLATINUM',30,0,1,24,0),(665,4,1,22,'2014-06-16 18:27:47','2014-10-29 11:41:33',665,'Mignon Pvc',8,0,1,0,0),(666,4,1,98,'2014-06-16 18:34:27','2015-01-09 16:37:57',666,'20mm Pvc*',109,20.65,1,102,0),(667,15,1,26,'2014-06-16 18:41:41','2014-06-16 18:41:41',667,'Punto y toma 10A JBO linea PLATINUM COMPLETO',3,0,1,0,0),(668,15,1,26,'2014-06-16 18:42:34','2014-08-27 16:01:03',668,'Toma doble 10A JBO PLATINUM',16,0,1,9,0),(669,20,1,63,'2014-06-16 18:55:24','2014-08-27 16:01:03',669,'Office 3x36w embutir con louver Lumenac',14,0,1,2,0),(670,11,1,82,'2014-06-16 18:56:56','2014-07-19 10:48:06',670,'Dulux 36W 4pines Osram',6,0,0,0,0),(671,11,1,63,'2014-06-17 10:07:52','2014-07-30 15:51:58',671,'Energy Lumenac 2x26W con louver.',3,0,0,0,0),(672,2,1,82,'2014-06-17 10:09:36','2014-12-12 15:47:12',672,'PL-C 26W 2 pines',14,78.78,1,14,0),(673,20,1,63,'2014-06-17 10:12:21','2014-08-14 10:13:05',673,'Luz de emergencia 32 leds Dayton',6,0,1,6,0),(674,17,1,58,'2014-06-17 10:15:05','2014-08-14 09:03:39',674,'Negros 30cm',100,75.55,1,100,0),(675,3,2,84,'2014-06-17 10:19:08','2014-08-05 16:22:56',675,'Prensamblado 2x6mm',40,30.26,1,0,0),(676,11,1,97,'2014-06-17 10:22:48','2014-10-09 08:48:04',676,'Super 15-Abrond BCA-220V c/ trafo',2,114.49,1,0,0),(677,11,1,49,'2014-06-17 10:23:55','2014-06-17 10:45:15',677,'De presencia para pared 10A 230V',2,0,1,0,0),(678,4,1,98,'2014-06-17 10:25:17','2015-01-09 17:05:13',678,'25mm Pvc*',169,26.24,1,140,0),(679,22,1,63,'2014-06-17 10:39:05','2014-07-22 10:36:27',679,'Tipo proyector p/3 lamparas B.C roscas edison',1,0,1,0,0),(680,2,1,82,'2014-06-17 10:42:20','2014-07-19 10:37:06',680,'Bajo consumo 20W rosca edison  Luz dia',2,0,0,0,0),(681,2,1,82,'2014-06-17 10:43:15','2014-07-19 10:36:22',681,'Bajo consumo 20W rosca edison  Luz cálida',2,0,0,0,0),(682,11,1,49,'2014-06-17 10:44:45','2014-06-17 10:44:45',682,'De presencia p/Empotr 10A 230V',1,0,1,0,0),(683,22,1,82,'2014-06-17 11:10:40','2014-10-14 15:38:08',683,'Sodio 150W tubular  rosca goliat',1,194.1,1,0,0),(684,11,1,69,'2014-06-17 11:20:56','2014-09-24 16:04:18',684,'Auxiliar exterior p/Mercurio Halogenado 400W',7,1104.04,1,7,0),(685,2,1,82,'2014-06-17 11:21:52','2014-09-24 16:04:18',685,'Mercurio halogenado 400W Rosca goliat',8,0,0,8,0),(686,5,1,22,'2014-06-17 11:33:55','2014-10-10 09:24:38',686,'Medidor monofásica',1,99,1,0,0),(687,5,1,78,'2014-06-17 11:35:58','2014-06-17 11:35:58',687,'De 1 a 4 polos con tapa Emanal pvc',1,0,1,0,0),(688,7,1,44,'2014-06-17 11:37:01','2014-12-04 11:56:48',688,'Weg termomagnetico 2x32A*',1,0,1,1,0),(689,5,2,84,'2014-06-17 11:42:01','2014-12-10 15:55:30',689,'Prensamblado 6/6 para bajada monofásica',7,32.75,1,0,0),(690,4,1,56,'2014-06-17 16:56:22','2015-01-09 09:07:05',690,'Ciega mignon bakelita*',22,5.42,1,18,0),(691,21,1,50,'2014-06-17 18:07:12','2014-06-19 18:14:01',691,'Para bandeja perforada 300mm',1,0,1,0,0),(692,22,1,63,'2014-06-17 18:55:56','2014-07-22 10:07:14',692,'Tipo proyector para sodio alta presion 400W.Lumenac',1,0,1,0,0),(693,20,1,63,'2014-06-18 10:25:40','2014-08-01 11:17:30',693,'Embutir movil\"LORNA\"ET020/1 Lucciola blanco',7,0,1,3,0),(694,2,1,82,'2014-06-18 10:27:31','2014-07-19 11:01:07',694,'Dicro Master led 7W 230-240V',22,0,1,0,0),(695,2,1,82,'2014-06-18 10:28:44','2014-12-05 18:26:48',695,'Dicro 220v 50W',14,46.05,1,7,0),(696,20,1,63,'2014-06-18 10:37:52','2014-07-30 10:45:29',696,'PL-L 2L E27 Aro blanco Ticar',3,0,1,0,0),(697,9,1,89,'2014-06-18 11:35:29','2014-07-29 15:54:45',697,'Plana 3/8\"',240,0.56,1,240,0),(698,9,1,100,'2014-06-18 11:54:24','2014-09-24 11:13:23',698,'Roscada 3/8\"x1mts',129,34.68,1,46,0),(699,6,1,101,'2014-06-19 16:15:02','2014-07-29 17:51:49',699,'Tripolar',1,0,1,1,0),(700,3,2,84,'2014-06-19 16:16:06','2014-12-18 09:19:28',700,'Unipolar 10mm Negro',5,23.13,1,5,0),(701,17,1,58,'2014-06-19 16:17:12','2015-01-10 09:55:41',701,'Negro 15cm',600,20.06,1,45,0),(702,21,1,50,'2014-06-19 17:47:23','2014-06-19 18:11:19',702,'Para bandeja perforada 150mm',1,0,1,0,0),(703,4,1,22,'2014-06-23 10:37:48','2014-06-23 10:37:48',703,'Pvc rectangular p/exterior estanco',1,0,1,0,0),(704,2,1,82,'2014-06-24 11:00:20','2014-10-21 19:05:28',704,'Bipin 60W 12V',10,10.82,1,10,0),(705,19,1,50,'2014-06-24 15:07:18','2014-09-23 16:49:46',705,'MºNº 117',4,0,1,4,0),(706,11,1,65,'2014-06-24 18:26:06','2014-06-27 11:11:11',706,'Porcelana para pared',1,0,1,1,0),(707,2,1,82,'2014-06-24 18:28:11','2014-07-19 10:49:55',707,'Clara halogena 53W Osram',1,0,0,1,0),(708,2,1,82,'2014-06-24 18:30:57','2014-07-19 10:37:45',708,'Bajo consumo 20W twister Sica',4,0,0,4,0),(709,15,1,55,'2014-06-24 18:33:17','2014-12-17 10:36:59',709,'JBO para 1 solo modulo(base+tapa)',2,18.15,1,2,0),(710,8,1,43,'2014-06-24 18:33:57','2014-11-13 08:24:40',710,'2 medio punto JBO',4,26.66,1,3,0),(711,15,1,55,'2014-06-24 18:34:46','2014-06-27 11:11:11',711,'JBO para 2 modulos',1,0,1,1,0),(712,11,1,102,'2014-06-24 18:36:23','2014-12-09 11:17:29',712,'S-10',59,5.5,1,42,0),(713,6,1,78,'2014-06-24 18:37:57','2014-06-27 10:28:05',713,'Exterior pvc 4 polos Emanal',1,0,1,1,0),(714,6,1,26,'2014-06-24 18:38:55','2015-01-08 18:30:56',714,'Conmutadora Vefben 10A 3 posiciones',5,85.05,1,4,0),(715,11,1,65,'2014-06-25 08:32:48','2014-12-09 16:37:20',715,'Bakelita 3 piezas',7,12,1,7,0),(716,6,1,78,'2014-06-25 08:37:19','2014-06-25 18:35:09',716,'Embutir pvc 6 polos emanal',1,88.68,1,1,0),(717,2,1,82,'2014-06-25 08:41:01','2014-07-19 11:45:02',717,'Twister B.C 18/20W Osram',3,79.95,0,3,0),(718,3,2,84,'2014-06-25 11:12:26','2015-01-09 16:04:20',718,'Tipo taller 3x2,5mm',26,20.18,1,2,0),(719,3,2,84,'2014-06-26 07:39:16','2014-12-11 08:12:18',719,'Tipo taller 3x1,5mm',20,13.12,1,20,0),(720,6,1,36,'2014-06-26 09:35:35','2014-12-16 17:40:09',720,'Tif punta rigida 2,5mm azul',70,0.36,1,0,0),(721,6,1,36,'2014-06-26 09:40:26','2015-01-08 18:30:56',721,'Tif ojal 2,5mm azul',80,0.36,1,80,0),(722,6,1,36,'2014-06-26 09:43:30','2014-06-27 10:28:05',722,'Tif pala hembra 2,5mm azul',74,0.36,1,6,0),(723,6,1,36,'2014-06-26 09:46:15','2014-12-16 17:40:02',723,'Tif punta orquilla 2,5mm azul',43,0.36,1,0,0),(724,6,1,36,'2014-06-26 10:17:00','2014-06-26 10:19:15',724,'Tif ojal 1,5mm rojo',120,0,1,0,0),(725,6,1,36,'2014-06-26 10:21:23','2014-06-26 10:21:23',725,'Tif punta orquilla 1,5mm rojo',7,0,1,0,0),(726,6,1,36,'2014-06-26 10:56:02','2014-06-26 10:56:02',726,'Tif pala hembra 1,5mm rojo',77,0,1,0,0),(727,6,1,36,'2014-06-26 11:15:44','2014-06-27 09:55:36',727,'Tif 1,5mm rojo',70,0.36,1,0,0),(728,6,1,36,'2014-06-26 11:17:28','2014-06-26 11:17:28',728,'Tif punta rigida 1,5mm rojo',35,0,1,0,0),(729,8,1,43,'2014-06-26 18:56:30','2014-12-17 10:36:59',729,'Toma 20A JBO blanco*',4,22.16,1,4,0),(730,20,1,63,'2014-06-26 18:59:17','2014-10-07 18:13:16',730,'2x36 fluorescente con tubo',2,245,1,2,0),(731,2,1,82,'2014-06-26 19:01:53','2014-07-19 11:03:04',731,'Eco 70W',1,22.05,0,1,0),(732,8,1,43,'2014-07-01 09:32:57','2014-07-01 09:32:57',732,'Punto Schneider',4,14.94,1,0,0),(733,13,1,40,'2014-07-01 09:40:38','2014-07-01 09:46:57',733,'Silicona transparente',1,55.92,1,1,0),(734,12,1,103,'2014-07-01 10:13:31','2014-07-17 19:01:19',734,'Para portero Commax modelo DP-KSS',7,240,1,1,0),(735,3,2,84,'2014-07-01 10:18:04','2015-01-08 18:30:56',735,'Cable tipo taller 2x1,5mm',105,9.4,1,105,0),(736,2,1,82,'2014-07-01 10:24:38','2014-07-19 11:19:36',736,'Sodio 250w rosca goliat',2,256.72,0,0,0),(737,4,1,56,'2014-07-01 18:13:39','2015-01-09 09:07:05',737,'Octogonal chica metal',6,4.4,1,4,0),(738,3,2,84,'2014-07-02 10:53:05','2014-07-02 10:59:28',738,'Sintenax 3x6mm',4,43.34,1,2,0),(739,6,1,21,'2014-07-02 11:20:34','2014-07-02 11:20:34',739,'Metalico estanco 30x45x15  genrod',1,763.51,1,0,0),(740,6,1,36,'2014-07-02 11:22:43','2015-01-08 18:30:56',740,'Ojal 25mm',27,11.49,1,19,0),(741,3,2,84,'2014-07-02 11:26:57','2014-09-10 15:55:57',741,'Unipolar 25mm V/A',4,56,0,0,0),(742,18,1,104,'2014-07-04 15:25:10','2014-09-16 11:42:11',742,'Sin adhesivo 75x17x2mts',1,155.79,1,1,0),(743,13,2,42,'2014-07-04 16:00:15','2014-07-14 09:40:45',743,'Helicoidal 1/2\"',2,0,1,2,0),(744,6,1,36,'2014-07-07 11:40:01','2014-07-07 11:53:39',744,'Tif 1mm gris',507,0,1,0,0),(745,6,1,36,'2014-07-07 11:46:04','2014-07-07 11:46:04',745,'Tif 0,5mm negro',243,0,1,0,0),(746,6,1,36,'2014-07-07 15:41:33','2014-07-07 15:51:49',746,'Tif  tipo horquillan4-6mm amarillo',115,0,1,0,0),(747,6,1,36,'2014-07-07 15:50:55','2014-12-16 17:33:34',747,'Tif tipo pala hembra 4 o 6mm amarillo',58,0.6,1,0,0),(748,6,1,36,'2014-07-07 15:54:52','2014-12-16 17:33:29',748,'Tif tipo pala macho 4 o 6mm amarillo',50,0.6,1,0,0),(749,6,1,36,'2014-07-07 15:56:50','2015-01-08 18:30:56',749,'Tif 4 o 6mm amarillo',42,0.6,1,42,0),(750,6,1,36,'2014-07-07 16:05:35','2015-01-10 09:32:33',750,'Tif 4 o 6mm verde',150,0.6,1,95,0),(751,6,1,36,'2014-07-07 16:10:48','2015-01-08 18:30:56',751,'Tif 25mm negro',41,1.68,1,6,0),(752,6,1,36,'2014-07-07 16:12:23','2015-01-08 18:30:56',752,'Tif 16mm blanco',36,1.25,1,36,0),(753,6,1,12,'2014-07-10 09:20:42','2014-07-10 09:20:42',753,'Sassin 125A bovina 220V',2,0,1,0,0),(754,4,1,98,'2014-07-11 10:17:40','2014-09-16 10:27:23',754,'Hierro s/p 3/4\"',1,58.69,1,1,0),(755,4,1,13,'2014-07-11 10:27:19','2014-09-05 16:24:19',755,'Curva s/p 3/4\"',1,10.61,1,1,0),(756,3,2,84,'2014-07-11 11:18:04','2014-09-10 15:57:56',756,'Unipolar 10mm V/A',16,23.13,1,6,0),(757,6,1,105,'2014-07-11 11:21:11','2014-12-19 07:50:23',757,'Din x 30 centimetros',5,15,1,4,0),(758,6,1,36,'2014-07-11 11:47:55','2014-07-26 09:33:48',758,'Ojal 25mm a compresión',8,11.49,0,8,0),(759,6,1,36,'2014-07-11 12:06:43','2014-12-18 09:19:28',759,'OJAL 10mm',28,6.53,1,28,0),(760,6,1,21,'2014-07-11 15:39:01','2014-07-11 15:46:39',760,'Metalico estanco 40x30x15',1,0,1,1,0),(761,22,1,63,'2014-07-14 17:23:53','2014-08-26 18:09:54',761,'Tipo proyector p/cuarzo 500w con sensor de movimiento',2,875.7,1,2,0),(762,19,1,106,'2014-07-15 15:33:41','2014-07-17 17:35:43',762,'Peón 1500 metros',1,0,1,1,0),(763,6,1,105,'2014-07-15 18:08:19','2014-07-29 16:23:53',763,'Olmar 50 centimetros',1,0,1,1,0),(764,14,1,26,'2014-07-16 07:55:48','2014-07-31 09:40:12',764,'Para ventilador 5 velocidades',3,112.16,1,2,0),(765,4,1,56,'2014-07-16 16:49:35','2014-10-29 10:36:39',765,'Ciega octogonal chica PLASTICA*',0,4.54,1,0,0),(766,4,1,56,'2014-07-16 16:50:50','2014-12-02 11:19:58',766,'Ciega octogonal grande a presión PLASTICA*',6,6.42,1,4,0),(767,22,1,16,'2014-07-16 17:28:25','2014-11-19 09:42:11',767,'AºPº con zocalo',4,165.1,1,4,0),(768,22,1,16,'2014-07-16 17:30:04','2014-10-08 09:10:37',768,'Eléctrica Argentina 1500W c/soporte',0,102.16,1,0,0),(769,22,1,63,'2014-07-16 17:51:06','2014-10-08 09:40:36',769,'AºPº c/protector de vidrio 400W',0,440.59,0,0,0),(770,9,1,91,'2014-07-16 18:18:53','2014-11-03 16:52:28',770,'Para durlock 8mm',8,1.06,1,8,0),(771,2,1,82,'2014-07-19 10:47:16','2014-10-14 15:43:55',771,'Bipin 20W 12V',1,10.82,1,0,0),(772,2,1,82,'2014-07-19 11:08:51','2014-07-19 11:26:17',772,'Cuarzo 150W',4,0,1,0,0),(773,22,1,82,'2014-07-19 11:33:47','2014-11-03 11:28:18',773,'Mercurio Halogenado 70W tipo cuarzo',3,297.8,1,2,0),(774,22,1,82,'2014-07-19 11:34:50','2014-11-20 10:07:45',774,'Mercurio Halogenado 150W tipo cuarzo',7,297.8,1,7,0),(775,22,1,82,'2014-07-19 11:37:27','2014-07-22 10:37:36',775,'B.C twister 45W rosca edison',2,0,1,0,0),(776,2,1,82,'2014-07-19 11:42:44','2014-07-19 11:42:44',776,'PL-S 7W 2 pines',4,0,1,0,0),(777,2,1,82,'2014-07-19 11:46:12','2014-07-19 11:46:12',777,'PL-C 18W 2 pines',2,0,1,0,0),(778,3,2,84,'2014-07-21 08:16:52','2014-09-09 09:13:36',778,'UTP',24,6.24,1,24,0),(779,22,1,82,'2014-07-21 09:59:35','2014-10-14 15:42:28',779,'Mezcladora 500W',3,153.97,1,2,0),(780,22,1,82,'2014-07-21 17:54:28','2014-07-22 10:44:53',780,'Sodio 250w Oval rosca goliat.',1,0,1,0,0),(781,22,1,82,'2014-07-21 18:05:12','2014-07-22 10:41:31',781,'Mercurio Halogenado 250W oval rosca goliat',1,0,1,0,0),(782,2,1,82,'2014-07-21 18:35:22','2014-12-09 10:33:27',782,'PL-L 36W.',27,103.73,1,6,0),(783,2,1,82,'2014-07-21 18:38:16','2014-11-13 08:24:40',783,'B.C Twister 42W rosca edison',4,248.07,1,1,0),(784,2,1,82,'2014-07-21 18:40:27','2014-07-23 08:36:19',784,'B.C Twister 23W rosca edison',1,87.31,1,1,0),(785,20,1,63,'2014-07-22 16:56:17','2014-08-01 11:13:15',785,'Spot dicro movil \"MABE\" modelo 580 Lucciola.',6,0,1,0,0),(786,20,1,63,'2014-07-22 16:58:40','2014-08-01 11:18:44',786,'Spot dicro movil \"NEA\" modelo E241 Candil',1,0,1,0,0),(787,20,1,63,'2014-07-22 17:32:54','2014-08-01 11:22:18',787,'Spot dicro fijo  modelo 6023 Interelec',1,0,1,0,0),(788,20,1,63,'2014-07-22 17:34:20','2014-07-31 18:19:55',788,'Spot dicro fijo \"HAZEL\" modelo E292 Candil',1,0,1,0,0),(789,3,2,84,'2014-07-24 16:45:50','2014-10-08 10:32:36',789,'Sintenax 1 x 240mm',10,0,0,0,0),(790,6,1,36,'2014-07-24 16:46:23','2014-07-25 10:03:36',790,'Ojal 240mm',15,0,0,0,0),(791,20,1,63,'2014-07-25 09:15:41','2014-07-30 11:00:25',791,'Embutir\"TOP II\" ET026 Lucciola CON VIDRIO.2X26 blanco(NUEVOS)',9,0,1,0,0),(792,20,1,63,'2014-07-25 09:24:25','2014-07-30 10:58:13',792,'Embutir\"TOP I\" ET036 Lucciola CON LOUVER.2X26 blanco(USADO)',2,0,1,0,0),(793,20,1,63,'2014-07-25 09:41:07','2014-07-25 09:47:20',793,'Embutir\"PRINCE\" E31 BP Candil CON LOUVER.2X26 blanco(USADO)',2,0,1,0,0),(794,20,1,63,'2014-07-25 09:50:36','2014-07-31 18:00:11',794,'Embutir\"ENERGY\" 226 Lumenac CON LOUVER.2X26 blanco',8,0,1,3,0),(795,20,1,63,'2014-07-26 09:15:21','2014-08-27 16:01:03',795,'Embutir \"ENERGY \" 202 FLC Lumenac con vidrio serigrafiado.(NUEVOS)',22,0,1,4,0),(796,6,1,36,'2014-07-26 09:35:49','2014-07-29 09:02:07',796,'Ojal 240 mm.',15,113.9,1,12,0),(797,19,1,29,'2014-07-28 16:03:15','2014-07-28 16:09:56',797,'Diazed 35A',2,0,1,2,0),(798,2,1,82,'2014-07-28 17:50:33','2014-07-28 17:50:33',798,'Dulux 36W 4 pines Osram',6,0,1,0,0),(799,2,1,82,'2014-07-28 17:53:32','2014-07-28 17:53:32',799,'Dulux 26W 2 pines Osram',4,0,1,0,0),(800,6,2,60,'2014-07-29 08:57:07','2014-07-29 09:02:07',800,'40 mm',2,108.82,1,2,0),(801,22,1,63,'2014-07-29 09:22:57','2014-07-29 09:36:50',801,'AºPº 250W con protector de vidrio',1,0,1,1,0),(802,22,1,50,'2014-07-29 09:23:53','2014-10-07 18:04:47',802,'Artefacto AºPº 50 Cm.',1,134.81,1,1,0),(803,22,1,82,'2014-07-29 09:25:36','2014-07-30 08:27:24',803,'Mezcladora 250W',1,0,0,1,0),(804,22,1,107,'2014-07-29 09:27:38','2014-07-29 09:36:50',804,'Acrilico para artefacto AºPº 250W.',1,139,1,1,0),(805,9,1,100,'2014-07-29 11:28:15','2014-07-29 11:30:17',805,'Soldada(OBRA TODO MODA)',80,0,1,53,0),(806,6,1,108,'2014-07-29 16:21:31','2014-07-29 16:23:53',806,'Para riel Din',2,0,1,2,0),(807,6,1,109,'2014-07-29 16:22:00','2014-07-29 16:23:53',807,'Riel Din',1,0,1,1,0),(808,6,1,101,'2014-07-29 17:48:27','2015-01-08 18:30:56',808,'Bipolar 28 par x 1 mts',3,695.89,1,3,0),(809,22,1,82,'2014-07-30 08:23:55','2014-11-10 17:19:57',809,'Mezcladora 250W.',4,83.67,1,4,0),(810,22,1,82,'2014-07-30 08:25:09','2014-07-30 08:35:37',810,'Mercurio Halogenado 400W tubular',1,331.49,1,1,0),(811,20,1,63,'2014-07-30 11:10:13','2014-07-30 11:10:13',811,'Embutir \"TOP III\" ET036 LUCCIOLA con vidrio serigrafiado.',1,0,1,0,0),(812,20,1,63,'2014-07-30 11:38:33','2014-07-30 11:38:33',812,'Bajo piso \"E2001.R\" CANDIL',1,0,1,0,0),(813,20,1,63,'2014-07-30 15:18:36','2014-07-30 15:18:36',813,'Aplique exterior\"ECO\" EP008 Lucciola',1,0,1,0,0),(814,20,1,63,'2014-07-30 15:50:18','2014-07-30 15:50:18',814,'Embutir\"ENERGY PLUS\"326 Lumenac 3x26',9,0,1,0,0),(815,20,1,63,'2014-07-30 17:21:17','2014-07-30 17:21:17',815,'\"AMAN\" CANDIL',1,0,1,0,0),(816,20,1,63,'2014-07-30 17:51:44','2014-07-30 17:51:44',816,'Aplique exterior\"FLY\"7500 Ticar',2,0,1,0,0),(817,20,1,63,'2014-07-30 18:09:24','2014-07-30 18:09:24',817,'Embutir \"SPACE\"ET022/2 Lucciola(NUEVOS)',4,0,1,0,0),(818,20,1,63,'2014-07-30 18:22:33','2014-07-30 18:22:33',818,'Embutir \"SPACE\"ET022/1 Lucciola(NUEVOS)',1,0,1,0,0),(819,20,1,63,'2014-07-30 18:29:31','2014-07-30 18:29:31',819,'Exterior\"SPACE\"PL022/1(NUEVO)',1,0,1,0,0),(820,20,1,63,'2014-07-30 18:42:42','2014-07-30 18:42:42',820,'Exterior \"A 45\" Gam iluminación(NUEVO)',1,0,1,0,0),(821,20,1,63,'2014-07-30 18:52:06','2014-08-20 15:09:08',821,'Exterior \"COMFORT\" Lumenac con louver 3x36W(NUEVO)',2,921.05,1,2,0),(822,20,1,63,'2014-07-31 18:07:49','2014-08-01 11:17:57',822,'Embutir \"LORNA\"ET020/1 Lucciola',4,0,0,0,0),(823,20,1,63,'2014-07-31 18:09:28','2014-08-01 11:24:20',823,'Linea Cardanica E50/1',1,0,0,0,0),(824,20,1,63,'2014-07-31 18:13:04','2014-08-01 11:13:45',824,'Embutir \"MABE\"580 Lucciola',6,0,0,0,0),(825,20,1,63,'2014-07-31 18:14:42','2014-08-01 11:19:46',825,'Embutir \"NEA\"E241 CANDIL',1,0,0,0,0),(826,20,1,63,'2014-07-31 18:15:33','2014-08-01 11:21:54',826,'Modelo 6023 fijo',1,0,0,0,0),(827,20,1,63,'2014-07-31 18:16:17','2014-08-01 11:21:03',827,'Embutir \"SER\"306 Lucciola',3,0,0,0,0),(828,20,1,63,'2014-07-31 18:17:18','2014-08-01 11:12:21',828,'Embutir \"ALA RECTA\"E240 CANDIL',2,0,0,0,0),(829,4,1,56,'2014-07-31 18:45:25','2014-10-29 10:33:57',829,'Ciega octogonal grande METAL*',14,3.6,1,9,0),(830,4,1,56,'2014-07-31 18:46:15','2014-10-29 10:48:53',830,'Ciega 20x20 metal*',3,15,1,3,0),(831,20,1,63,'2014-08-02 09:49:00','2014-08-02 09:49:00',831,'Bajo piso \"EP020\" Lucciola',1,0,1,0,0),(832,4,1,22,'2014-08-02 10:20:21','2014-12-17 11:04:49',832,'Metalica Conexion  10x10x7 c/tapa*',10,61.6,1,0,0),(833,4,1,22,'2014-08-02 10:27:23','2014-08-02 10:38:47',833,'Metalica 10x10x10 S/P c/tapa*',1,0,1,0,0),(834,4,1,22,'2014-08-02 10:39:59','2015-01-09 16:36:44',834,'Metalica conexión 15x15x07*',7,87.78,1,1,0),(835,4,1,22,'2014-08-02 11:03:40','2014-11-03 10:22:59',835,'Metalica octogonal grande s/p*',9,15.65,1,0,0),(836,4,1,22,'2014-08-02 11:28:32','2015-01-10 09:09:48',836,'Pvc estanco IP56 10x10x7 cm*',38,39.93,1,36,0),(837,20,1,63,'2014-08-04 09:35:33','2014-09-05 15:50:42',837,'Fluorescente 1x36W c/tubo y equipo nacional',1,195,1,0,0),(838,20,1,63,'2014-08-04 11:38:38','2014-12-10 07:52:29',838,'Proyector cuarzo 500Wº',0,249.11,1,0,0),(839,4,1,56,'2014-08-04 11:54:34','2015-01-08 18:30:56',839,'Ciega rectangular bakelita*',19,5.61,1,19,0),(840,7,1,44,'2014-08-04 18:24:26','2014-12-04 11:32:28',840,'Sica diferencial 2x25A*',0,444.52,1,0,0),(841,7,1,44,'2014-08-04 18:28:00','2015-01-08 18:30:56',841,'Schneider Diferencial 2x40A*',1,941.86,1,1,0),(842,7,1,44,'2014-08-04 18:30:34','2014-12-04 11:38:46',842,'Sica diferencial 4x63A*',3,988.94,1,1,0),(843,1,1,44,'2014-08-05 11:22:01','2014-12-20 11:29:08',843,'Automatico para tanque, cable 3mts',5,193.86,1,5,0),(844,22,1,63,'2014-08-05 11:28:30','2014-10-08 09:38:53',844,'AºPº 400W con tulipa de vidrio',0,462.63,1,0,0),(845,4,1,23,'2014-08-05 16:50:58','2014-09-23 17:36:38',845,'20x10 con adhesivo (barra x 2 mts)',0,13.91,0,0,0),(846,14,1,110,'2014-08-06 11:03:26','2014-09-16 10:47:04',846,'Techo 4 paletas Ventistar',0,1273.19,1,0,0),(847,2,1,82,'2014-08-06 15:40:14','2014-08-27 18:47:00',847,'B.C Twister 23W Luz Dia',2,0,1,1,0),(848,20,1,63,'2014-08-06 18:07:55','2014-08-06 18:07:55',848,'Para escalera \"HERA\"EX040L Lucciola led nuevo',9,0,1,0,0),(849,6,1,21,'2014-08-07 08:58:59','2014-08-07 09:13:31',849,'Metalico con visor de vidrio y contrafrente calado 30x45x15 exterior*',1,0,1,0,0),(850,6,1,78,'2014-08-07 09:04:44','2014-08-07 09:36:47',850,'Pvc embutir p/4 polos SIN TAPA*',2,0,1,0,0),(851,6,1,78,'2014-08-07 09:38:30','2014-08-07 09:39:26',851,'Pvc exterior p/ 6 polos con puerta.*',1,0,1,0,0),(852,4,1,22,'2014-08-07 09:56:51','2014-08-07 09:57:34',852,'Plastica embutir 23,5x22x8cm sin tapa*',4,0,1,0,0),(853,6,1,78,'2014-08-07 10:07:46','2014-08-07 10:09:30',853,'Metalico de transferencia p/grupo electrogeno con 2 ojos de buey,1 llave rotativa y 3 termicas Gewis 1x25A*',1,0,1,0,0),(854,4,1,22,'2014-08-07 18:45:27','2014-08-07 18:45:27',854,'Metalica derivacion 40x40x10 embutir con tapa*',1,0,1,0,0),(855,4,1,22,'2014-08-08 16:19:39','2015-01-09 09:07:05',855,'Metalica mignon s/p*.',31,6.19,1,6,0),(856,4,1,22,'2014-08-08 17:17:58','2014-10-09 08:54:01',856,'Pvc conexion 15x15x7*',1,38.5,0,1,0),(857,11,1,69,'2014-08-11 08:04:28','2014-12-10 11:15:55',857,'Auxiliar tipo bandeja p/ Mercurio 150W',3,590.85,1,3,0),(858,9,1,92,'2014-08-13 17:41:05','2015-01-10 10:03:35',858,'Autoperforante 1\"',155,2,1,50,0),(859,21,1,56,'2014-08-13 18:04:28','2014-08-14 10:05:14',859,'Para Bandeja 50mm',2,81.03,1,2,0),(860,13,2,42,'2014-08-13 18:06:27','2014-09-16 10:33:07',860,'Helicoidal 3/4',16,27.99,1,16,0),(861,4,1,22,'2014-08-14 08:57:46','2015-01-10 09:56:18',861,'Metalica Rectangular s/p*.',68,10.11,1,28,0),(862,22,1,82,'2014-08-14 10:21:19','2014-08-14 10:23:56',862,'B.C twister 105W rosca goliat',19,0,1,6,0),(863,6,1,78,'2014-08-15 08:52:38','2014-08-15 09:03:25',863,'Contrafrente 28x40 cm',1,0,1,1,0),(864,9,1,91,'2014-08-20 07:56:54','2014-11-20 10:07:45',864,'10 mm',14,0.91,1,14,0),(865,9,1,92,'2014-08-20 07:58:17','2014-11-20 10:07:45',865,'Tirafondo Cabeza hexagonal 10mm',14,2.29,1,14,0),(866,9,1,92,'2014-08-20 07:58:57','2014-08-20 10:37:38',866,'Para soporte TV',4,0,1,4,0),(867,14,1,39,'2014-08-20 10:46:17','2014-09-23 17:59:23',867,'2,5 UF',3,19.74,1,3,0),(868,6,1,30,'2014-08-21 08:05:38','2014-08-21 17:16:50',868,'Escalera con pulsador RBC-SISTEL',1,211.2,1,1,0),(869,5,1,29,'2014-08-21 18:11:27','2014-08-21 18:11:27',869,'NH 50A',1,87.28,1,0,0),(870,11,1,38,'2014-08-21 18:43:33','2014-12-20 08:50:56',870,'Electronico 2x36W',4,161.99,1,4,0),(871,2,1,82,'2014-08-22 10:16:49','2014-12-01 17:11:23',871,'B.C twister 20W',5,79.94,1,5,0),(872,18,1,23,'2014-08-25 10:11:01','2014-12-17 10:36:59',872,'20x10 con adhesivo',6,14.89,1,6,0),(873,5,1,29,'2014-08-25 17:23:04','2015-01-08 18:30:56',873,'NH 100A',6,100,1,6,0),(874,11,1,69,'2014-08-26 17:39:57','2014-11-20 10:07:45',874,'Auxiliar p/mercurio 150W Interperie',3,464.2,1,3,0),(875,6,1,12,'2014-08-26 17:43:41','2014-08-26 18:09:54',875,'18A bovina 220 Sica',1,0,1,1,0),(876,15,1,26,'2014-08-26 18:44:46','2014-08-26 18:44:46',876,'Ciega JBO platinium(la misma fue armada con elementos stock todo moda)',3,0,1,0,0),(877,6,1,21,'2014-08-27 08:10:31','2014-08-27 16:01:03',877,'Contrafrente ciego 60x75',1,0,1,1,0),(878,21,1,56,'2014-08-27 08:11:25','2014-08-27 16:01:03',878,'Para bandeja 150mm',1,0,1,1,0),(879,9,1,92,'2014-08-27 08:37:10','2014-12-18 09:19:28',879,'Autoperforante 1 1/2\"',38,2,1,38,0),(880,9,1,92,'2014-08-27 08:37:43','2014-12-17 07:44:31',880,'6 x 1\"',12,0,0,12,0),(881,6,1,112,'2014-08-27 09:35:00','2014-08-27 16:01:03',881,'Peligro choque electrico 40x50 cm',1,0,1,1,0),(882,18,1,113,'2014-08-27 09:39:03','2015-01-10 09:58:33',882,'100 x 50',47,0,1,3,0),(883,20,1,63,'2014-08-27 09:40:43','2014-08-27 16:01:03',883,'Halley 3x36W',4,0,1,4,0),(884,22,1,107,'2014-08-27 09:43:46','2014-08-27 16:01:03',884,'Policarbonato p/ artefacto AºPº',1,0,1,1,0),(885,11,1,69,'2014-09-04 16:17:23','2014-09-04 16:24:26',885,'Auxiliar tipo bandeja 70W Mercurio',2,0,1,2,0),(886,4,1,22,'2014-09-05 08:28:11','2014-09-05 11:58:51',886,'Octogonal grande pvc',4,4.3,1,2,0),(887,2,1,82,'2014-09-09 08:34:13','2014-12-16 11:40:11',887,'B.C twister 9W',14,62.5,1,12,0),(888,11,1,65,'2014-09-09 08:38:05','2014-09-10 17:14:44',888,'Con menzula \"L\"',7,8.25,1,7,0),(889,11,1,16,'2014-09-09 08:45:16','2014-11-18 08:18:24',889,'1200W',6,95.61,1,6,0),(890,20,1,63,'2014-09-10 08:16:57','2014-09-10 08:21:52',890,'Circular Fuynter \"Canda\" blanco',1,105,1,1,0),(891,3,2,84,'2014-09-10 15:54:37','2014-09-10 15:56:24',891,'Unipolar 25mm Rojo',4,56,1,0,0),(892,3,2,84,'2014-09-10 16:58:22','2015-01-09 16:27:37',892,'Unipolar 2,5 BLANCO',458,5.69,1,205,0),(893,4,1,56,'2014-09-11 09:41:01','2014-12-05 18:26:05',893,'Ciega octogonal chica METAL*',7,3.49,0,3,0),(894,12,1,114,'2014-09-15 18:10:50','2014-09-15 18:18:06',894,'Para frente metalico de portero',1,35,1,1,0),(895,3,2,84,'2014-09-15 19:02:50','2014-09-15 19:12:55',895,'Para audio 2 x 0,75',15,3.26,1,15,0),(896,12,1,43,'2014-09-16 11:00:20','2014-09-16 11:42:11',896,'RJ-45',1,26.49,1,1,0),(897,6,1,96,'2014-09-16 11:33:45','2015-01-08 18:30:56',897,'Bajo Carga Sica 160A T00',2,1020.15,1,2,0),(898,8,1,43,'2014-09-19 08:24:33','2014-09-19 08:27:46',898,'Punto Exultt',1,19.09,1,1,0),(899,22,1,82,'2014-09-19 08:40:26','2014-10-14 15:42:35',899,'Mezcladora 250W rosca goliat',1,70.1,0,1,0),(900,4,1,22,'2014-09-19 18:37:00','2014-10-09 08:58:33',900,'Pvc estanco 15x15x7*',1,57.83,1,1,0),(901,9,1,92,'2014-09-19 18:47:44','2014-09-19 18:49:46',901,'Punta aguja T2',4,0.3,1,4,0),(902,22,1,82,'2014-09-22 17:28:47','2014-09-22 17:28:47',902,'Sodio 400W tubular',1,0,1,0,0),(903,4,1,22,'2014-09-23 09:36:50','2014-09-23 17:59:23',903,'Pvc estanco 20x20*',1,0,1,1,0),(904,14,1,43,'2014-09-23 09:40:41','2014-12-06 11:49:43',904,'Dimer p/ventilador',2,85,1,2,0),(905,15,1,26,'2014-09-23 17:20:09','2015-01-08 18:30:56',905,'Toma doble completo 10A JBO',15,32.63,1,15,0),(906,15,1,26,'2014-09-23 17:25:31','2015-01-08 18:30:56',906,'Toma simple completo 10A JBO',7,23.92,1,7,0),(907,3,2,84,'2014-09-24 07:50:04','2015-01-08 18:30:56',907,'Sintenax 4 x 4mm',74,41.53,1,70,0),(908,9,1,92,'2014-09-24 11:03:47','2014-09-24 11:13:23',908,'Autoperforante 8 x 1 1/2\"',50,0,1,50,0),(909,21,1,50,'2014-09-24 11:10:57','2014-09-24 11:13:23',909,'Pared 600mm',2,0,1,2,0),(910,11,1,16,'2014-09-25 07:58:23','2014-09-25 08:16:34',910,'1000W',1,0,1,1,0),(911,15,1,26,'2014-09-25 09:35:22','2014-09-25 09:40:22',911,'Ciega JBO completa',1,20,1,1,0),(912,4,1,22,'2014-09-25 09:38:34','2014-09-25 09:40:22',912,'Pvc estanco 15x20x7*',1,0,1,1,0),(913,3,2,84,'2014-09-26 10:55:44','2014-10-15 10:10:20',913,'Unipolar 1,5mm Marron',30,3.59,1,20,0),(914,11,1,63,'2014-10-01 15:52:10','2014-10-27 18:06:04',914,'Luz de emergencia 30 led Atomlux',8,473.26,1,8,0),(915,1,1,112,'2014-10-01 15:56:35','2014-12-02 11:19:58',915,'Salida de emergencia de pvc 14x41',2,30,1,2,0),(916,1,1,112,'2014-10-01 15:58:35','2014-10-01 16:18:19',916,'Salida de emergencia ESCALERA de pvc 30x40',4,52.29,1,4,0),(917,2,1,82,'2014-10-06 10:04:41','2014-10-06 11:18:36',917,'Clara 53W',1,22.05,1,1,0),(918,20,1,63,'2014-10-06 11:11:08','2014-10-06 11:16:50',918,'Luz de emergencia Atomlux 60 leds',2,539.4,1,2,0),(919,6,1,24,'2014-10-08 08:28:40','2014-10-31 18:07:23',919,'Capuchón para bornera 100A',0,12.37,1,0,0),(920,3,2,84,'2014-10-08 10:04:20','2014-11-03 09:28:07',920,'Telefonico 1 par',25,3.61,1,25,0),(921,8,1,115,'2014-10-15 09:32:24','2014-10-15 10:10:20',921,'Para velador',1,7,1,1,0),(922,8,1,43,'2014-10-15 10:31:28','2014-10-15 10:40:05',922,'Toma 10A Schneider',2,19.7,1,2,0),(923,5,1,29,'2014-10-20 18:20:47','2014-10-21 08:50:39',923,'NH 200A T01 Siemens',3,206.81,1,3,0),(924,2,1,82,'2014-10-21 09:21:46','2014-10-21 09:26:04',924,'Mini Twister 12W',1,60.48,1,1,0),(925,20,1,63,'2014-10-21 18:17:16','2014-10-21 18:52:51',925,'Fluorescente 2x36 c/tubo y equipo nacional',1,311.72,1,1,0),(926,6,1,44,'2014-10-21 18:19:06','2014-12-05 09:08:54',926,'Termomagnetico 4 x 40A Interelec',1,183.92,0,1,0),(927,13,3,116,'2014-10-21 18:27:42','2014-10-21 18:43:24',927,'X 5KG',5,15,0,0,0),(928,15,1,26,'2014-10-21 18:30:11','2014-10-21 18:52:51',928,'Punto y toma 10A V2000',1,31.75,1,1,0),(929,4,1,20,'2014-10-21 18:32:05','2014-10-21 18:52:51',929,'Sujeta cable por unidad',20,0.6,1,20,0),(930,13,3,116,'2014-10-21 18:44:25','2014-12-09 15:58:39',930,'X 1KG.',16,3.5,1,16,0),(931,4,1,13,'2014-10-22 08:53:12','2015-01-08 18:30:56',931,'Pvc 50mm*',8,94.82,1,6,0),(932,4,1,20,'2014-10-22 08:59:46','2015-01-09 09:07:05',932,'Media omega 1\"',50,0.84,1,3,0),(933,4,1,22,'2014-10-22 09:05:50','2015-01-09 09:07:05',933,'Pvc estanco 10x10x8 IP 44 Emanal*',13,40.28,1,10,0),(934,4,1,67,'2014-10-23 17:54:44','2015-01-08 18:30:56',934,'Pvc 40mm*',6,23.26,1,6,0),(935,11,1,69,'2014-10-27 18:42:10','2014-10-27 18:44:30',935,'Auxiliar tipo bandeja Sodio 250W',1,0,1,1,0),(936,4,1,56,'2014-10-29 10:38:33','2014-10-29 10:38:34',936,'Ciega 10x10 a presión PLASTICA*',15,0,1,0,0),(937,4,1,56,'2014-10-29 10:40:35','2014-10-29 10:49:18',937,'Ciega 10X10 Tecnocom PLASTICA*',22,0,1,0,0),(938,4,1,56,'2014-10-29 10:41:55','2014-10-29 10:41:55',938,'Ciega 10X10 Emanal PLASTICA*',17,0,1,0,0),(939,4,1,56,'2014-10-29 11:08:54','2014-10-29 11:09:00',939,'Ciega 22x15 METAL*',1,0,1,0,0),(940,4,1,56,'2014-10-29 11:09:48','2014-10-29 11:09:48',940,'Ciega 22x17 METAL*',1,0,1,0,0),(941,4,1,56,'2014-10-29 11:37:34','2014-10-29 11:37:34',941,'Para caja pvc estanca 10x10x7*',6,0,1,0,0),(942,4,1,22,'2014-10-30 09:05:15','2014-10-30 09:05:15',942,'Para caja pvc estanca 17x20x17*',1,0,1,0,0),(943,8,1,43,'2014-10-30 09:21:53','2014-10-30 09:22:27',943,'Punto JBO beige*',9,12.99,1,0,0),(944,18,1,55,'2014-10-30 10:42:38','2014-10-30 10:42:38',944,'Para unicanal con toma schucko 16A*',7,0,1,0,0),(945,9,1,91,'2014-11-03 16:51:18','2015-01-10 09:53:17',945,'Para durlock 6mm',110,1.06,1,22,0),(946,4,1,98,'2014-11-04 16:46:40','2015-01-08 18:30:56',946,'40mm Pvc*',7,63.12,1,7,0),(947,4,1,98,'2014-11-04 16:47:37','2015-01-08 18:30:56',947,'50mm Pvc*',3,94.75,1,3,0),(948,4,1,13,'2014-11-04 16:51:28','2015-01-09 09:07:05',948,'Pvc 40mm*',2,44.74,1,1,0),(949,21,1,87,'2014-11-04 16:59:07','2015-01-08 18:30:56',949,'Perforada 200mm x 3 metros*',1,279.3,1,1,0),(950,4,1,20,'2014-11-04 17:02:16','2015-01-09 09:07:05',950,'Media omega 3/4*',50,0.53,1,33,0),(951,6,1,21,'2014-11-04 17:04:11','2015-01-08 18:30:56',951,'Metalico p/108 polos*',1,2483.58,1,1,0),(952,6,1,21,'2014-11-04 17:04:47','2015-01-08 18:30:56',952,'Metalico p/72 polos*',1,1922.83,1,1,0),(953,4,1,56,'2014-11-05 15:49:55','2015-01-10 09:13:33',953,'Ciega 10x10cm METAL*',13,5.08,1,6,0),(954,15,1,26,'2014-11-07 09:47:24','2014-11-07 09:49:11',954,'Toma simple 20A.',1,34.04,1,0,0),(955,3,1,84,'2014-11-07 16:00:21','2014-11-27 17:24:51',955,'Unipolar 16mm Negro*',2,36.19,1,1,0),(956,3,2,84,'2014-11-07 16:01:46','2014-11-27 17:24:51',956,'Unipolar 16mm Azul*',2,36.19,1,1,0),(957,3,2,84,'2014-11-07 16:02:49','2014-11-27 17:24:51',957,'Unipolar 16mm Marron*',2,36.19,1,1,0),(958,5,3,117,'2014-11-10 16:27:26','2014-11-10 17:21:45',958,'X 1 kilo.',10,3.84,1,3,0),(959,5,1,118,'2014-11-10 16:31:42','2014-11-10 17:21:45',959,'X bolsa.',1,30,1,0,0),(960,22,1,86,'2014-11-10 16:44:06','2014-11-10 16:59:06',960,'Para lamparas de goliat a edison',2,31.46,0,0,0),(961,3,2,84,'2014-11-12 09:05:56','2014-12-11 08:13:30',961,'Tipo taller 4x4mm',25,38.73,1,25,0),(962,3,2,84,'2014-11-12 10:18:12','2015-01-08 18:30:56',962,'Telefonico  mallado 2 par',60,4.39,1,60,0),(963,20,1,63,'2014-11-12 11:37:54','2014-11-12 11:48:17',963,'Fluorescente de chapa trapezoidal completo',1,194.99,1,1,0),(964,3,2,84,'2014-11-14 11:04:22','2015-01-08 18:30:56',964,'Tipo taller 2X6mm',3,32.51,1,3,0),(965,21,1,56,'2014-11-14 11:09:02','2015-01-08 18:30:56',965,'Para bandeja perforada 200mm',1,215.4,1,1,0),(966,6,1,26,'2014-11-14 11:11:30','2015-01-08 18:30:56',966,'Conmutadora 2x25A',1,468.3,1,1,0),(967,5,1,29,'2014-11-17 16:28:58','2014-11-28 08:46:46',967,'NH 63A T00',3,72.14,1,3,0),(968,7,1,44,'2014-11-18 16:34:46','2015-01-08 18:30:56',968,'Schneider Diferencial 4 x 40A*',8,1563.34,1,8,0),(969,7,1,44,'2014-11-18 16:41:10','2015-01-10 09:11:25',969,'Schneider Diferencial 2 x 25A*',10,924,1,4,0),(970,20,1,63,'2014-11-19 08:02:23','2014-11-19 08:10:05',970,'Proyector cuarzo 1000W',1,508.74,1,1,0),(971,2,1,3,'2014-11-19 08:03:05','2014-11-19 08:10:05',971,'1000W',1,202.31,1,1,0),(972,20,1,63,'2014-11-19 09:09:37','2014-12-02 11:19:58',972,'Luz de emergencia con tubo fluorescente 20W',2,443.76,1,2,0),(973,3,2,84,'2014-11-19 09:32:37','2014-12-11 08:14:18',973,'Tipo taller 4x6mm',20,59.5,1,20,0),(974,22,1,69,'2014-11-19 09:35:17','2014-11-19 09:42:11',974,'Auxiliar capsulado Sodio 400W',1,762.94,1,1,0),(975,4,1,56,'2014-11-19 11:12:13','2015-01-08 18:30:56',975,'Ciega 30x16',1,20,1,1,0),(976,20,1,63,'2014-11-20 09:04:51','2014-11-20 10:07:45',976,'Tipo proyector Mercurio 150W sin portaequipo',2,308.64,1,2,0),(977,24,1,119,'2014-11-21 16:44:39','2014-11-28 09:43:18',977,'60mm Para agua',2,47,1,2,0),(978,7,1,44,'2014-11-21 18:34:26','2014-12-04 17:08:03',978,'Schneider Termomagnetico 2 x 40A*',1,0,1,1,0),(979,7,1,44,'2014-11-21 18:36:02','2014-12-04 17:00:58',979,'Schneider Termomagnetico 4 x 40A*',1,0,1,0,0),(980,7,1,44,'2014-11-21 18:39:56','2014-12-04 16:58:42',980,'Schneider Termomagnetico 4 x 100A*',2,0,1,0,0),(981,16,1,15,'2014-11-21 18:41:06','2014-11-21 18:41:06',981,'Toma 3x32A',1,0,1,0,0),(982,6,1,21,'2014-11-21 18:46:48','2015-01-10 09:39:20',982,'Estanco 300x200x100 c/ contrafrente',2,0,1,0,0),(983,6,1,21,'2014-11-21 18:48:04','2014-11-21 18:48:04',983,'450x600x150',1,0,1,0,0),(984,7,1,44,'2014-12-02 10:07:46','2014-12-04 11:37:54',984,'Sica Termomagnetico 2x40A*',1,152.48,1,1,0),(985,3,2,84,'2014-12-02 15:59:57','2014-12-02 16:15:34',985,'Unipolar 1,5mm V/A.',10,3.59,1,10,0),(986,13,1,116,'2014-12-04 09:52:03','2014-12-11 18:13:01',986,'Bolsa x 50kg',2,95,1,2,0),(987,13,4,120,'2014-12-04 09:55:38','2014-12-11 18:13:01',987,'M3(metro cubico)',3,255,1,3,0),(988,13,4,121,'2014-12-04 09:56:28','2014-12-11 18:13:01',988,'M3(metro cubico)',3,480,1,3,0),(989,7,1,44,'2014-12-04 11:25:34','2014-12-04 11:25:34',989,'Sica Termomagnetico 4 x 100A*',1,0,1,0,0),(990,7,1,44,'2014-12-04 11:31:04','2014-12-04 11:31:04',990,'Sica Termomagnetico 4x40A*',1,0,1,0,0),(991,7,1,44,'2014-12-04 16:43:49','2014-12-04 16:43:49',991,'Schneider termomagnetico 1x10A*',2,0,1,0,0),(992,7,1,44,'2014-12-05 09:09:33','2014-12-05 09:09:33',992,'Interelec termomagnetico 1x63A*',2,0,1,0,0),(993,20,1,63,'2014-12-05 18:14:08','2014-12-05 18:26:48',993,'Bidireccional ANKA p/2 dicro GU10*',1,1075,1,1,0),(994,9,1,92,'2014-12-06 11:32:56','2014-12-06 11:49:43',994,'Para soporte ventilador',2,5,1,2,0),(995,13,3,120,'2014-12-09 08:11:54','2014-12-09 15:58:39',995,'X kilo',5,5,1,5,0),(996,13,3,122,'2014-12-09 08:29:50','2014-12-09 15:58:52',996,'X kilo',1,25.14,1,0,0),(997,11,1,38,'2014-12-09 10:22:42','2014-12-09 11:17:29',997,'Mecanico p/tubo fluorescente 30W',4,76.25,1,4,0),(998,2,1,68,'2014-12-09 10:24:59','2014-12-11 08:44:37',998,'Fluorescente 30W',4,26.89,1,0,0),(999,3,2,84,'2014-12-11 16:40:46','2015-01-08 18:30:56',999,'Sintenax 4x16mm.',96,147.62,1,96,0),(1000,6,1,24,'2014-12-11 16:53:13','2014-12-11 18:13:01',1000,'Tea 4x100A',1,130.51,1,1,0),(1001,4,1,22,'2014-12-11 16:57:31','2014-12-11 18:13:42',1001,'Pvc estanca 20x16x10',1,79.24,1,0,0),(1002,5,1,95,'2014-12-11 16:59:27','2014-12-11 18:13:01',1002,'14 mm con tomacable',1,48.83,1,1,0),(1003,24,1,98,'2014-12-11 17:02:48','2014-12-11 18:13:01',1003,'40mm pvc para agua',1,99.6,1,1,0),(1004,24,1,119,'2014-12-11 17:05:39','2014-12-11 18:13:01',1004,'40mm 90° hembra-hembra pvc para agua',1,18.27,1,1,0),(1005,24,1,119,'2014-12-11 17:25:16','2014-12-11 18:13:01',1005,'40mm 90° hembra-macho pvc para agua',1,13.53,1,1,0),(1006,24,1,13,'2014-12-11 17:29:47','2014-12-11 18:13:01',1006,'100mm 45° Macho-Hembra pvc',3,20.53,1,3,0),(1007,24,1,98,'2014-12-11 17:30:54','2014-12-11 18:13:01',1007,'100mm pvc',11,141.76,1,11,0),(1008,4,1,54,'2014-12-11 17:56:44','2014-12-11 18:13:01',1008,'Rapida 1 1/2\"',1,7.5,1,1,0),(1009,7,1,44,'2014-12-11 18:47:35','2015-01-08 18:30:56',1009,'Schneider Termomagnetico 3x25A*',1,338.41,1,1,0),(1010,6,1,12,'2014-12-16 11:10:26','2014-12-18 09:19:28',1010,'Sica 40A bovina 220V*',1,871.5,1,1,0),(1011,6,1,26,'2014-12-16 11:11:57','2014-12-18 09:19:28',1011,'Conmutadora tetrapolar FKH 45A.',1,1904.94,1,1,0),(1012,6,1,36,'2014-12-16 17:38:28','2015-01-09 09:07:05',1012,'Tif 4mm naranja',70,0.48,1,20,0),(1013,6,1,21,'2014-12-17 10:52:00','2014-12-17 10:52:00',1013,'Metalico estanco Genrod 600x600x150',1,1411.1,1,0,0),(1014,6,1,21,'2014-12-17 10:53:21','2014-12-17 10:53:21',1014,'Contrafrente ciego 600x600',1,399.03,1,0,0),(1015,11,1,38,'2014-12-17 11:53:39','2014-12-20 08:50:56',1015,'Electronico 1x36W',2,121,1,2,0),(1016,6,1,36,'2014-12-18 08:22:03','2014-12-18 09:19:28',1016,'Tif 10mm naranja',18,0.79,1,18,0),(1017,9,1,123,'2014-12-18 08:46:16','2014-12-18 09:19:28',1017,'De union 10mm',6,4,1,6,0),(1018,6,1,12,'2015-01-08 08:52:14','2015-01-08 08:54:30',1018,'Sica 9A bovina 220V',1,229.94,1,1,0),(1019,6,1,101,'2015-01-08 15:52:38','2015-01-09 09:07:05',1019,'Tetrapolar 110A',2,978.7,1,1,0),(1020,6,1,124,'2015-01-08 15:54:39','2015-01-08 18:30:56',1020,'Terminal 25mm',8,10.99,1,8,0),(1021,15,1,26,'2015-01-08 16:01:21','2015-01-08 18:30:56',1021,'1 punto JBO completa',10,21.8,1,10,0),(1022,18,1,125,'2015-01-09 16:10:56','2015-01-10 09:34:10',1022,'Para unicanal',40,0,1,0,0),(1023,6,1,21,'2015-01-09 16:17:27','2015-01-09 16:17:27',1023,'Metalico estanco p/6 polos',5,0,1,0,0),(1024,18,1,109,'2015-01-09 16:27:05','2015-01-09 16:52:30',1024,'Bastidor p/ unicanal 100x50',30,0,0,0,0),(1025,18,1,56,'2015-01-09 16:55:06','2015-01-10 10:01:43',1025,'Extremo p/ unicanal 100x50',29,0,1,0,0),(1026,15,1,26,'2015-01-09 16:58:48','2015-01-10 09:54:47',1026,'Toma doble 10A JBO NEGRA',72,32.63,1,0,0),(1027,18,1,126,'2015-01-10 09:28:15','2015-01-10 09:28:15',1027,'Interno para unicanal 100x50',6,0,1,0,0),(1028,3,1,126,'2015-01-10 09:29:57','2015-01-10 09:29:57',1028,'Externo Para unicanal 100x50',3,0,1,0,0),(1029,4,1,98,'2015-01-10 10:03:10','2015-01-10 10:03:10',1029,'Estructural 100x50',7,0,1,0,0);
/*!40000 ALTER TABLE `Articulo` ENABLE KEYS */;
UNLOCK TABLES;

--
-- Table structure for table `ArticuloTipo`
--

DROP TABLE IF EXISTS `ArticuloTipo`;
/*!40101 SET @saved_cs_client     = @@character_set_client */;
/*!40101 SET character_set_client = utf8 */;
CREATE TABLE `ArticuloTipo` (
  `id` int(11) NOT NULL AUTO_INCREMENT,
  `nombre` varchar(255) COLLATE utf8_unicode_ci NOT NULL,
  PRIMARY KEY (`id`)
) ENGINE=InnoDB AUTO_INCREMENT=127 DEFAULT CHARSET=utf8 COLLATE=utf8_unicode_ci;
/*!40101 SET character_set_client = @saved_cs_client */;

--
-- Dumping data for table `ArticuloTipo`
--

LOCK TABLES `ArticuloTipo` WRITE;
/*!40000 ALTER TABLE `ArticuloTipo` DISABLE KEYS */;
INSERT INTO `ArticuloTipo` VALUES (1,'OTROS'),(2,'Dicroica'),(3,'Cuarzo'),(4,'Halogena'),(5,'Mercurio'),(6,'Sodio'),(7,'LED'),(8,'Mezcladora'),(9,'ECO'),(10,'Diferencial'),(11,'Termica'),(12,'Contactor'),(13,'Curva'),(14,'Frente'),(15,'Ficha'),(16,'Fotocontrol'),(17,'Unipolar'),(18,'Subterraneo'),(19,'Telefonico'),(20,'Grampa'),(21,'Gabinete'),(22,'Caja'),(23,'Cablecanal'),(24,'BORNERA'),(25,'Morzeto'),(26,'LLAVE'),(27,'BROCA'),(28,'SIRENA'),(29,'FUSIBLE'),(30,'TEMPORIZADOR'),(31,'PARA RAYOS'),(32,'Tabaquera'),(33,'Prensacable'),(34,'Zocalo'),(35,'FLORON'),(36,'Terminal'),(37,'Transformador'),(38,'BALASTO'),(39,'Capacitor'),(40,'Adhesivo'),(41,'ESPIRALADO'),(42,'Cinta'),(43,'Modulo'),(44,'Interruptor'),(45,'Techo'),(46,'Tapon'),(47,'PILOTO'),(48,'PIPETA'),(49,'SENSOR'),(50,'MENSULA'),(51,'DERIVADOR'),(52,'TANZA'),(53,'GANCHO'),(54,'CUPLA'),(55,'Bastidor'),(56,'TAPA'),(57,'PORTAMODULO'),(58,'PRECINTOS'),(59,'GUIA'),(60,'Termocontraible'),(61,'Soldadura'),(62,'Tuerca'),(63,'Artefacto'),(64,'Niple'),(65,'PORTALAMPARA'),(66,'Industrial'),(67,'Conector'),(68,'Tubo'),(69,'Equipo'),(70,'Señalizador'),(71,'Bateria'),(72,'Periscopio'),(73,'Lapiz'),(74,'Disco'),(75,'Mecha'),(76,'Hoja'),(77,'Aislador'),(78,'Tablero'),(79,'Morza'),(80,'Abrazadera'),(81,'Pinza'),(82,'Lampara'),(83,'Tilla'),(84,'Cable'),(85,'Ignitor'),(86,'Reduccion'),(87,'Bandeja'),(88,'Distribuidor'),(89,'Arandela'),(90,'Espuma'),(91,'Tacofischer'),(92,'Tornillo'),(93,'Union'),(94,'Pegamento'),(95,'Jabalina'),(96,'Seccionador'),(97,'Campanilla'),(98,'Caño'),(99,'Espatula'),(100,'Varilla'),(101,'Peine'),(102,'Arrancador'),(103,'Telefono'),(104,'Pisocanal'),(105,'Riel'),(106,'Boyero'),(107,'Tulipa'),(108,'Soporte'),(109,'Porta'),(110,'Ventilador'),(111,'Tira'),(112,'Cartel'),(113,'Unicanal'),(114,'Boton'),(115,'Perilla'),(116,'Cemento'),(117,'Sal'),(118,'Carbonilla'),(119,'Codo'),(120,'Arena'),(121,'Piedra'),(122,'Brea'),(123,'Mango'),(124,'Perno'),(125,'Separador'),(126,'Angulo');
/*!40000 ALTER TABLE `ArticuloTipo` ENABLE KEYS */;
UNLOCK TABLES;

--
-- Table structure for table `Asiento`
--

DROP TABLE IF EXISTS `Asiento`;
/*!40101 SET @saved_cs_client     = @@character_set_client */;
/*!40101 SET character_set_client = utf8 */;
CREATE TABLE `Asiento` (
  `id` int(11) NOT NULL AUTO_INCREMENT,
  `comprobante_id` int(11) DEFAULT NULL,
  `debe` double NOT NULL,
  `haber` double NOT NULL,
  `cuentaEmpresa_id` int(11) DEFAULT NULL,
  `cuentaCorriente_id` int(11) DEFAULT NULL,
  `orden_id` int(11) DEFAULT NULL,
  PRIMARY KEY (`id`),
  UNIQUE KEY `UNIQ_BE6BEAC025662B3A` (`comprobante_id`),
  UNIQUE KEY `UNIQ_BE6BEAC09750851F` (`orden_id`),
  KEY `IDX_BE6BEAC07D5DA0E9` (`cuentaEmpresa_id`),
  KEY `IDX_BE6BEAC023F998EE` (`cuentaCorriente_id`),
  CONSTRAINT `FK_BE6BEAC023F998EE` FOREIGN KEY (`cuentaCorriente_id`) REFERENCES `CuentaCorriente` (`id`),
  CONSTRAINT `FK_BE6BEAC025662B3A` FOREIGN KEY (`comprobante_id`) REFERENCES `Comprobante` (`id`),
  CONSTRAINT `FK_BE6BEAC07D5DA0E9` FOREIGN KEY (`cuentaEmpresa_id`) REFERENCES `CuentaEmpresa` (`id`),
  CONSTRAINT `FK_BE6BEAC09750851F` FOREIGN KEY (`orden_id`) REFERENCES `Orden` (`id`)
) ENGINE=InnoDB AUTO_INCREMENT=172 DEFAULT CHARSET=utf8 COLLATE=utf8_unicode_ci;
/*!40101 SET character_set_client = @saved_cs_client */;

--
-- Dumping data for table `Asiento`
--

LOCK TABLES `Asiento` WRITE;
/*!40000 ALTER TABLE `Asiento` DISABLE KEYS */;
INSERT INTO `Asiento` VALUES (1,NULL,0,0,NULL,20,123),(2,NULL,123.34,0,NULL,75,121),(3,NULL,0,0,NULL,37,122),(4,NULL,198.34,0,NULL,11,124),(5,NULL,615.74,0,NULL,16,125),(6,NULL,1329.44,0,NULL,73,126),(8,NULL,7625.46,0,NULL,44,104),(9,NULL,1050,0,NULL,20,128),(11,NULL,3350.27,0,NULL,67,130),(12,NULL,600,0,NULL,72,131),(13,NULL,259.94,0,NULL,74,132),(14,NULL,18808.03,0,NULL,8,99),(15,NULL,595.5,0,NULL,72,133),(16,NULL,1802.17,0,NULL,49,134),(17,NULL,388.4,0,NULL,54,135),(18,NULL,600,0,NULL,60,136),(19,NULL,450,0,NULL,18,137),(20,NULL,110,0,NULL,82,138),(21,NULL,706.5,0,NULL,76,139),(22,NULL,1500,0,NULL,28,140),(23,NULL,4827.66,0,NULL,9,141),(24,NULL,3260.29,0,NULL,51,142),(25,NULL,5314.15,0,NULL,28,143),(26,NULL,225,0,NULL,13,144),(27,NULL,225,0,NULL,20,145),(28,NULL,94.09,0,NULL,20,146),(29,NULL,1549.14,0,NULL,9,147),(30,NULL,682.35,0,NULL,12,148),(31,NULL,75,0,NULL,16,149),(32,NULL,600,0,NULL,81,150),(33,NULL,150,0,NULL,18,151),(34,NULL,773.51,0,NULL,66,106),(35,NULL,922.54,0,NULL,14,152),(36,NULL,5784.99,0,NULL,85,153),(37,NULL,1746.07,0,NULL,10,154),(38,NULL,1732.265,0,NULL,14,103),(39,NULL,1191.82,0,NULL,72,109),(40,NULL,192.49,0,NULL,3,4),(41,NULL,227.5,0,NULL,51,155),(42,NULL,75,0,NULL,73,156),(43,NULL,952.9,0,NULL,86,157),(44,NULL,641.22,0,NULL,62,158),(45,NULL,6141.21,0,NULL,28,159),(46,NULL,450,0,NULL,20,160),(47,NULL,479.72,0,NULL,88,161),(48,NULL,1528.8,0,NULL,73,162),(49,NULL,719.99,0,NULL,80,163),(50,NULL,75,0,NULL,67,164),(51,NULL,5410.75,0,NULL,33,165),(52,NULL,362.23,0,NULL,89,166),(53,NULL,75,0,NULL,90,167),(54,NULL,362.4,0,NULL,36,168),(55,NULL,251.12,0,NULL,89,169),(56,NULL,823.39,0,NULL,91,170),(57,NULL,3084.55,0,NULL,74,171),(58,NULL,939.4,0,NULL,28,172),(59,NULL,150,0,NULL,36,173),(60,NULL,1793.59,0,NULL,14,174),(61,NULL,396,0,NULL,9,175),(62,NULL,1020.43,0,NULL,36,176),(63,NULL,100,0,NULL,93,177),(64,NULL,500.13,0,NULL,94,178),(65,NULL,1600,0,NULL,17,179),(66,NULL,100,0,NULL,95,180),(67,NULL,423.49,0,NULL,89,181),(68,NULL,400,0,NULL,8,182),(69,NULL,2009.04,0,NULL,62,183),(70,NULL,518.72,0,NULL,92,184),(71,NULL,365.1,0,NULL,11,185),(72,NULL,1542.5,0,NULL,10,186),(73,NULL,2800,0,NULL,36,187),(74,NULL,1301.12,0,NULL,59,188),(75,NULL,1411.43,0,NULL,96,189),(76,NULL,2987.78,0,NULL,98,190),(77,NULL,430.34,0,NULL,99,191),(78,NULL,69629.32,0,NULL,14,192),(79,NULL,8795.85,0,NULL,8,54),(80,NULL,4430.66,0,NULL,93,193),(81,NULL,112.99,0,NULL,18,194),(82,NULL,200,0,NULL,36,195),(83,NULL,494.66,0,NULL,36,196),(84,NULL,5427.54,0,NULL,100,197),(85,NULL,1335.06,0,NULL,51,198),(86,NULL,945.44,0,NULL,99,199),(87,NULL,100,0,NULL,14,200),(88,NULL,100,0,NULL,41,201),(89,NULL,1600,0,NULL,14,202),(90,NULL,1600,0,NULL,14,203),(91,NULL,38668.45,0,NULL,87,204),(92,NULL,1940.45,0,NULL,13,205),(93,NULL,2700,0,NULL,12,206),(94,NULL,3200,0,NULL,22,207),(95,NULL,266.64,0,NULL,101,208),(97,NULL,4125.24,0,NULL,16,210),(98,NULL,1442.45,0,NULL,98,211),(99,NULL,1643.86,0,NULL,71,212),(100,NULL,800,0,NULL,16,213),(101,NULL,1300,0,NULL,36,214),(102,NULL,2424.43,0,NULL,9,215),(103,NULL,843.76,0,NULL,99,216),(104,NULL,1405.28,0,NULL,28,217),(105,NULL,1175.93,0,NULL,90,218),(106,NULL,794.39,0,NULL,96,219),(107,NULL,5800,0,NULL,16,220),(108,NULL,316.42,0,NULL,104,221),(110,NULL,262.73,0,NULL,86,223),(111,NULL,261.99,0,NULL,17,224),(112,NULL,695.61,0,NULL,71,225),(113,NULL,0,0,NULL,80,226),(114,NULL,323.34,0,NULL,62,227),(115,NULL,911.05,0,NULL,11,228),(116,NULL,2841.3,0,NULL,33,229),(117,NULL,900.24,0,NULL,33,230),(118,NULL,300,0,NULL,17,231),(119,NULL,2619.18,0,NULL,99,232),(120,NULL,100,0,NULL,106,233),(121,NULL,432.63,0,NULL,80,234),(122,NULL,6523.85,0,NULL,102,235),(123,NULL,4753.63,0,NULL,107,236),(124,NULL,1000.05,0,NULL,96,237),(126,NULL,977.6,0,NULL,36,239),(127,NULL,379.94,0,NULL,86,240),(128,NULL,400,0,NULL,111,241),(129,NULL,1400,0,NULL,36,242),(130,NULL,1200,0,NULL,36,243),(131,NULL,300,0,NULL,69,244),(132,NULL,13931.24,0,NULL,108,245),(133,NULL,913.12,0,NULL,112,246),(134,NULL,737.54,0,NULL,110,247),(135,NULL,200,0,NULL,112,248),(136,NULL,330,0,NULL,113,249),(137,NULL,2200,0,NULL,72,250),(138,NULL,200,0,NULL,79,251),(139,NULL,200,0,NULL,11,252),(140,NULL,249.15,0,NULL,26,253),(141,NULL,1236.72,0,NULL,114,254),(142,NULL,784.95,0,NULL,115,255),(144,NULL,4721.1,0,NULL,116,257),(145,NULL,300,0,NULL,28,258),(146,NULL,200,0,NULL,114,259),(147,NULL,2200,0,NULL,117,260),(148,NULL,1700,0,NULL,14,261),(149,NULL,823.66,0,NULL,88,262),(150,NULL,400,0,NULL,71,263),(151,NULL,400,0,NULL,97,264),(152,NULL,200,0,NULL,118,265),(153,NULL,4970.63,0,NULL,79,266),(154,NULL,2272.56,0,NULL,119,267),(155,NULL,100,0,NULL,105,268),(156,NULL,800,0,NULL,36,269),(157,NULL,1104.14,0,NULL,15,270),(158,NULL,962.5,0,NULL,20,271),(159,NULL,787.5,0,NULL,119,272),(160,NULL,737.72,0,NULL,97,273),(161,NULL,352.79,0,NULL,54,274),(162,NULL,568.72,0,NULL,86,275),(163,NULL,2002.74,0,NULL,91,276),(164,NULL,4414.58,0,NULL,10,277),(165,NULL,175,0,NULL,114,278),(166,NULL,828.48,0,NULL,120,279),(167,NULL,545.85,0,NULL,116,280),(168,NULL,579.94,0,NULL,34,281),(169,NULL,612.5,0,NULL,121,282),(170,NULL,87.5,0,NULL,14,283),(171,NULL,525,0,NULL,36,284);
/*!40000 ALTER TABLE `Asiento` ENABLE KEYS */;
UNLOCK TABLES;

--
-- Table structure for table `CantAddArticulo`
--

DROP TABLE IF EXISTS `CantAddArticulo`;
/*!40101 SET @saved_cs_client     = @@character_set_client */;
/*!40101 SET character_set_client = utf8 */;
CREATE TABLE `CantAddArticulo` (
  `id` int(11) NOT NULL AUTO_INCREMENT,
  `articulo_id` int(11) DEFAULT NULL,
  `cantidad` int(11) NOT NULL,
  `addArticulo_id` int(11) DEFAULT NULL,
  PRIMARY KEY (`id`),
  KEY `IDX_F52651FA2DBC2FC9` (`articulo_id`),
  KEY `IDX_F52651FAE5D0E1D5` (`addArticulo_id`),
  CONSTRAINT `FK_F52651FA2DBC2FC9` FOREIGN KEY (`articulo_id`) REFERENCES `Articulo` (`id`),
  CONSTRAINT `FK_F52651FAE5D0E1D5` FOREIGN KEY (`addArticulo_id`) REFERENCES `AddArticulos` (`id`)
) ENGINE=InnoDB AUTO_INCREMENT=47 DEFAULT CHARSET=utf8 COLLATE=utf8_unicode_ci;
/*!40101 SET character_set_client = @saved_cs_client */;

--
-- Dumping data for table `CantAddArticulo`
--

LOCK TABLES `CantAddArticulo` WRITE;
/*!40000 ALTER TABLE `CantAddArticulo` DISABLE KEYS */;
INSERT INTO `CantAddArticulo` VALUES (1,464,3,NULL),(2,95,5,NULL),(3,69,1,NULL),(4,12,1,NULL),(5,322,2,NULL),(6,247,1,NULL),(7,244,1,NULL),(8,117,2,NULL),(9,173,1,NULL),(10,613,40,NULL),(11,611,40,NULL),(12,685,2,NULL),(13,796,15,NULL),(14,597,7,NULL),(15,250,3,NULL),(16,403,5,NULL),(17,403,2,NULL),(18,403,10,NULL),(19,12,1,NULL),(20,830,1,NULL),(21,250,4,NULL),(22,842,1,NULL),(23,270,6,NULL),(24,668,3,NULL),(25,547,4,NULL),(26,612,40,NULL),(27,614,40,NULL),(28,78,2,NULL),(29,173,3,NULL),(30,173,24,NULL),(31,750,20,NULL),(32,402,3,NULL),(33,75,1,NULL),(34,261,2,NULL),(35,75,22,NULL),(36,626,7,NULL),(37,541,9,NULL),(38,549,9,NULL),(39,538,9,NULL),(40,590,9,NULL),(41,533,9,NULL),(42,115,3,NULL),(43,861,2,NULL),(44,666,1,NULL),(45,611,2,NULL),(46,611,2,NULL);
/*!40000 ALTER TABLE `CantAddArticulo` ENABLE KEYS */;
UNLOCK TABLES;

--
-- Table structure for table `CantEntregaHerramienta`
--

DROP TABLE IF EXISTS `CantEntregaHerramienta`;
/*!40101 SET @saved_cs_client     = @@character_set_client */;
/*!40101 SET character_set_client = utf8 */;
CREATE TABLE `CantEntregaHerramienta` (
  `id` int(11) NOT NULL AUTO_INCREMENT,
  `herramienta_id` int(11) DEFAULT NULL,
  `cantidad` int(11) NOT NULL,
  `entregaHerramienta_id` int(11) DEFAULT NULL,
  PRIMARY KEY (`id`),
  KEY `IDX_583FFC09B2C900C2` (`herramienta_id`),
  KEY `IDX_583FFC09D2C89344` (`entregaHerramienta_id`),
  CONSTRAINT `FK_583FFC09B2C900C2` FOREIGN KEY (`herramienta_id`) REFERENCES `Herramienta` (`id`),
  CONSTRAINT `FK_583FFC09D2C89344` FOREIGN KEY (`entregaHerramienta_id`) REFERENCES `EntregasHerramientas` (`id`)
) ENGINE=InnoDB DEFAULT CHARSET=utf8 COLLATE=utf8_unicode_ci;
/*!40101 SET character_set_client = @saved_cs_client */;

--
-- Dumping data for table `CantEntregaHerramienta`
--

LOCK TABLES `CantEntregaHerramienta` WRITE;
/*!40000 ALTER TABLE `CantEntregaHerramienta` DISABLE KEYS */;
/*!40000 ALTER TABLE `CantEntregaHerramienta` ENABLE KEYS */;
UNLOCK TABLES;

--
-- Table structure for table `CantOrden`
--

DROP TABLE IF EXISTS `CantOrden`;
/*!40101 SET @saved_cs_client     = @@character_set_client */;
/*!40101 SET character_set_client = utf8 */;
CREATE TABLE `CantOrden` (
  `id` int(11) NOT NULL AUTO_INCREMENT,
  `orden_id` int(11) DEFAULT NULL,
  `articulo_id` int(11) DEFAULT NULL,
  `cantidad` int(11) NOT NULL,
  `precio` double NOT NULL,
  `cantidadReservada` int(11) DEFAULT NULL,
  PRIMARY KEY (`id`),
  KEY `IDX_B0A6E4E89750851F` (`orden_id`),
  KEY `IDX_B0A6E4E82DBC2FC9` (`articulo_id`),
  CONSTRAINT `FK_B0A6E4E82DBC2FC9` FOREIGN KEY (`articulo_id`) REFERENCES `Articulo` (`id`),
  CONSTRAINT `FK_B0A6E4E89750851F` FOREIGN KEY (`orden_id`) REFERENCES `Orden` (`id`)
) ENGINE=InnoDB AUTO_INCREMENT=1439 DEFAULT CHARSET=utf8 COLLATE=utf8_unicode_ci;
/*!40101 SET character_set_client = @saved_cs_client */;

--
-- Dumping data for table `CantOrden`
--

LOCK TABLES `CantOrden` WRITE;
/*!40000 ALTER TABLE `CantOrden` DISABLE KEYS */;
INSERT INTO `CantOrden` VALUES (1,4,684,6,0,0),(2,4,685,6,0,0),(25,8,287,1,0,0),(28,12,157,1,0,0),(29,12,156,1,0,0),(30,12,173,1,1.23,0),(31,12,117,2,9.19,0),(32,12,244,1,5.46,0),(33,12,247,1,5.29,0),(34,12,703,1,0,0),(37,13,543,30,5.48,0),(38,13,538,30,5.48,0),(39,13,548,20,3.44,0),(40,13,254,3,36.39,0),(41,13,116,4,10.82,0),(42,13,117,4,9.19,0),(43,13,718,1,18.3,0),(44,13,716,1,88.68,0),(45,13,180,1,19.25,0),(46,13,307,1,40.55,0),(47,13,12,1,8.66,0),(48,13,715,4,10.89,0),(49,13,717,3,79.95,0),(50,14,67,2,6.36,0),(51,13,247,2,5.29,0),(52,13,244,2,5.46,0),(53,13,173,4,1.23,0),(54,15,69,4,7.9,0),(55,15,695,1,0,0),(56,15,516,1,4.3,0),(57,15,95,4,56.34,0),(58,15,704,3,9.42,0),(59,16,172,1,6.46,0),(60,16,173,1,1.23,0),(61,16,722,6,0.36,0),(62,16,65,2,3.88,0),(63,16,115,1,3.25,0),(64,16,322,2,1.56,0),(65,16,666,1,19.29,0),(66,16,627,3,10.96,0),(67,16,538,12,5.48,0),(68,16,713,1,0,0),(69,16,714,1,0,0),(70,9,706,1,0,0),(71,9,707,1,0,0),(72,9,708,4,0,0),(73,9,709,1,0,0),(74,9,710,1,0,0),(75,9,711,1,0,0),(76,9,712,1,0,0),(77,9,116,3,10.82,0),(78,9,117,1,9.19,0),(79,9,173,1,1.23,0),(80,9,247,1,5.29,0),(81,9,244,1,5.46,0),(82,9,701,5,0,0),(83,9,548,1,3.44,0),(84,16,695,1,29,0),(85,18,548,15,3.44,0),(86,18,540,15,3.44,0),(87,18,544,15,3.44,0),(88,18,30,1,25.77,0),(89,18,719,20,11.9,0),(90,18,113,1,47.8,0),(91,18,104,1,23.07,0),(92,18,54,1,7.44,0),(93,19,623,5,968,0),(94,19,622,4,615,0),(95,19,556,5,13.4,0),(96,20,211,1,10.82,0),(97,19,733,1,55.92,0),(98,9,540,1,3.44,0),(99,9,498,1,18.5,0),(100,9,106,1,77.45,0),(101,21,106,1,77.45,0),(102,21,498,1,18.5,0),(103,21,548,1,3.44,0),(104,22,738,2,43.34,0),(105,22,137,1,23.84,0),(106,24,117,1,9.19,0),(107,25,247,7,5.29,0),(108,25,244,7,5.46,0),(109,25,117,8,9.19,0),(110,25,116,4,10.82,0),(111,25,173,7,1.23,0),(112,25,501,1,149.76,0),(113,25,616,6,4.4,0),(114,25,123,3,8.66,0),(115,25,18,1,17.6,0),(116,25,538,22,5.48,0),(117,25,543,22,5.48,0),(118,25,533,22,5.48,0),(119,25,737,1,4.4,0),(120,25,548,26,3.44,0),(121,25,729,1,18.46,0),(122,25,666,7,19.29,0),(123,25,322,15,1.56,0),(124,25,12,7,8.66,0),(125,25,730,2,311.72,0),(126,25,342,4,18.5,0),(127,25,731,1,22.05,0),(128,26,612,20,0.3,0),(129,26,614,20,0.2,0),(130,28,308,1,0,0),(131,29,753,2,0,0),(132,29,157,2,0,0),(133,29,156,2,0,0),(135,34,12,1,4.52,0),(136,34,247,2,5.29,0),(137,34,244,2,5.46,0),(138,34,117,3,9.19,0),(139,34,712,6,4.99,0),(140,34,105,5,69.74,0),(141,34,106,1,69.74,0),(142,34,68,5,21.24,0),(143,34,754,1,55.9,0),(144,34,755,1,9.61,0),(145,34,331,2,3.95,0),(146,34,533,2,5.48,0),(147,34,538,2,5.48,0),(148,34,633,2,5.48,0),(149,34,173,3,1.23,0),(150,34,72,1,4.95,0),(151,34,342,6,18.5,0),(152,35,114,2,4.52,0),(153,35,117,4,9.19,0),(154,35,323,3,3.75,0),(155,35,450,2,29.24,0),(156,35,577,1,114.23,0),(157,35,538,2,5.48,0),(158,35,543,2,5.48,0),(159,35,633,2,5.48,0),(160,35,756,6,22.23,0),(161,35,757,1,15,0),(162,35,678,2,26.24,0),(163,35,758,8,11.49,0),(164,35,533,4,5.48,0),(165,35,634,2,46.05,0),(166,35,759,6,6.17,0),(167,35,172,4,6.46,0),(168,35,760,1,0,0),(169,26,115,3,3.25,0),(170,26,324,3,1.93,0),(171,26,78,6,2.6,0),(172,26,378,4,21.47,0),(173,26,172,4,6.46,0),(174,26,117,4,9.19,0),(175,26,631,1,114.23,0),(176,26,306,1,0,0),(177,26,540,10,3.44,0),(178,26,548,10,3.44,0),(179,26,666,2,19.29,0),(180,26,498,1,18.5,0),(181,26,712,1,4.99,0),(182,26,148,2,35,0),(183,26,106,1,69.74,0),(184,26,556,1,13.4,0),(185,26,322,6,1.56,0),(186,38,110,6,16.2,0),(187,38,247,6,5.29,0),(188,38,117,11,9.19,0),(189,38,666,3,19.29,0),(190,38,115,4,3.25,0),(191,38,613,20,0.2,0),(192,38,611,20,0.3,0),(193,38,743,2,0,0),(194,38,322,8,1.56,0),(195,38,538,15,5.48,0),(196,38,543,15,5.48,0),(197,38,533,15,5.48,0),(198,38,244,6,5.46,0),(199,38,173,7,1.23,0),(200,38,78,10,2.6,0),(201,40,540,5,5.48,0),(202,41,761,1,875.7,0),(203,41,480,1,17.95,0),(204,42,95,2,56.34,0),(205,43,69,2,7.9,0),(206,43,134,1,18.16,0),(207,43,137,1,23.84,0),(275,46,735,13,8.53,0),(276,46,612,8,0.3,0),(277,46,770,8,0,0),(278,47,157,1,123.34,0),(279,47,156,1,0,0),(280,47,113,1,47.8,0),(281,47,30,1,26,0),(282,47,54,1,7.44,0),(283,50,762,1,0,0),(284,50,69,3,7.9,0),(285,51,734,1,240,0),(286,52,12,2,8.66,0),(287,52,538,10,5.48,0),(288,52,590,10,5.48,0),(289,52,533,10,5.48,0),(290,52,540,10,3.44,0),(291,52,247,3,5.29,0),(292,52,244,2,5.46,0),(293,52,117,4,9.19,0),(294,52,173,2,1.23,0),(295,52,116,4,10.82,0),(296,52,79,1,3.75,0),(297,52,115,3,3.25,0),(298,52,666,2,19.29,0),(299,52,322,4,1.56,0),(300,53,464,3,0,0),(301,53,95,5,56.34,0),(302,53,69,1,7.9,0),(303,53,12,1,8.66,0),(304,53,322,2,1.56,0),(305,53,247,1,5.29,0),(306,53,244,1,5.46,0),(307,53,117,2,9.19,0),(308,53,173,1,1.23,0),(309,53,613,40,0.2,0),(310,53,611,40,0.3,0),(311,53,685,2,0,0),(312,54,672,2,68.03,0),(313,54,486,1,14.16,0),(314,56,778,20,6,0),(315,57,115,1,3.25,0),(316,58,693,3,0,0),(317,54,352,1,0,0),(318,60,712,6,5.5,0),(319,60,105,2,69.74,0),(320,60,342,4,18.5,0),(321,60,784,1,87.31,0),(322,54,712,1,5.5,0),(323,63,148,6,35,0),(324,63,712,6,5.5,0),(325,63,105,3,69.74,0),(326,63,106,3,77.45,0),(327,63,342,3,18.5,0),(328,63,498,3,18.5,0),(329,63,548,5,3.44,0),(330,64,672,1,68.03,0),(331,64,106,1,77.45,0),(332,68,13,1,120.75,0),(333,68,65,1,3.88,0),(334,68,666,1,19.29,0),(335,68,627,2,10.96,0),(336,68,538,6,5.48,0),(337,68,633,6,5.48,0),(338,68,533,6,56,0),(339,68,322,1,1.56,0),(340,54,796,2,0,0),(341,70,123,4,8.66,0),(342,70,18,2,17.6,0),(343,70,678,3,26.24,0),(344,70,322,5,1.56,0),(345,70,78,36,2.6,0),(346,70,122,1,5.27,0),(347,70,538,110,5.48,0),(348,70,590,27,5.48,0),(349,70,547,15,8.5,0),(350,70,548,50,3.44,0),(351,70,270,1,114.23,0),(352,70,181,2,19.25,0),(353,70,408,2,0,0),(354,70,572,2,127.94,0),(355,70,274,1,481.99,0),(356,70,141,1,0,0),(357,70,115,18,3.25,0),(358,70,551,10,5.48,0),(359,70,12,1,8.66,0),(360,70,611,15,0.3,0),(361,70,613,15,0.2,0),(362,71,779,2,133.88,0),(363,71,113,2,47.8,0),(364,71,30,2,26,0),(365,71,797,2,0,0),(366,71,735,4,8.53,0),(367,11,599,13,0,0),(368,11,233,6,5.13,0),(369,11,644,66,0,0),(370,11,245,6,5.39,0),(371,11,645,4,0,0),(372,11,646,4,0,0),(373,11,647,1,1020.51,0),(374,11,648,3,0,0),(375,11,261,3,0,0),(376,11,262,3,0,0),(377,11,649,1,0,0),(378,11,608,1,0,0),(379,11,650,5,0,0),(380,11,651,11,0,0),(381,11,652,2,0,0),(382,11,653,2,0,0),(383,11,654,3,0,0),(384,11,655,7,0,0),(385,11,656,1,208.89,0),(386,11,156,1,41.75,0),(387,11,157,1,123.34,0),(388,11,657,30,0,0),(389,11,343,60,0,0),(390,11,658,6,0,0),(391,11,659,6,0,0),(392,11,256,6,46.24,0),(393,11,597,20,193.91,0),(394,11,660,6,0,0),(395,11,598,10,151.35,0),(396,11,661,150,0,0),(397,11,558,230,21.11,0),(398,11,662,90,25.88,0),(399,11,627,110,10.96,0),(400,11,626,55,24,0),(401,11,663,150,31.72,0),(402,11,583,15,37.96,0),(403,11,250,16,10.15,0),(404,11,664,30,0,0),(405,11,665,4,0,0),(406,11,666,20,19.29,0),(407,11,115,10,3.25,0),(408,11,322,30,1.56,0),(409,11,12,10,8.66,0),(410,11,123,6,8.66,0),(411,11,18,5,17.6,0),(412,11,122,2,5.27,0),(413,11,543,40,5.48,0),(414,11,538,40,5.48,0),(415,11,633,80,5.48,0),(416,11,533,60,5.48,0),(417,11,548,40,3.44,0),(418,11,641,40,3.44,0),(419,11,667,3,0,0),(420,11,668,10,0,0),(421,11,669,2,0,0),(422,11,798,6,0,0),(423,11,671,2,0,0),(424,11,799,4,0,0),(425,69,796,12,113.9,0),(426,69,800,2,108.82,0),(427,69,464,1,127.82,0),(428,69,95,1,56.34,0),(429,73,803,1,0,0),(430,73,801,1,0,0),(431,73,802,1,0,0),(432,73,804,1,139,0),(433,54,597,7,193.91,0),(434,11,698,40,0,0),(435,11,805,80,0,0),(436,11,673,6,0,0),(437,11,408,10,0,0),(438,11,620,4,0,0),(439,11,674,100,70.61,0),(440,11,614,100,0.2,0),(441,11,612,100,0.3,0),(442,11,613,100,0.2,0),(443,11,611,100,0.3,0),(444,11,205,240,0.9,0),(445,11,697,240,0.56,0),(446,11,594,40,0,0),(447,11,595,12,0,0),(448,11,596,20,0,0),(449,11,763,1,0,0),(450,11,806,2,0,0),(451,11,807,1,0,0),(452,11,403,5,10.46,0),(453,11,188,2,38.58,0),(454,11,699,1,0,0),(455,11,740,8,11.49,0),(456,11,92,8,0,0),(457,11,750,30,0,0),(458,11,545,4,12.57,0),(459,11,542,6,12.57,0),(460,11,550,4,12.57,0),(461,11,535,2,12.57,0),(462,11,90,3,7.99,0),(463,11,534,2,22.23,0),(464,11,700,2,22.23,0),(465,11,552,2,22.23,0),(466,11,808,1,0,0),(467,74,809,1,83.67,0),(468,74,810,1,331.49,0),(469,76,533,7,5.48,0),(470,76,543,7,5.48,0),(471,76,538,7,5.48,0),(472,76,247,3,5.29,0),(473,76,244,3,5.46,0),(474,76,117,5,9.19,0),(475,76,173,4,1.23,0),(476,76,764,2,112.16,0),(477,54,795,2,0,0),(478,54,464,4,127.82,0),(479,54,116,4,10.82,0),(480,54,215,1,9.19,0),(481,54,794,3,0,0),(482,77,829,2,0,0),(483,77,830,1,0,0),(484,54,16,20,61.6,0),(485,54,123,18,8.66,0),(486,54,18,9,17.6,0),(487,54,122,4,5.27,0),(488,54,12,13,8.66,0),(489,54,587,1,32.74,0),(490,54,378,1,21.47,0),(491,82,715,1,11.43,0),(492,54,398,1,45.07,0),(493,54,93,4,0,0),(494,88,672,3,68.03,0),(495,88,767,1,165.1,0),(496,89,774,3,256.72,0),(497,89,857,3,541.59,0),(498,54,782,1,0,0),(499,54,250,1,10.82,0),(500,93,12,5,9.53,0),(501,93,123,2,9.53,0),(502,93,18,1,19.36,0),(503,93,856,1,37.96,0),(504,93,66,4,0,0),(505,93,322,13,1.66,0),(506,93,666,8,19.29,0),(507,93,855,3,5.79,0),(508,93,247,4,5.66,0),(509,93,244,4,5.84,0),(510,93,173,5,1.3,0),(511,93,117,6,9.82,0),(512,93,116,1,11.55,0),(513,93,616,1,4.4,0),(514,93,633,14,5.48,0),(515,93,538,14,5.48,0),(516,93,533,14,5.48,0),(517,93,540,4,3.44,0),(518,93,545,1,12.57,0),(519,93,630,1,52.88,0),(520,93,115,3,3.25,0),(521,93,735,5,8.53,0),(522,94,247,1,5.66,0),(523,94,244,1,5.84,0),(524,94,173,2,1.3,0),(525,54,663,150,31.72,0),(526,96,572,1,127.94,0),(527,99,12,3,9.53,0),(540,99,861,10,9.53,0),(541,101,860,16,0,0),(542,101,545,76,12.57,0),(543,101,531,86,12.57,0),(544,101,614,80,0.2,0),(545,101,612,80,0.3,0),(546,101,858,50,0,0),(547,101,109,2,0,0),(548,101,78,14,2.6,0),(549,101,89,3,0,0),(550,101,750,40,0,0),(551,101,859,2,81.03,0),(552,101,663,70,31.72,0),(553,101,48,3,0,0),(554,101,598,2,151.35,0),(555,101,42,3,0,0),(556,101,862,6,0,0),(557,102,829,1,3.6,0),(558,102,690,1,5.06,0),(559,102,830,2,0,0),(560,102,863,1,0,0),(561,108,250,1,10.82,0),(562,108,173,3,1.3,0),(563,108,117,3,9.82,0),(564,108,403,1,11.16,0),(565,110,666,1,19.29,0),(566,110,322,1,1.66,0),(567,110,864,4,0,0),(568,110,865,4,0,0),(569,110,538,4,5.48,0),(570,110,543,4,5.48,0),(571,110,533,4,5.48,0),(572,110,247,1,5.66,0),(573,110,244,1,5.84,0),(574,110,173,1,1.3,0),(575,110,117,2,9.82,0),(576,110,110,1,22.03,0),(577,110,78,2,2.6,0),(578,110,613,6,0.2,0),(579,110,611,6,0.3,0),(580,110,866,4,0,0),(581,99,782,1,0,0),(582,111,105,1,69.74,0),(583,111,712,2,5.5,0),(584,111,342,1,18.5,0),(585,111,467,1,26.87,0),(586,111,821,2,0,0),(587,111,867,1,0,0),(588,107,110,1,22.03,0),(589,107,247,1,5.66,0),(590,107,244,1,5.84,0),(591,107,173,1,1.3,0),(592,107,117,1,9.82,0),(593,112,868,1,211.2,0),(594,113,869,1,87.28,0),(595,108,870,1,0,0),(596,114,767,1,165.1,0),(597,114,871,1,79.94,0),(598,114,695,1,26.99,0),(599,114,735,2,8.53,0),(600,115,464,2,127.82,0),(601,101,627,10,10.96,0),(602,101,543,20,5.48,0),(603,101,668,6,0,0),(604,101,873,3,100,0),(605,101,403,12,11.16,0),(606,101,189,60,22.83,0),(607,101,532,32,8.5,0),(608,101,587,3,32.74,0),(609,101,250,12,10.82,0),(610,101,173,75,1.3,0),(611,116,872,2,13.91,0),(612,116,247,1,5.66,0),(613,116,244,1,5.84,0),(614,116,173,2,1.3,0),(615,116,729,1,19.71,0),(616,116,547,5,8.5,0),(617,116,549,5,8.5,0),(618,116,110,1,22.03,0),(619,116,133,1,0,0),(620,116,533,5,5.48,0),(621,117,761,1,875.7,0),(622,117,874,1,0,0),(623,117,875,1,0,0),(624,117,322,1,1.66,0),(625,117,139,1,7.8,0),(626,117,666,1,19.29,0),(627,117,480,1,17.95,0),(628,117,774,1,256.72,0),(629,117,540,10,3.44,0),(630,99,668,3,0,0),(631,101,836,12,32.74,0),(632,101,678,1,26.24,0),(633,101,75,2,3.23,0),(634,101,402,6,32.04,0),(635,101,270,6,114.23,0),(636,101,269,3,114.23,0),(637,101,632,7,0,0),(638,101,26,1,221.95,0),(639,101,842,1,988.94,0),(640,101,541,1,8.5,0),(641,101,878,1,0,0),(642,101,877,1,0,0),(643,101,182,10,19.25,0),(644,101,323,2,3.75,0),(645,101,879,36,0,0),(646,101,880,12,0,0),(647,101,669,2,0,0),(648,101,795,2,0,0),(649,101,808,1,0,0),(650,101,535,4,12.57,0),(651,101,79,4,3.75,0),(652,101,881,1,0,0),(653,101,262,3,0,0),(654,101,261,1,0,0),(655,101,882,3,0,0),(656,101,883,4,0,0),(657,101,619,7,0,0),(658,101,884,1,0,0),(659,101,349,2,0,0),(660,99,847,1,0,0),(661,118,871,1,79.94,0),(662,119,247,1,5.66,0),(663,119,244,1,5.84,0),(664,119,211,1,10.82,0),(665,119,173,1,1.3,0),(666,119,117,1,9.82,0),(667,121,157,1,123.34,0),(668,121,499,1,0,0),(669,124,157,1,123.34,0),(670,125,575,2,157.87,0),(671,126,69,11,7.9,0),(672,126,486,7,14.16,0),(673,126,712,4,5.5,0),(674,126,105,2,69.74,0),(675,126,342,1,18.5,0),(676,126,885,2,0,0),(677,126,773,2,256.72,0),(678,126,782,4,0,0),(679,104,115,15,3.25,0),(680,104,666,11,19.29,0),(681,104,322,23,1.66,0),(682,104,678,5,26.24,0),(683,104,114,7,4.52,0),(684,104,516,9,4.3,0),(685,104,886,4,0,0),(686,104,517,2,8.49,0),(687,104,26,1,221.95,0),(688,104,75,30,3.23,0),(689,104,323,6,3.75,0),(690,104,633,40,5.48,0),(691,104,533,51,5.48,0),(692,104,538,60,5.48,0),(693,104,630,1,52.88,0),(694,104,549,7,8.5,0),(695,104,554,6,8.5,0),(696,104,116,4,11.55,0),(697,104,173,16,1.3,0),(698,104,644,16,0,0),(699,104,247,12,5.66,0),(700,104,599,12,5.84,0),(701,104,272,2,52.88,0),(702,104,628,1,872.83,0),(703,104,829,4,3.6,0),(704,104,616,2,4.4,0),(705,104,613,40,0.2,0),(706,104,611,40,0.3,0),(707,104,614,40,0.2,0),(708,104,612,40,0.3,0),(709,104,78,20,2.6,0),(710,104,548,20,3.59,0),(711,130,233,2,5.46,0),(712,130,245,1,5.39,0),(713,130,117,1,9.82,0),(714,130,467,3,26.87,0),(715,130,548,15,3.59,0),(716,130,778,4,6.24,0),(717,130,538,15,5.69,0),(718,130,633,15,5.69,0),(719,130,887,3,62.5,0),(720,130,888,3,8.25,0),(721,130,889,1,95.61,0),(722,130,695,2,26.99,0),(723,130,540,2,3.59,0),(724,132,890,1,105,0),(725,132,871,1,79.94,0),(726,99,538,194,5.69,0),(727,99,537,3,36.19,0),(728,99,530,10,36.19,0),(729,99,540,28,3.59,0),(730,99,545,35,13.06,0),(731,99,548,96,3.59,0),(732,99,546,3,23.13,0),(733,99,641,15,3.59,0),(734,99,554,25,8.84,0),(735,99,553,31,5.69,0),(736,133,887,9,62.5,0),(737,133,888,4,8.25,0),(738,99,541,77,8.84,0),(739,99,543,62,5.69,0),(740,99,544,11,3.59,0),(741,99,542,5,13.06,0),(742,99,552,3,23.13,0),(743,99,551,21,5.69,0),(744,99,549,121,8.84,0),(745,134,698,1,0,0),(746,134,205,4,0.9,0),(747,134,774,1,256.72,0),(748,134,233,1,5.46,0),(749,134,245,1,5.39,0),(750,134,78,8,2.6,0),(751,134,641,20,3.59,0),(752,134,548,7,3.59,0),(753,134,123,1,9.53,0),(754,134,105,2,76.25,0),(755,134,666,4,19.29,0),(756,134,115,6,3.25,0),(757,134,613,6,0.2,0),(758,134,611,6,0.3,0),(759,134,65,2,3.88,0),(760,134,893,1,3.49,0),(761,99,712,12,5.5,0),(762,134,712,2,5.5,0),(763,134,342,2,18.5,0),(764,134,809,1,83.67,0),(765,134,710,1,26.66,0),(766,134,322,4,1.75,0),(767,99,532,24,8.84,0),(768,99,531,49,13.06,0),(769,99,533,44,5.69,0),(770,135,562,2,6.7,0),(771,138,894,1,35,0),(772,139,895,15,3.26,0),(773,139,549,5,8.84,0),(774,139,541,5,8.84,0),(775,139,536,5,8.84,0),(776,141,666,1,19.29,0),(777,141,634,1,46.5,0),(778,141,678,3,26.24,0),(779,141,836,4,32.99,0),(780,141,896,1,26.49,0),(781,141,230,1,26.49,0),(782,141,250,1,10.82,0),(783,141,403,1,11.16,0),(784,141,188,1,38.58,0),(785,141,759,10,6.17,0),(786,141,740,7,11.49,0),(787,141,64,1,0,0),(788,141,323,6,4.05,0),(789,141,322,1,1.75,0),(790,141,450,1,29.24,0),(791,141,114,5,4.52,0),(792,141,742,1,155.79,0),(793,141,173,6,1.3,0),(794,141,117,2,9.82,0),(795,141,75,10,3.23,0),(796,141,613,40,0.2,0),(797,141,611,40,0.3,0),(798,141,545,2,13.06,0),(799,141,535,4,23.13,0),(800,141,897,1,1020.15,0),(801,141,181,3,19.25,0),(802,141,182,3,19.25,0),(803,141,48,3,0,0),(804,141,590,6,5.69,0),(805,141,538,6,5.69,0),(806,141,533,6,5.69,0),(807,141,35,1,0.39,0),(816,143,323,130,4.05,0),(817,142,666,5,19.29,0),(818,142,115,2,3.25,0),(819,142,538,15,5.69,0),(820,142,540,15,3.59,0),(821,142,892,30,5.69,0),(822,142,322,2,1.75,0),(823,142,635,1,64,0),(824,142,871,1,79.94,0),(825,146,898,1,19.09,0),(826,147,899,1,70.1,0),(827,147,684,1,1104.04,0),(828,148,900,1,68.33,0),(829,148,117,1,9.82,0),(830,148,613,6,0.2,0),(831,148,611,6,0.3,0),(832,148,901,4,0.3,0),(833,106,549,15,8.84,0),(834,106,541,15,8.84,0),(835,106,538,15,5.69,0),(836,99,18,1,19.36,0),(837,99,139,3,7.8,0),(838,152,666,1,19.29,0),(839,152,115,1,3.25,0),(840,153,110,6,22.03,0),(841,153,247,4,5.66,0),(842,153,244,4,5.84,0),(843,153,117,7,9.82,0),(844,153,116,1,11.55,0),(845,153,173,4,1.3,0),(846,153,678,15,26.24,0),(847,153,666,5,19.29,0),(848,153,78,5,2.6,0),(849,153,75,20,3.23,0),(850,153,867,2,19.74,0),(851,153,323,15,4.05,0),(852,153,322,11,1.75,0),(853,153,836,6,32.99,0),(854,153,903,1,0,0),(855,153,904,1,0,0),(856,153,611,50,0.3,0),(857,153,613,50,0.2,0),(858,153,533,9,5.69,0),(859,153,540,30,3.59,0),(860,153,590,9,5.69,0),(861,153,538,9,5.69,0),(862,153,18,1,19.36,0),(863,153,861,5,9.53,0),(864,153,549,7,8.84,0),(865,153,541,7,8.84,0),(866,153,115,3,3.25,0),(867,153,616,1,4.4,0),(868,143,267,9,3.49,0),(869,143,705,4,0,0),(870,143,117,2,9.82,0),(871,143,613,30,0.2,0),(872,143,611,30,0.3,0),(873,143,678,100,26.24,0),(874,143,114,100,4.52,0),(875,143,18,85,19.36,0),(876,154,110,3,22.03,0),(877,154,905,1,32.44,0),(878,154,906,1,23.92,0),(879,154,613,20,0.2,0),(880,154,611,20,0.3,0),(881,154,556,12,13.4,0),(882,154,872,2,13.91,0),(883,103,861,4,9.53,0),(884,103,666,1,19.29,0),(885,103,322,4,1.75,0),(886,103,323,2,4.05,0),(887,103,614,50,0.2,0),(888,103,612,50,0.3,0),(889,103,613,20,0.2,0),(890,103,611,20,0.3,0),(891,103,626,17,26.61,0),(892,106,590,15,5.69,0),(893,106,533,15,5.69,0),(894,106,666,3,19.29,0),(895,106,678,3,26.24,0),(896,106,322,5,1.75,0),(897,106,114,3,4.52,0),(898,106,123,1,9.53,0),(899,106,861,2,9.53,0),(900,106,115,3,3.25,0),(901,109,698,5,34.68,0),(902,109,205,40,0.95,0),(903,109,627,67,11.22,0),(904,109,134,1,18.69,0),(905,109,137,1,24.57,0),(906,109,78,40,2.6,0),(907,109,75,18,3.23,0),(908,109,908,50,0,0),(909,109,65,6,3.88,0),(910,109,909,2,0,0),(911,4,526,2,0,0),(912,4,380,1,192.49,0),(913,155,910,1,0,0),(914,153,911,1,20,0),(915,153,912,1,0,0),(916,99,110,1,22.03,0),(917,157,69,2,7.9,0),(918,157,230,2,26.49,0),(919,157,173,2,1.3,0),(920,157,704,2,9.42,0),(921,157,95,2,56.34,0),(922,158,889,2,95.61,0),(923,159,538,28,5.69,0),(924,159,543,26,5.69,0),(925,159,836,4,32.99,0),(926,159,378,3,21.47,0),(927,159,322,13,1.75,0),(928,159,666,18,19.29,0),(929,159,115,4,3.25,0),(930,159,78,20,2.6,0),(931,159,613,50,0.2,0),(932,159,611,50,0.3,0),(933,159,915,1,28.89,0),(934,159,916,4,52.29,0),(935,159,914,6,473.26,0),(936,161,467,2,26.87,0),(937,161,715,1,11.43,0),(938,161,69,1,7.9,0),(939,161,704,3,9.42,0),(940,161,95,1,56.34,0),(941,161,917,1,22.05,0),(942,162,918,2,539.4,0),(943,163,548,24,3.59,0),(944,163,543,12,5.69,0),(945,163,307,1,40.55,0),(946,165,666,10,19.29,0),(947,165,78,20,2.6,0),(948,165,611,30,0.3,0),(949,165,613,30,0.2,0),(950,165,587,4,32.99,0),(951,165,65,3,3.88,0),(952,165,322,8,1.75,0),(953,165,662,80,26.53,0),(954,165,701,200,0,0),(955,165,572,2,137.54,0),(956,165,714,1,115.77,0),(957,165,543,5,5.69,0),(958,165,538,5,5.69,0),(959,165,116,2,11.55,0),(960,166,113,1,53.74,0),(961,166,50,1,8.49,0),(962,168,306,1,62.4,0),(963,169,69,2,7.9,0),(964,169,486,2,14.16,0),(965,169,95,2,66,0),(966,170,254,1,43.7,0),(967,170,157,1,123.34,0),(968,170,766,1,6.42,0),(969,170,616,3,4.65,0),(970,170,640,1,10,0),(971,170,116,2,12.99,0),(972,171,704,1,10.82,0),(973,171,921,1,7,0),(974,171,255,1,29.57,0),(975,171,889,1,95.61,0),(976,171,548,20,3.59,0),(977,171,913,20,3.59,0),(978,171,544,20,3.59,0),(979,171,540,20,3.59,0),(980,171,920,25,3.29,0),(981,171,18,1,19.94,0),(982,171,666,4,19.29,0),(983,172,922,2,19.7,0),(984,174,290,1,0,0),(985,174,29,2,48,0),(986,174,907,6,40.57,0),(987,174,450,1,29.24,0),(988,174,642,8,61.03,0),(989,174,113,3,53.74,0),(990,174,50,3,8.49,0),(991,174,142,1,0,0),(992,175,29,2,48,0),(993,176,923,3,206.81,0),(994,178,648,3,66.71,0),(995,181,500,1,63.01,0),(996,181,924,1,60.48,0),(997,183,21,1,99.87,0),(998,183,926,1,183.92,0),(999,183,925,1,311.72,0),(1000,183,928,1,31.75,0),(1001,183,631,1,114.23,0),(1002,183,929,20,0.6,0),(1003,183,930,1,15,0),(1004,183,307,1,40.55,0),(1005,183,311,1,0,0),(1006,183,284,1,0,0),(1007,184,704,1,10.82,0),(1008,184,69,1,7.9,0),(1009,99,836,10,32.99,0),(1010,185,767,1,165.1,0),(1011,186,447,8,128,0),(1012,186,498,1,18.5,0),(1013,99,678,5,26.24,0),(1014,99,666,2,19.29,0),(1015,99,339,3,0,0),(1016,99,322,5,1.75,0),(1017,99,115,8,3.25,0),(1018,99,114,33,4.52,0),(1019,188,690,16,5.42,0),(1020,188,829,4,3.6,0),(1021,189,715,1,11.43,0),(1022,99,498,1,18.5,0),(1023,190,914,3,473.26,0),(1024,190,447,6,128,0),(1025,191,494,1,230.34,0),(1026,191,935,1,0,0),(1027,54,616,1,4.65,0),(1028,54,839,3,5.61,0),(1029,54,893,1,3.49,0),(1030,193,666,1,19.29,0),(1031,193,625,45,34.84,0),(1032,193,378,1,12.49,0),(1033,193,613,20,0.21,0),(1034,193,611,20,0.32,0),(1035,193,322,1,1.75,0),(1036,193,65,1,4.28,0),(1037,193,701,100,20.06,0),(1038,193,78,2,2.6,0),(1039,193,47,1,0,0),(1040,193,115,1,3.25,0),(1041,194,116,1,12.99,0),(1042,196,283,1,194.66,0),(1043,54,117,1,11.04,0),(1044,54,644,2,11.04,0),(1045,54,214,8,11.04,0),(1046,54,233,4,6.14,0),(1047,197,735,3,9.18,0),(1048,198,666,2,19.29,0),(1049,198,115,3,3.25,0),(1050,198,322,2,1.75,0),(1051,198,78,4,2.6,0),(1052,198,110,2,23.58,0),(1053,198,945,10,1.06,0),(1054,198,611,10,0.32,0),(1055,198,905,1,32.44,0),(1056,198,843,2,193.86,0),(1057,198,543,5,5.69,0),(1058,198,538,5,5.69,0),(1059,198,533,5,5.69,0),(1060,198,247,1,6.36,0),(1061,199,331,2,3.95,0),(1062,199,322,2,1.75,0),(1063,199,666,2,19.29,0),(1064,199,533,5,5.69,0),(1065,199,892,5,5.69,0),(1066,199,543,5,5.69,0),(1067,199,123,1,10.11,0),(1068,205,322,8,1.75,0),(1069,205,115,5,3.25,0),(1070,205,953,4,4.65,0),(1071,205,538,10,5.69,0),(1072,205,543,10,5.69,0),(1073,205,666,3,19.29,0),(1074,205,548,15,3.59,0),(1075,205,590,5,5.69,0),(1076,205,18,1,20.54,0),(1077,205,123,1,10.11,0),(1078,205,893,2,3.49,0),(1079,208,954,1,34.04,0),(1080,208,541,15,8.84,0),(1095,211,54,5,8.49,0),(1096,215,958,10,3.84,0),(1097,215,450,1,29.24,0),(1098,215,634,1,48.83,0),(1099,215,959,1,30,0),(1100,215,572,1,137.54,0),(1101,215,735,12,9.18,0),(1102,215,809,2,83.67,0),(1103,215,591,2,31.46,0),(1104,217,961,25,37.82,0),(1105,217,556,8,14.43,0),(1106,217,950,20,0.53,0),(1107,217,104,1,26.68,0),(1108,217,933,1,40.28,0),(1109,217,577,2,114.23,0),(1110,217,66,1,0,0),(1111,217,65,4,4.28,0),(1112,217,613,40,0.21,0),(1113,217,611,40,0.32,0),(1114,218,271,1,88.53,0),(1115,218,757,1,15,0),(1116,218,962,20,3.62,0),(1117,219,963,1,194.99,0),(1118,219,735,12,9.18,0),(1119,219,710,1,26.66,0),(1120,219,544,10,3.59,0),(1121,219,104,1,26.68,0),(1122,212,250,2,12.18,0),(1123,212,403,2,12.57,0),(1124,212,872,1,14.89,0),(1125,212,889,1,95.61,0),(1127,212,710,1,26.66,0),(1128,212,548,5,3.59,0),(1129,212,538,1,5.69,0),(1130,212,590,1,5.69,0),(1131,212,117,6,11.04,0),(1132,212,173,2,1.46,0),(1133,212,836,2,32.99,0),(1134,212,116,3,12.99,0),(1135,212,533,1,5.69,0),(1136,212,783,1,248.07,0),(1137,221,967,3,72.14,0),(1140,223,906,1,23.92,0),(1141,223,249,1,7.76,0),(1142,223,117,1,11.04,0),(1143,223,134,1,20.01,0),(1144,224,870,1,161.99,0),(1145,225,889,1,95.61,0),(1146,227,157,1,123.34,0),(1147,228,970,1,508.74,0),(1148,228,971,1,202.31,0),(1149,216,972,1,443.76,0),(1150,210,973,20,58.11,0),(1151,210,67,1,7,0),(1152,210,66,4,7,0),(1153,210,974,1,762.94,0),(1154,210,767,1,165.1,0),(1155,229,343,62,36.15,0),(1159,230,29,2,48,0),(1160,230,30,1,31,0),(1161,230,648,3,91.08,0),(1162,232,976,2,308.64,0),(1163,232,874,2,464.2,0),(1164,232,774,2,297.8,0),(1165,232,735,5,9.18,0),(1166,232,865,10,2.29,0),(1167,232,864,10,0.91,0),(1168,234,905,1,32.63,0),(1169,235,550,10,13.06,0),(1170,235,542,10,13.06,0),(1171,235,535,10,13.06,0),(1172,235,545,10,13.06,0),(1173,235,607,1,364.64,0),(1174,235,608,1,303.29,0),(1175,235,537,2,36.19,0),(1176,235,955,2,36.19,0),(1177,235,956,2,36.19,0),(1178,235,957,2,36.19,0),(1179,235,750,50,0.6,0),(1180,235,752,20,1.25,0),(1181,235,291,5,154.8,0),(1182,235,757,1,15,0),(1183,236,977,2,47,0),(1184,236,533,7,5.69,0),(1185,236,145,1,19.8,0),(1186,237,157,1,123.34,0),(1187,237,156,1,41.75,0),(1188,237,906,1,23.92,0),(1189,237,117,1,11.04,0),(1190,239,284,1,177.6,0),(1191,240,871,1,79.94,0),(1192,245,549,100,8.84,0),(1193,245,545,10,13.06,0),(1194,245,535,10,13.06,0),(1195,245,550,10,13.06,0),(1196,245,542,10,13.06,0),(1197,245,930,10,3.5,0),(1198,245,274,1,481.99,0),(1199,245,984,1,152.48,0),(1200,245,972,1,443.76,0),(1201,245,543,30,5.69,0),(1202,245,467,2,31.33,0),(1203,245,116,1,12.99,0),(1204,245,172,1,6.46,0),(1205,245,915,1,30,0),(1206,245,766,3,6.42,0),(1207,245,678,6,26.24,0),(1208,245,323,15,4.05,0),(1209,245,834,1,87.78,0),(1210,245,585,1,260.58,0),(1211,245,114,6,4.52,0),(1212,245,839,2,5.61,0),(1213,245,953,1,4.65,0),(1214,246,538,10,5.69,0),(1215,246,543,10,5.69,0),(1216,246,247,2,6.36,0),(1217,246,244,2,6.57,0),(1218,246,116,1,12.99,0),(1219,246,117,2,11.04,0),(1220,246,729,1,22.16,0),(1221,246,173,2,1.46,0),(1222,246,540,10,3.59,0),(1223,246,544,10,3.59,0),(1224,246,985,10,3.59,0),(1225,246,839,1,5.61,0),(1226,247,572,1,137.54,0),(1227,99,640,30,10,0),(1228,249,640,1,30,0),(1229,99,933,9,40.28,0),(1230,99,378,2,12.49,0),(1232,99,244,4,6.57,0),(1233,99,251,6,6.57,0),(1236,99,292,1,413.46,0),(1237,99,636,1,52.88,0),(1238,99,630,1,52.88,0),(1240,99,311,1,0,0),(1241,99,688,1,0,0),(1242,99,574,2,844.88,0),(1243,99,573,1,0,0),(1244,99,969,2,1008.72,0),(1245,99,968,3,1563.34,0),(1246,99,978,1,0,0),(1247,99,298,1,0,0),(1248,99,287,1,373.25,0),(1249,253,342,1,18.5,0),(1250,253,712,1,5.5,0),(1251,253,68,1,25.15,0),(1252,99,931,3,43.99,0),(1253,254,735,4,9.18,0),(1254,255,666,3,20.65,0),(1255,255,115,4,3.48,0),(1256,255,322,4,1.87,0),(1257,255,836,2,39.93,0),(1258,255,65,1,4.28,0),(1259,255,718,1,20.18,0),(1260,255,78,6,2.78,0),(1261,255,590,10,5.69,0),(1262,255,538,10,5.69,0),(1263,255,533,10,5.69,0),(1264,255,613,15,0.25,0),(1265,255,611,15,0.41,0),(1267,257,993,1,1075,0),(1268,257,695,2,46.05,0),(1269,257,737,1,4.4,0),(1270,257,150,4,562.4,0),(1271,262,467,2,31.33,0),(1272,262,904,1,85,0),(1273,262,95,1,66,0),(1274,262,994,2,5,0),(1275,266,149,15,22.46,0),(1276,266,998,4,18.5,0),(1277,266,997,4,76.25,0),(1278,266,342,11,18.5,0),(1279,266,105,11,76.25,0),(1280,266,712,18,5.5,0),(1281,266,577,1,114.23,0),(1282,266,782,3,103.73,0),(1283,266,486,1,14.16,0),(1284,266,95,1,66,0),(1285,266,69,1,7.9,0),(1286,267,611,12,0.41,0),(1287,267,930,5,3.5,0),(1288,267,995,5,5,0),(1289,267,996,1,25.14,0),(1290,204,999,51,147.62,0),(1291,204,626,60,25.84,0),(1292,204,29,7,48,0),(1293,204,90,20,12,0),(1294,204,1000,1,130.51,0),(1295,204,1001,1,79.24,0),(1296,204,1002,1,48.83,0),(1297,204,1003,1,99.6,0),(1298,204,1004,1,18.27,0),(1299,204,1005,1,13.53,0),(1300,204,1006,3,20.53,0),(1301,204,1007,11,141.76,0),(1302,204,986,2,95,0),(1303,204,987,3,255,0),(1304,204,988,3,480,0),(1305,204,1008,1,7.5,0),(1306,192,897,1,1020.15,0),(1307,192,873,3,100,0),(1308,192,608,2,303.29,0),(1309,192,968,5,1563.34,0),(1310,192,969,2,924,0),(1311,270,672,8,78.78,0),(1312,270,95,1,66,0),(1313,270,69,1,7.9,0),(1314,273,843,2,193.86,0),(1315,274,480,1,31.39,0),(1316,274,627,5,11.78,0),(1317,192,574,3,844.88,0),(1318,192,573,1,499.69,0),(1319,192,1009,1,338.41,0),(1320,192,285,4,338.41,0),(1321,192,575,11,161.02,0),(1322,192,576,20,219.07,0),(1323,192,288,1,601.99,0),(1324,192,299,1,815.4,0),(1325,192,751,6,1.68,0),(1326,192,752,22,1.25,0),(1327,192,749,42,0.6,0),(1328,192,1012,70,0.48,0),(1329,192,721,80,0.36,0),(1330,192,449,1,245,0),(1331,192,558,295,22.72,0),(1332,192,808,1,695.89,0),(1333,192,962,40,4.39,0),(1334,192,137,33,26.49,0),(1335,192,284,3,177.6,0),(1336,192,90,2,12,0),(1337,192,740,4,11.49,0),(1338,192,535,3,13.06,0),(1339,192,545,3,13.06,0),(1340,192,542,3,13.06,0),(1341,192,550,3,13.06,0),(1342,192,116,1,12.99,0),(1344,192,966,1,468.3,0),(1345,192,714,1,85.05,0),(1346,192,735,15,9.4,0),(1347,192,964,3,32.51,0),(1348,192,548,120,3.59,0),(1349,192,965,1,215.4,0),(1350,192,945,12,1.06,0),(1351,192,611,12,0.32,0),(1352,192,690,14,5.42,0),(1353,192,839,13,5.61,0),(1354,192,640,3,30,0),(1355,192,975,1,20,0),(1356,192,953,4,5.08,0),(1357,192,737,4,4.4,0),(1358,192,460,2,137.1,0),(1359,192,341,8,19.26,0),(1360,192,934,6,23.26,0),(1361,192,339,6,35.31,0),(1362,192,946,7,63.12,0),(1363,275,547,2,8.84,0),(1364,275,536,2,8.84,0),(1365,275,872,1,14.89,0),(1366,275,533,2,5.69,0),(1367,275,729,1,22.16,0),(1368,275,613,10,0.25,0),(1369,275,611,10,0.32,0),(1370,275,709,1,18.15,0),(1371,275,110,1,23.58,0),(1372,276,572,2,137.54,0),(1373,276,836,1,39.93,0),(1374,276,714,1,85.05,0),(1375,276,735,35,9.4,0),(1376,276,64,3,4.28,0),(1377,276,157,1,123.34,0),(1378,277,1011,1,1904.94,0),(1379,277,1010,1,871.5,0),(1380,277,759,12,6.53,0),(1381,277,546,3,23.13,0),(1382,277,552,3,23.13,0),(1383,277,700,3,23.13,0),(1384,277,534,3,23.13,0),(1385,277,1016,18,0.79,0),(1386,277,1017,6,4,0),(1387,277,879,2,2,0),(1388,277,757,1,15,0),(1389,192,572,2,137.54,0),(1390,192,678,4,26.24,0),(1391,192,666,10,20.65,0),(1392,192,322,40,1.87,0),(1393,192,861,8,10.11,0),(1394,192,123,17,10.11,0),(1395,192,18,4,20.54,0),(1396,192,855,4,6.19,0),(1398,192,933,2,40.28,0),(1399,192,950,30,0.53,0),(1400,192,932,10,0.84,0),(1401,279,1015,2,121,0),(1402,279,870,2,161.99,0),(1403,280,157,1,176.99,0),(1404,280,843,1,193.86,0),(1405,281,1018,1,229.94,0),(1406,192,951,1,2483.58,0),(1407,192,952,1,1922.83,0),(1408,192,1019,2,978.7,0),(1409,192,1020,8,10.99,0),(1410,192,634,2,48.83,0),(1411,192,450,1,29.24,0),(1412,192,138,6,67.74,0),(1413,192,1021,10,21.8,0),(1414,192,905,12,32.63,0),(1415,192,906,4,23.92,0),(1416,192,999,45,147.62,0),(1417,192,907,68,41.53,0),(1418,192,559,185,17.09,0),(1419,192,892,170,5.69,0),(1420,192,590,330,5.69,0),(1421,192,538,160,5.69,0),(1422,192,63,3,47.25,0),(1423,192,51,3,8.49,0),(1424,192,841,1,941.86,0),(1425,192,531,60,13.06,0),(1426,192,533,140,5.69,0),(1427,192,544,60,3.59,0),(1428,192,641,50,3.59,0),(1429,192,136,75,26.49,0),(1430,192,131,75,20.01,0),(1431,192,408,5,14.72,0),(1432,192,620,1,47.54,0),(1433,192,949,1,279.3,0),(1434,192,947,3,94.75,0),(1435,192,931,3,94.82,0),(1436,192,948,2,44.74,0),(1437,192,661,30,11.58,0),(1438,99,23,5,235.99,0);
/*!40000 ALTER TABLE `CantOrden` ENABLE KEYS */;
UNLOCK TABLES;

--
-- Table structure for table `CantOrdenEntrada`
--

DROP TABLE IF EXISTS `CantOrdenEntrada`;
/*!40101 SET @saved_cs_client     = @@character_set_client */;
/*!40101 SET character_set_client = utf8 */;
CREATE TABLE `CantOrdenEntrada` (
  `id` int(11) NOT NULL AUTO_INCREMENT,
  `orden_entrada_id` int(11) DEFAULT NULL,
  `articulo_id` int(11) DEFAULT NULL,
  `cantidad` int(11) NOT NULL,
  PRIMARY KEY (`id`),
  KEY `IDX_597B0EA01C407F02` (`orden_entrada_id`),
  KEY `IDX_597B0EA02DBC2FC9` (`articulo_id`),
  CONSTRAINT `FK_597B0EA01C407F02` FOREIGN KEY (`orden_entrada_id`) REFERENCES `OrdenEntrada` (`id`),
  CONSTRAINT `FK_597B0EA02DBC2FC9` FOREIGN KEY (`articulo_id`) REFERENCES `Articulo` (`id`)
) ENGINE=InnoDB AUTO_INCREMENT=1014 DEFAULT CHARSET=utf8 COLLATE=utf8_unicode_ci;
/*!40101 SET character_set_client = @saved_cs_client */;

--
-- Dumping data for table `CantOrdenEntrada`
--

LOCK TABLES `CantOrdenEntrada` WRITE;
/*!40000 ALTER TABLE `CantOrdenEntrada` DISABLE KEYS */;
INSERT INTO `CantOrdenEntrada` VALUES (1,1,69,1),(2,1,695,0),(3,1,516,0),(4,1,95,3),(5,1,704,0),(6,2,706,0),(7,2,707,0),(8,2,708,0),(9,2,709,0),(10,2,710,0),(11,2,711,0),(12,2,712,0),(13,2,116,0),(14,2,117,0),(15,2,173,0),(16,2,247,0),(17,2,244,0),(18,2,701,0),(19,2,548,0),(20,2,540,1),(21,2,498,1),(22,2,106,1),(23,3,247,1),(24,3,244,0),(25,3,117,1),(26,3,116,0),(27,3,173,0),(28,3,501,0),(29,3,616,3),(30,3,123,0),(31,3,18,1),(32,3,538,0),(33,3,543,0),(34,3,533,0),(35,3,737,0),(36,3,548,0),(37,3,729,0),(38,3,666,0),(39,3,322,3),(40,3,12,0),(41,3,730,0),(42,3,342,0),(43,3,731,0),(44,4,12,0),(45,4,247,0),(46,4,244,0),(47,4,117,0),(48,4,712,0),(49,4,105,2),(50,4,106,1),(51,4,68,2),(52,4,754,0),(53,4,755,0),(54,4,331,0),(55,4,533,0),(56,4,538,0),(57,4,633,0),(58,4,173,0),(59,4,72,0),(60,4,342,0),(61,5,612,20),(62,5,614,20),(63,5,115,2),(64,5,324,2),(65,5,78,5),(66,5,378,3),(67,5,172,0),(68,5,117,0),(69,5,631,0),(70,5,306,1),(71,5,540,6),(72,5,548,6),(73,5,666,0),(74,5,498,0),(75,5,712,0),(76,5,148,0),(77,5,106,0),(78,5,556,0),(79,5,322,4),(80,6,69,0),(81,6,134,0),(82,6,137,1),(83,7,735,2),(84,7,612,0),(85,7,770,0),(86,8,762,0),(87,8,69,1),(88,9,12,2),(89,9,538,2),(90,9,590,2),(91,9,533,2),(92,9,540,0),(93,9,247,0),(94,9,244,0),(95,9,117,1),(96,9,173,0),(97,9,116,1),(98,9,79,0),(99,9,115,3),(100,10,12,0),(101,10,538,0),(102,10,590,0),(103,10,533,0),(104,10,540,0),(105,10,247,0),(106,10,244,0),(107,10,117,0),(108,10,173,0),(109,10,116,0),(110,10,79,0),(111,10,115,0),(112,10,666,1),(113,10,322,4),(114,11,464,0),(115,11,95,0),(116,11,69,0),(117,11,12,0),(118,11,322,0),(119,11,247,0),(120,11,244,0),(121,11,117,0),(122,11,173,0),(123,11,613,34),(124,11,611,34),(125,11,685,0),(126,12,712,3),(127,12,105,0),(128,12,342,0),(129,12,784,0),(130,13,672,0),(131,13,486,0),(132,13,352,0),(133,13,712,0),(134,13,796,2),(135,14,599,0),(136,14,233,0),(137,14,644,0),(138,14,245,0),(139,14,645,0),(140,14,646,0),(141,14,647,0),(142,14,648,0),(143,14,261,0),(144,14,262,0),(145,14,649,0),(146,14,608,0),(147,14,650,0),(148,14,651,0),(149,14,652,0),(150,14,653,0),(151,14,654,0),(152,14,655,0),(153,14,656,0),(154,14,156,0),(155,14,157,0),(156,14,657,0),(157,14,343,0),(158,14,658,0),(159,14,659,0),(160,14,256,0),(161,14,597,0),(162,14,660,0),(163,14,598,0),(164,14,661,0),(165,14,558,0),(166,14,662,0),(167,14,627,0),(168,14,626,0),(169,14,663,0),(170,14,583,0),(171,14,250,0),(172,14,664,0),(173,14,665,0),(174,14,666,0),(175,14,115,0),(176,14,322,0),(177,14,12,0),(178,14,123,0),(179,14,18,0),(180,14,122,0),(181,14,543,0),(182,14,538,0),(183,14,633,0),(184,14,533,0),(185,14,548,0),(186,14,641,0),(187,14,667,0),(188,14,668,0),(189,14,669,0),(190,14,798,0),(191,14,671,0),(192,14,799,0),(193,14,698,0),(194,14,805,0),(195,14,673,0),(196,14,408,0),(197,14,620,0),(198,14,674,0),(199,14,614,0),(200,14,612,0),(201,14,613,0),(202,14,611,0),(203,14,205,0),(204,14,697,0),(205,14,594,3),(206,14,595,1),(207,14,596,12),(208,15,599,0),(209,15,233,0),(210,15,644,60),(211,15,245,0),(212,15,645,0),(213,15,646,0),(214,15,647,0),(215,15,648,0),(216,15,261,0),(217,15,262,0),(218,15,649,0),(219,15,608,0),(220,15,650,0),(221,15,651,0),(222,15,652,0),(223,15,653,0),(224,15,654,0),(225,15,655,0),(226,15,656,0),(227,15,156,0),(228,15,157,0),(229,15,657,0),(230,15,343,0),(231,15,658,0),(232,15,659,0),(233,15,256,0),(234,15,597,0),(235,15,660,0),(236,15,598,0),(237,15,661,0),(238,15,558,230),(239,15,662,0),(240,15,627,0),(241,15,626,0),(242,15,663,0),(243,15,583,15),(244,15,250,12),(245,15,664,30),(246,15,665,0),(247,15,666,0),(248,15,115,0),(249,15,322,0),(250,15,12,0),(251,15,123,0),(252,15,18,0),(253,15,122,0),(254,15,543,0),(255,15,538,0),(256,15,633,0),(257,15,533,0),(258,15,548,0),(259,15,641,0),(260,15,667,0),(261,15,668,0),(262,15,669,0),(263,15,798,0),(264,15,671,0),(265,15,799,0),(266,15,698,0),(267,15,805,0),(268,15,673,0),(269,15,408,0),(270,15,620,0),(271,15,674,0),(272,15,614,0),(273,15,612,0),(274,15,613,0),(275,15,611,0),(276,15,205,0),(277,15,697,0),(278,15,594,0),(279,15,595,0),(280,15,596,0),(281,15,763,0),(282,15,806,0),(283,15,807,0),(284,16,599,0),(285,16,233,0),(286,16,644,0),(287,16,245,0),(288,16,645,0),(289,16,646,0),(290,16,647,0),(291,16,648,0),(292,16,261,0),(293,16,262,0),(294,16,649,0),(295,16,608,0),(296,16,650,0),(297,16,651,0),(298,16,652,0),(299,16,653,0),(300,16,654,0),(301,16,655,0),(302,16,656,0),(303,16,156,0),(304,16,157,0),(305,16,657,0),(306,16,343,0),(307,16,658,0),(308,16,659,0),(309,16,256,0),(310,16,597,0),(311,16,660,0),(312,16,598,0),(313,16,661,0),(314,16,558,0),(315,16,662,0),(316,16,627,0),(317,16,626,0),(318,16,663,0),(319,16,583,0),(320,16,250,0),(321,16,664,0),(322,16,665,0),(323,16,666,0),(324,16,115,0),(325,16,322,0),(326,16,12,0),(327,16,123,0),(328,16,18,0),(329,16,122,0),(330,16,543,0),(331,16,538,0),(332,16,633,0),(333,16,533,0),(334,16,548,0),(335,16,641,0),(336,16,667,0),(337,16,668,0),(338,16,669,0),(339,16,798,0),(340,16,671,0),(341,16,799,0),(342,16,698,0),(343,16,805,0),(344,16,673,0),(345,16,408,0),(346,16,620,0),(347,16,674,0),(348,16,614,0),(349,16,612,0),(350,16,613,0),(351,16,611,0),(352,16,205,0),(353,16,697,0),(354,16,594,0),(355,16,595,0),(356,16,596,0),(357,16,763,0),(358,16,806,0),(359,16,807,0),(360,16,403,3),(361,17,599,0),(362,17,233,0),(363,17,644,12),(364,17,245,0),(365,17,645,0),(366,17,646,0),(367,17,647,0),(368,17,648,0),(369,17,261,0),(370,17,262,0),(371,17,649,0),(372,17,608,0),(373,17,650,0),(374,17,651,0),(375,17,652,0),(376,17,653,0),(377,17,654,0),(378,17,655,0),(379,17,656,0),(380,17,156,0),(381,17,157,0),(382,17,657,0),(383,17,343,0),(384,17,658,0),(385,17,659,0),(386,17,256,0),(387,17,597,0),(388,17,660,0),(389,17,598,0),(390,17,661,0),(391,17,558,139),(392,17,662,0),(393,17,627,0),(394,17,626,0),(395,17,663,0),(396,17,583,3),(397,17,250,4),(398,17,664,6),(399,17,665,0),(400,17,666,0),(401,17,115,0),(402,17,322,0),(403,17,12,0),(404,17,123,0),(405,17,18,0),(406,17,122,0),(407,17,543,0),(408,17,538,0),(409,17,633,0),(410,17,533,0),(411,17,548,0),(412,17,641,0),(413,17,667,0),(414,17,668,0),(415,17,669,0),(416,17,798,0),(417,17,671,0),(418,17,799,0),(419,17,698,0),(420,17,805,0),(421,17,673,0),(422,17,408,0),(423,17,620,0),(424,17,674,0),(425,17,614,0),(426,17,612,0),(427,17,613,0),(428,17,611,0),(429,17,205,0),(430,17,697,0),(431,17,594,0),(432,17,595,0),(433,17,596,0),(434,17,763,0),(435,17,806,0),(436,17,807,0),(437,17,403,0),(438,18,12,0),(439,18,123,2),(440,18,18,0),(441,18,856,0),(442,18,66,0),(443,18,322,0),(444,18,666,0),(445,18,855,0),(446,18,247,0),(447,18,244,0),(448,18,173,0),(449,18,117,0),(450,18,116,0),(451,18,616,0),(452,18,633,0),(453,18,538,0),(454,18,533,0),(455,18,540,0),(456,18,545,0),(457,18,630,0),(458,18,115,0),(459,18,735,0),(460,19,12,3),(461,20,12,0),(462,20,861,0),(463,21,829,1),(464,21,690,0),(465,21,830,0),(466,21,863,0),(467,22,860,0),(468,22,545,0),(469,22,531,0),(470,22,614,0),(471,22,612,0),(472,22,858,0),(473,22,109,0),(474,22,78,0),(475,22,89,0),(476,22,750,0),(477,22,859,0),(478,22,663,0),(479,22,48,0),(480,22,598,0),(481,22,42,0),(482,22,862,0),(483,22,627,0),(484,22,543,0),(485,22,668,0),(486,22,873,0),(487,22,403,0),(488,22,189,0),(489,22,532,0),(490,22,587,3),(491,22,250,0),(492,22,173,0),(493,23,69,8),(494,23,486,0),(495,23,712,0),(496,23,105,2),(497,23,342,0),(498,23,885,0),(499,23,773,0),(500,23,782,0),(501,24,115,0),(502,24,666,0),(503,24,322,0),(504,24,678,1),(505,24,114,0),(506,24,516,0),(507,24,886,2),(508,24,517,2),(509,24,26,0),(510,24,75,22),(511,24,323,4),(512,24,633,0),(513,24,533,0),(514,24,538,15),(515,24,630,0),(516,24,549,0),(517,24,554,0),(518,24,116,0),(519,24,173,3),(520,24,644,0),(521,24,247,1),(522,24,599,1),(523,24,272,0),(524,24,628,0),(525,24,829,1),(526,24,616,0),(527,24,613,0),(528,24,611,0),(529,24,614,0),(530,24,612,0),(531,24,78,0),(532,25,115,0),(533,25,666,0),(534,25,322,0),(535,25,678,0),(536,25,114,0),(537,25,516,0),(538,25,886,0),(539,25,517,0),(540,25,26,0),(541,25,75,0),(542,25,323,0),(543,25,633,0),(544,25,533,0),(545,25,538,0),(546,25,630,0),(547,25,549,0),(548,25,554,0),(549,25,116,0),(550,25,173,0),(551,25,644,0),(552,25,247,0),(553,25,599,0),(554,25,272,0),(555,25,628,0),(556,25,829,0),(557,25,616,0),(558,25,613,0),(559,25,611,0),(560,25,614,0),(561,25,612,0),(562,25,78,0),(563,25,548,8),(564,26,233,0),(565,26,245,0),(566,26,117,0),(567,26,467,2),(568,26,548,15),(569,26,778,0),(570,26,538,15),(571,26,633,15),(572,26,887,0),(573,26,888,0),(574,26,889,0),(575,26,695,0),(576,26,540,0),(577,27,698,0),(578,27,205,0),(579,27,774,0),(580,27,233,0),(581,27,245,0),(582,27,78,4),(583,27,641,0),(584,27,548,0),(585,27,123,1),(586,27,105,0),(587,27,666,0),(588,27,115,3),(589,27,613,0),(590,27,611,0),(591,27,65,2),(592,27,893,1),(593,27,712,0),(594,27,342,0),(595,27,809,0),(596,27,710,0),(597,27,322,0),(598,28,666,0),(599,28,634,0),(600,28,678,0),(601,28,836,0),(602,28,896,0),(603,28,230,0),(604,28,250,0),(605,28,403,0),(606,28,188,0),(607,28,759,0),(608,28,740,0),(609,28,64,1),(610,28,323,0),(611,28,322,0),(612,28,450,0),(613,28,114,0),(614,28,742,0),(615,28,173,3),(616,28,117,0),(617,28,75,5),(618,28,613,0),(619,28,611,0),(620,28,545,0),(621,28,535,0),(622,28,897,0),(623,28,181,3),(624,28,182,3),(625,28,48,0),(626,28,590,0),(627,28,538,0),(628,28,533,0),(629,28,35,0),(630,29,110,1),(631,29,905,0),(632,29,906,0),(633,29,613,0),(634,29,611,0),(635,29,556,0),(636,29,872,0),(637,30,549,0),(638,30,541,9),(639,30,538,0),(640,30,590,0),(641,30,533,0),(642,31,549,9),(643,31,541,0),(644,31,538,9),(645,31,590,9),(646,31,533,9),(647,32,549,4),(648,32,541,4),(649,32,538,4),(650,32,590,4),(651,32,533,4),(652,32,666,0),(653,32,678,0),(654,32,322,0),(655,32,114,0),(656,32,123,0),(657,32,861,0),(658,32,115,0),(659,33,110,5),(660,33,247,0),(661,33,244,0),(662,33,117,0),(663,33,116,0),(664,33,173,0),(665,33,678,5),(666,33,666,0),(667,33,78,3),(668,33,75,5),(669,33,867,0),(670,33,323,8),(671,33,322,2),(672,33,836,4),(673,33,903,0),(674,33,904,0),(675,33,611,15),(676,33,613,15),(677,33,533,5),(678,33,540,0),(679,33,590,0),(680,33,538,5),(681,33,18,0),(682,33,861,1),(683,33,549,0),(684,33,541,0),(685,33,115,1),(686,33,616,0),(687,34,69,2),(688,34,230,0),(689,34,173,0),(690,34,704,0),(691,34,95,0),(692,35,538,0),(693,35,543,0),(694,35,836,1),(695,35,378,0),(696,35,322,0),(697,35,666,13),(698,35,115,0),(699,35,78,0),(700,35,613,0),(701,35,611,0),(702,36,666,2),(703,36,78,0),(704,36,611,0),(705,36,613,0),(706,36,587,0),(707,36,65,0),(708,36,322,0),(709,36,662,19),(710,36,701,190),(711,36,572,0),(712,36,714,0),(713,36,543,0),(714,36,538,0),(715,36,116,0),(716,37,704,0),(717,37,921,0),(718,37,255,0),(719,37,889,0),(720,37,548,0),(721,37,913,0),(722,37,544,0),(723,37,540,0),(724,37,920,0),(725,37,18,0),(726,37,666,1),(727,38,290,1),(728,38,29,0),(729,38,907,4),(730,38,450,1),(731,38,642,0),(732,38,113,0),(733,38,50,0),(734,38,142,0),(735,39,21,0),(736,39,926,0),(737,39,925,0),(738,39,928,0),(739,39,631,0),(740,39,929,0),(741,39,930,0),(742,39,307,1),(743,39,311,1),(744,39,284,1),(745,40,704,0),(746,40,69,1),(747,41,690,10),(748,41,829,0),(749,42,538,0),(750,42,543,0),(751,42,836,0),(752,42,378,0),(753,42,322,0),(754,42,666,0),(755,42,115,0),(756,42,78,0),(757,42,613,0),(758,42,611,0),(759,42,915,0),(760,42,916,0),(761,42,914,1),(762,43,914,0),(763,43,447,5),(764,44,666,0),(765,44,625,0),(766,44,378,0),(767,44,613,0),(768,44,611,0),(769,44,322,0),(770,44,65,0),(771,44,701,70),(772,44,78,0),(773,44,47,0),(774,44,115,0),(775,45,666,0),(776,45,625,0),(777,45,378,0),(778,45,613,0),(779,45,611,0),(780,45,322,0),(781,45,65,0),(782,45,701,70),(783,45,78,0),(784,45,47,0),(785,45,115,0),(786,46,322,0),(787,46,115,0),(788,46,953,1),(789,46,538,0),(790,46,543,0),(791,46,666,2),(792,46,548,0),(793,46,590,0),(794,46,18,0),(795,46,123,0),(796,46,893,0),(797,47,954,1),(798,47,541,15),(799,48,958,7),(800,48,450,0),(801,48,634,0),(802,48,959,1),(803,48,572,0),(804,48,735,0),(805,48,809,0),(806,48,591,0),(807,49,961,0),(808,49,556,0),(809,49,950,0),(810,49,104,0),(811,49,933,0),(812,49,577,0),(813,49,66,0),(814,49,65,2),(815,49,613,0),(816,49,611,0),(817,50,963,0),(818,50,735,3),(819,50,710,1),(820,50,544,0),(821,50,104,0),(822,51,343,3),(837,53,550,4),(838,53,542,10),(839,53,535,0),(840,53,545,9),(841,53,607,0),(842,53,608,0),(843,53,537,1),(844,53,955,1),(845,53,956,1),(846,53,957,1),(847,53,750,25),(848,53,752,6),(849,53,291,0),(850,53,757,0),(851,54,549,42),(852,54,545,0),(853,54,535,0),(854,54,550,0),(855,54,542,0),(856,54,930,0),(857,54,274,0),(858,54,984,0),(859,54,972,0),(860,54,543,0),(861,54,467,1),(862,54,116,0),(863,54,172,0),(864,54,915,0),(865,54,766,0),(866,54,678,1),(867,54,323,0),(868,54,834,0),(869,54,585,0),(870,54,114,0),(871,54,839,0),(872,54,953,0),(873,55,342,1),(874,55,712,1),(875,55,68,0),(876,56,666,1),(877,56,115,2),(878,56,322,2),(879,56,836,0),(880,56,65,0),(881,56,718,0),(882,56,78,2),(883,56,590,4),(884,56,538,4),(885,56,533,4),(886,56,613,0),(887,56,611,0),(888,57,611,0),(889,57,930,0),(890,57,995,0),(891,57,996,1),(892,59,611,0),(893,59,930,0),(894,59,995,0),(895,59,996,1),(896,60,999,0),(897,60,626,0),(898,60,29,0),(899,60,90,0),(900,60,1000,0),(901,60,1001,1),(902,60,1002,0),(903,60,1003,0),(904,60,1004,0),(905,60,1005,0),(906,60,1006,0),(907,60,1007,0),(908,60,986,0),(909,60,987,0),(910,60,988,0),(911,60,1008,0),(912,61,547,0),(913,61,536,0),(914,61,872,0),(915,61,533,0),(916,61,729,0),(917,61,613,0),(918,61,611,0),(919,61,709,0),(920,61,110,1),(921,62,897,0),(922,62,873,0),(923,62,608,0),(924,62,968,0),(925,62,969,0),(926,62,574,0),(927,62,573,0),(928,62,1009,0),(929,62,285,0),(930,62,575,0),(931,62,576,0),(932,62,288,0),(933,62,299,0),(934,62,751,0),(935,62,752,0),(936,62,749,0),(937,62,1012,50),(938,62,721,0),(939,62,449,0),(940,62,558,0),(941,62,808,0),(942,62,962,0),(943,62,137,0),(944,62,284,0),(945,62,90,0),(946,62,740,0),(947,62,535,0),(948,62,545,0),(949,62,542,0),(950,62,550,0),(951,62,116,0),(952,62,966,0),(953,62,714,0),(954,62,735,0),(955,62,964,0),(956,62,548,8),(957,62,965,0),(958,62,945,0),(959,62,611,0),(960,62,690,3),(961,62,839,0),(962,62,640,3),(963,62,975,0),(964,62,953,2),(965,62,737,2),(966,62,460,1),(967,62,341,7),(968,62,934,0),(969,62,339,3),(970,62,946,0),(971,62,572,0),(972,62,678,0),(973,62,666,0),(974,62,322,5),(975,62,861,0),(976,62,123,4),(977,62,18,0),(978,62,855,1),(979,62,933,2),(980,62,950,17),(981,62,932,7),(982,62,951,0),(983,62,952,0),(984,62,1019,1),(985,62,1020,0),(986,62,634,0),(987,62,450,0),(988,62,138,0),(989,62,1021,0),(990,62,905,0),(991,62,906,0),(992,62,999,0),(993,62,907,0),(994,62,559,0),(995,62,892,0),(996,62,590,0),(997,62,538,6),(998,62,63,0),(999,62,51,0),(1000,62,841,0),(1001,62,531,0),(1002,62,533,19),(1003,62,544,0),(1004,62,641,0),(1005,62,136,1),(1006,62,131,0),(1007,62,408,0),(1008,62,620,0),(1009,62,949,0),(1010,62,947,0),(1011,62,931,0),(1012,62,948,1),(1013,62,661,25);
/*!40000 ALTER TABLE `CantOrdenEntrada` ENABLE KEYS */;
UNLOCK TABLES;

--
-- Table structure for table `CantOrdenSalida`
--

DROP TABLE IF EXISTS `CantOrdenSalida`;
/*!40101 SET @saved_cs_client     = @@character_set_client */;
/*!40101 SET character_set_client = utf8 */;
CREATE TABLE `CantOrdenSalida` (
  `id` int(11) NOT NULL AUTO_INCREMENT,
  `orden_salida_id` int(11) DEFAULT NULL,
  `articulo_id` int(11) DEFAULT NULL,
  `cantidad` int(11) NOT NULL,
  PRIMARY KEY (`id`),
  KEY `IDX_184582473EC843A5` (`orden_salida_id`),
  KEY `IDX_184582472DBC2FC9` (`articulo_id`),
  CONSTRAINT `FK_184582472DBC2FC9` FOREIGN KEY (`articulo_id`) REFERENCES `Articulo` (`id`),
  CONSTRAINT `FK_184582473EC843A5` FOREIGN KEY (`orden_salida_id`) REFERENCES `OrdenSalida` (`id`)
) ENGINE=InnoDB AUTO_INCREMENT=4177 DEFAULT CHARSET=utf8 COLLATE=utf8_unicode_ci;
/*!40101 SET character_set_client = @saved_cs_client */;

--
-- Dumping data for table `CantOrdenSalida`
--

LOCK TABLES `CantOrdenSalida` WRITE;
/*!40000 ALTER TABLE `CantOrdenSalida` DISABLE KEYS */;
INSERT INTO `CantOrdenSalida` VALUES (38,9,543,30),(39,9,538,30),(40,9,548,20),(41,9,254,3),(42,9,116,4),(43,9,117,4),(44,9,718,1),(45,9,716,1),(46,9,180,1),(47,9,307,1),(48,9,12,1),(49,9,715,4),(50,9,717,3),(51,9,247,2),(52,9,244,2),(53,9,173,4),(54,10,69,4),(55,10,695,1),(56,10,516,1),(57,10,95,4),(58,10,704,3),(59,11,172,1),(60,11,173,1),(61,11,722,6),(62,11,65,2),(63,11,115,1),(64,11,322,2),(65,11,666,1),(66,11,627,3),(67,11,538,12),(68,11,713,1),(69,11,714,1),(70,12,706,1),(71,12,707,1),(72,12,708,4),(73,12,709,1),(74,12,710,1),(75,12,711,1),(76,12,712,1),(77,12,116,3),(78,12,117,1),(79,12,173,1),(80,12,247,1),(81,12,244,1),(82,12,701,5),(83,12,548,1),(84,13,172,0),(85,13,173,0),(86,13,722,0),(87,13,65,0),(88,13,115,0),(89,13,322,0),(90,13,666,0),(91,13,627,0),(92,13,538,0),(93,13,713,0),(94,13,714,0),(95,13,695,1),(96,14,548,15),(97,14,540,15),(98,14,544,15),(99,14,30,1),(100,14,719,20),(101,14,113,1),(102,14,104,1),(103,14,54,1),(104,15,211,1),(105,16,623,5),(106,16,622,4),(107,16,556,5),(108,16,733,1),(109,17,706,0),(110,17,707,0),(111,17,708,0),(112,17,709,0),(113,17,710,0),(114,17,711,0),(115,17,712,0),(116,17,116,0),(117,17,117,0),(118,17,173,0),(119,17,247,0),(120,17,244,0),(121,17,701,0),(122,17,548,0),(123,17,540,1),(124,17,498,1),(125,17,106,1),(126,18,106,1),(127,18,498,1),(128,18,548,1),(129,19,738,2),(130,19,137,1),(131,20,117,1),(132,21,247,7),(133,21,244,7),(134,21,117,8),(135,21,116,4),(136,21,173,7),(137,21,501,1),(138,21,616,6),(139,21,123,3),(140,21,18,1),(141,21,538,22),(142,21,543,22),(143,21,533,22),(144,21,737,1),(145,21,548,26),(146,21,729,1),(147,21,666,7),(148,21,322,15),(149,21,12,7),(150,21,730,2),(151,21,342,4),(152,21,731,1),(153,22,308,1),(154,23,12,1),(155,23,247,2),(156,23,244,2),(157,23,117,3),(158,23,712,6),(159,23,105,5),(160,23,106,1),(161,23,68,5),(162,23,754,1),(163,23,755,1),(164,23,331,2),(165,23,533,2),(166,23,538,2),(167,23,633,2),(168,23,173,3),(169,23,72,1),(170,23,342,6),(171,24,114,2),(172,24,117,4),(173,24,323,3),(174,24,450,2),(175,24,577,1),(176,24,538,2),(177,24,543,2),(178,24,633,2),(179,24,756,6),(180,24,757,1),(181,24,678,2),(182,24,758,8),(183,24,533,4),(184,24,634,2),(185,24,759,6),(186,24,172,4),(187,24,760,1),(188,25,612,20),(189,25,614,20),(190,25,115,3),(191,25,324,3),(192,25,78,6),(193,25,378,4),(194,25,172,4),(195,25,117,4),(196,25,631,1),(197,25,306,1),(198,25,540,10),(199,25,548,10),(200,25,666,2),(201,25,498,1),(202,25,712,1),(203,25,148,2),(204,25,106,1),(205,25,556,1),(206,25,322,6),(207,26,110,6),(208,26,247,6),(209,26,117,11),(210,26,666,3),(211,26,115,4),(212,26,613,20),(213,26,611,20),(214,26,743,2),(215,26,322,8),(216,26,538,15),(217,26,543,15),(218,26,533,15),(219,26,244,6),(220,26,173,7),(221,26,78,10),(222,27,540,5),(223,28,761,1),(224,28,480,1),(225,29,95,2),(226,30,69,2),(227,30,134,1),(228,30,137,1),(229,31,735,13),(230,31,612,8),(231,31,770,8),(232,32,157,1),(233,32,156,1),(234,32,113,1),(235,32,30,1),(236,32,54,1),(237,33,762,1),(238,33,69,3),(239,34,734,1),(240,35,12,2),(241,35,538,10),(242,35,590,10),(243,35,533,10),(244,35,540,10),(245,35,247,3),(246,35,244,2),(247,35,117,4),(248,35,173,2),(249,35,116,4),(250,35,79,1),(251,35,115,3),(252,36,12,0),(253,36,538,0),(254,36,590,0),(255,36,533,0),(256,36,540,0),(257,36,247,0),(258,36,244,0),(259,36,117,0),(260,36,173,0),(261,36,116,0),(262,36,79,0),(263,36,115,0),(264,36,666,2),(265,36,322,4),(266,37,464,3),(267,37,95,5),(268,37,69,1),(269,37,12,1),(270,37,322,2),(271,37,247,1),(272,37,244,1),(273,37,117,2),(274,37,173,1),(275,37,613,40),(276,37,611,40),(277,37,685,2),(278,38,672,2),(279,39,672,0),(280,39,486,1),(281,40,778,20),(282,41,115,1),(283,42,693,3),(284,43,672,0),(285,43,486,0),(286,43,352,1),(287,44,712,6),(288,44,105,2),(289,44,342,4),(290,44,784,1),(291,45,672,0),(292,45,486,0),(293,45,352,0),(294,45,712,1),(295,46,148,6),(296,46,712,6),(297,46,105,3),(298,46,106,3),(299,46,342,3),(300,46,498,3),(301,46,548,5),(302,47,672,1),(303,47,106,1),(304,48,13,1),(305,48,65,1),(306,48,666,1),(307,48,627,2),(308,48,538,6),(309,48,633,6),(310,48,533,6),(311,48,322,1),(312,49,672,0),(313,49,486,0),(314,49,352,0),(315,49,712,0),(316,49,796,2),(317,50,779,2),(318,50,113,2),(319,50,30,2),(320,50,797,2),(321,50,735,4),(322,51,796,12),(323,51,800,2),(324,51,464,1),(325,51,95,1),(326,52,803,1),(327,52,801,1),(328,52,802,1),(329,52,804,1),(330,53,599,0),(331,53,233,0),(332,53,644,0),(333,53,245,0),(334,53,645,0),(335,53,646,0),(336,53,647,0),(337,53,648,0),(338,53,261,0),(339,53,262,0),(340,53,649,0),(341,53,608,0),(342,53,650,0),(343,53,651,0),(344,53,652,0),(345,53,653,0),(346,53,654,0),(347,53,655,0),(348,53,656,0),(349,53,156,0),(350,53,157,0),(351,53,657,30),(352,53,343,25),(353,53,658,0),(354,53,659,0),(355,53,256,0),(356,53,597,20),(357,53,660,6),(358,53,598,6),(359,53,661,150),(360,53,558,0),(361,53,662,90),(362,53,627,0),(363,53,626,0),(364,53,663,0),(365,53,583,0),(366,53,250,0),(367,53,664,0),(368,53,665,0),(369,53,666,0),(370,53,115,0),(371,53,322,0),(372,53,12,0),(373,53,123,0),(374,53,18,0),(375,53,122,0),(376,53,543,0),(377,53,538,0),(378,53,633,0),(379,53,533,0),(380,53,548,0),(381,53,641,0),(382,53,667,0),(383,53,668,0),(384,53,669,0),(385,53,798,0),(386,53,671,0),(387,53,799,0),(388,54,672,0),(389,54,486,0),(390,54,352,0),(391,54,712,0),(392,54,796,0),(393,54,597,7),(394,55,599,0),(395,55,233,0),(396,55,644,0),(397,55,245,0),(398,55,645,0),(399,55,646,0),(400,55,647,0),(401,55,648,0),(402,55,261,0),(403,55,262,0),(404,55,649,0),(405,55,608,0),(406,55,650,0),(407,55,651,0),(408,55,652,0),(409,55,653,0),(410,55,654,0),(411,55,655,0),(412,55,656,0),(413,55,156,0),(414,55,157,0),(415,55,657,0),(416,55,343,0),(417,55,658,0),(418,55,659,0),(419,55,256,0),(420,55,597,0),(421,55,660,0),(422,55,598,0),(423,55,661,0),(424,55,558,0),(425,55,662,0),(426,55,627,0),(427,55,626,0),(428,55,663,0),(429,55,583,0),(430,55,250,0),(431,55,664,0),(432,55,665,0),(433,55,666,0),(434,55,115,0),(435,55,322,0),(436,55,12,0),(437,55,123,0),(438,55,18,0),(439,55,122,0),(440,55,543,0),(441,55,538,0),(442,55,633,0),(443,55,533,0),(444,55,548,0),(445,55,641,0),(446,55,667,0),(447,55,668,0),(448,55,669,0),(449,55,798,0),(450,55,671,0),(451,55,799,0),(452,55,698,40),(453,55,805,53),(454,56,599,0),(455,56,233,0),(456,56,644,0),(457,56,245,0),(458,56,645,0),(459,56,646,0),(460,56,647,0),(461,56,648,0),(462,56,261,0),(463,56,262,0),(464,56,649,0),(465,56,608,0),(466,56,650,0),(467,56,651,0),(468,56,652,0),(469,56,653,0),(470,56,654,0),(471,56,655,0),(472,56,656,0),(473,56,156,0),(474,56,157,0),(475,56,657,0),(476,56,343,0),(477,56,658,0),(478,56,659,0),(479,56,256,0),(480,56,597,0),(481,56,660,0),(482,56,598,0),(483,56,661,0),(484,56,558,0),(485,56,662,0),(486,56,627,0),(487,56,626,0),(488,56,663,0),(489,56,583,0),(490,56,250,0),(491,56,664,0),(492,56,665,0),(493,56,666,0),(494,56,115,0),(495,56,322,0),(496,56,12,0),(497,56,123,0),(498,56,18,0),(499,56,122,0),(500,56,543,0),(501,56,538,0),(502,56,633,0),(503,56,533,0),(504,56,548,0),(505,56,641,0),(506,56,667,0),(507,56,668,0),(508,56,669,0),(509,56,798,0),(510,56,671,0),(511,56,799,0),(512,56,698,0),(513,56,805,0),(514,56,673,0),(515,56,408,0),(516,56,620,0),(517,56,674,0),(518,56,614,0),(519,56,612,0),(520,56,613,0),(521,56,611,0),(522,56,205,240),(523,56,697,240),(524,57,599,0),(525,57,233,0),(526,57,644,0),(527,57,245,0),(528,57,645,0),(529,57,646,0),(530,57,647,0),(531,57,648,0),(532,57,261,0),(533,57,262,0),(534,57,649,0),(535,57,608,0),(536,57,650,0),(537,57,651,0),(538,57,652,0),(539,57,653,0),(540,57,654,0),(541,57,655,0),(542,57,656,0),(543,57,156,0),(544,57,157,0),(545,57,657,0),(546,57,343,0),(547,57,658,0),(548,57,659,0),(549,57,256,0),(550,57,597,0),(551,57,660,0),(552,57,598,0),(553,57,661,0),(554,57,558,0),(555,57,662,0),(556,57,627,0),(557,57,626,0),(558,57,663,0),(559,57,583,0),(560,57,250,0),(561,57,664,0),(562,57,665,0),(563,57,666,0),(564,57,115,0),(565,57,322,0),(566,57,12,0),(567,57,123,0),(568,57,18,0),(569,57,122,0),(570,57,543,0),(571,57,538,0),(572,57,633,0),(573,57,533,0),(574,57,548,0),(575,57,641,0),(576,57,667,0),(577,57,668,0),(578,57,669,0),(579,57,798,0),(580,57,671,0),(581,57,799,0),(582,57,698,0),(583,57,805,0),(584,57,673,0),(585,57,408,0),(586,57,620,0),(587,57,674,0),(588,57,614,0),(589,57,612,0),(590,57,613,0),(591,57,611,0),(592,57,205,0),(593,57,697,0),(594,57,594,40),(595,57,595,12),(596,57,596,20),(597,58,599,0),(598,58,233,0),(599,58,644,0),(600,58,245,0),(601,58,645,0),(602,58,646,0),(603,58,647,0),(604,58,648,0),(605,58,261,0),(606,58,262,0),(607,58,649,0),(608,58,608,0),(609,58,650,0),(610,58,651,0),(611,58,652,0),(612,58,653,0),(613,58,654,0),(614,58,655,0),(615,58,656,0),(616,58,156,0),(617,58,157,0),(618,58,657,0),(619,58,343,0),(620,58,658,0),(621,58,659,0),(622,58,256,0),(623,58,597,0),(624,58,660,0),(625,58,598,0),(626,58,661,0),(627,58,558,0),(628,58,662,0),(629,58,627,0),(630,58,626,0),(631,58,663,0),(632,58,583,0),(633,58,250,0),(634,58,664,0),(635,58,665,0),(636,58,666,0),(637,58,115,0),(638,58,322,0),(639,58,12,0),(640,58,123,0),(641,58,18,0),(642,58,122,0),(643,58,543,0),(644,58,538,0),(645,58,633,0),(646,58,533,0),(647,58,548,0),(648,58,641,0),(649,58,667,0),(650,58,668,0),(651,58,669,0),(652,58,798,0),(653,58,671,0),(654,58,799,0),(655,58,698,0),(656,58,805,0),(657,58,673,0),(658,58,408,0),(659,58,620,0),(660,58,674,0),(661,58,614,0),(662,58,612,0),(663,58,613,0),(664,58,611,0),(665,58,205,0),(666,58,697,0),(667,58,594,0),(668,58,595,0),(669,58,596,0),(670,58,763,1),(671,58,806,2),(672,58,807,1),(673,59,599,0),(674,59,233,0),(675,59,644,60),(676,59,245,0),(677,59,645,0),(678,59,646,0),(679,59,647,0),(680,59,648,0),(681,59,261,0),(682,59,262,0),(683,59,649,0),(684,59,608,0),(685,59,650,0),(686,59,651,0),(687,59,652,0),(688,59,653,0),(689,59,654,0),(690,59,655,0),(691,59,656,0),(692,59,156,0),(693,59,157,0),(694,59,657,0),(695,59,343,0),(696,59,658,0),(697,59,659,0),(698,59,256,0),(699,59,597,0),(700,59,660,0),(701,59,598,0),(702,59,661,0),(703,59,558,230),(704,59,662,0),(705,59,627,110),(706,59,626,55),(707,59,663,150),(708,59,583,15),(709,59,250,13),(710,59,664,30),(711,59,665,0),(712,59,666,0),(713,59,115,0),(714,59,322,0),(715,59,12,0),(716,59,123,0),(717,59,18,0),(718,59,122,0),(719,59,543,0),(720,59,538,0),(721,59,633,0),(722,59,533,0),(723,59,548,0),(724,59,641,0),(725,59,667,0),(726,59,668,0),(727,59,669,0),(728,59,798,0),(729,59,671,0),(730,59,799,0),(731,59,698,0),(732,59,805,0),(733,59,673,0),(734,59,408,2),(735,59,620,0),(736,59,674,0),(737,59,614,0),(738,59,612,0),(739,59,613,0),(740,59,611,0),(741,59,205,0),(742,59,697,0),(743,59,594,0),(744,59,595,0),(745,59,596,0),(746,59,763,0),(747,59,806,0),(748,59,807,0),(749,60,599,0),(750,60,233,0),(751,60,644,0),(752,60,245,0),(753,60,645,0),(754,60,646,0),(755,60,647,0),(756,60,648,0),(757,60,261,0),(758,60,262,0),(759,60,649,0),(760,60,608,0),(761,60,650,0),(762,60,651,0),(763,60,652,0),(764,60,653,0),(765,60,654,0),(766,60,655,0),(767,60,656,0),(768,60,156,0),(769,60,157,0),(770,60,657,0),(771,60,343,0),(772,60,658,0),(773,60,659,0),(774,60,256,0),(775,60,597,0),(776,60,660,0),(777,60,598,0),(778,60,661,0),(779,60,558,0),(780,60,662,0),(781,60,627,0),(782,60,626,0),(783,60,663,0),(784,60,583,0),(785,60,250,3),(786,60,664,0),(787,60,665,0),(788,60,666,0),(789,60,115,0),(790,60,322,0),(791,60,12,0),(792,60,123,0),(793,60,18,0),(794,60,122,0),(795,60,543,0),(796,60,538,0),(797,60,633,0),(798,60,533,0),(799,60,548,0),(800,60,641,0),(801,60,667,0),(802,60,668,0),(803,60,669,0),(804,60,798,0),(805,60,671,0),(806,60,799,0),(807,60,698,0),(808,60,805,0),(809,60,673,0),(810,60,408,0),(811,60,620,0),(812,60,674,0),(813,60,614,0),(814,60,612,0),(815,60,613,0),(816,60,611,0),(817,60,205,0),(818,60,697,0),(819,60,594,0),(820,60,595,0),(821,60,596,0),(822,60,763,0),(823,60,806,0),(824,60,807,0),(825,60,403,5),(826,61,599,0),(827,61,233,0),(828,61,644,60),(829,61,245,0),(830,61,645,0),(831,61,646,0),(832,61,647,0),(833,61,648,0),(834,61,261,0),(835,61,262,0),(836,61,649,0),(837,61,608,0),(838,61,650,0),(839,61,651,0),(840,61,652,0),(841,61,653,0),(842,61,654,0),(843,61,655,0),(844,61,656,1),(845,61,156,0),(846,61,157,0),(847,61,657,0),(848,61,343,0),(849,61,658,0),(850,61,659,0),(851,61,256,0),(852,61,597,0),(853,61,660,0),(854,61,598,0),(855,61,661,0),(856,61,558,230),(857,61,662,0),(858,61,627,0),(859,61,626,0),(860,61,663,0),(861,61,583,15),(862,61,250,12),(863,61,664,30),(864,61,665,0),(865,61,666,0),(866,61,115,1),(867,61,322,2),(868,61,12,0),(869,61,123,0),(870,61,18,1),(871,61,122,0),(872,61,543,0),(873,61,538,0),(874,61,633,0),(875,61,533,0),(876,61,548,0),(877,61,641,0),(878,61,667,0),(879,61,668,0),(880,61,669,0),(881,61,798,0),(882,61,671,0),(883,61,799,0),(884,61,698,0),(885,61,805,0),(886,61,673,0),(887,61,408,0),(888,61,620,0),(889,61,674,0),(890,61,614,0),(891,61,612,0),(892,61,613,0),(893,61,611,0),(894,61,205,0),(895,61,697,0),(896,61,594,0),(897,61,595,0),(898,61,596,0),(899,61,763,0),(900,61,806,0),(901,61,807,0),(902,61,403,0),(903,62,599,0),(904,62,233,0),(905,62,644,0),(906,62,245,0),(907,62,645,0),(908,62,646,0),(909,62,647,1),(910,62,648,0),(911,62,261,0),(912,62,262,0),(913,62,649,0),(914,62,608,1),(915,62,650,4),(916,62,651,10),(917,62,652,2),(918,62,653,1),(919,62,654,3),(920,62,655,7),(921,62,656,0),(922,62,156,0),(923,62,157,0),(924,62,657,0),(925,62,343,0),(926,62,658,0),(927,62,659,0),(928,62,256,0),(929,62,597,0),(930,62,660,0),(931,62,598,0),(932,62,661,0),(933,62,558,0),(934,62,662,0),(935,62,627,0),(936,62,626,0),(937,62,663,0),(938,62,583,0),(939,62,250,0),(940,62,664,0),(941,62,665,0),(942,62,666,0),(943,62,115,0),(944,62,322,0),(945,62,12,0),(946,62,123,0),(947,62,18,0),(948,62,122,0),(949,62,543,0),(950,62,538,0),(951,62,633,0),(952,62,533,0),(953,62,548,0),(954,62,641,0),(955,62,667,0),(956,62,668,0),(957,62,669,0),(958,62,798,0),(959,62,671,0),(960,62,799,0),(961,62,698,0),(962,62,805,0),(963,62,673,0),(964,62,408,0),(965,62,620,0),(966,62,674,0),(967,62,614,0),(968,62,612,0),(969,62,613,0),(970,62,611,0),(971,62,205,0),(972,62,697,0),(973,62,594,0),(974,62,595,0),(975,62,596,0),(976,62,763,0),(977,62,806,0),(978,62,807,0),(979,62,403,0),(980,63,599,0),(981,63,233,0),(982,63,644,0),(983,63,245,0),(984,63,645,0),(985,63,646,0),(986,63,647,0),(987,63,648,0),(988,63,261,0),(989,63,262,0),(990,63,649,0),(991,63,608,0),(992,63,650,0),(993,63,651,0),(994,63,652,0),(995,63,653,0),(996,63,654,0),(997,63,655,0),(998,63,656,0),(999,63,156,0),(1000,63,157,0),(1001,63,657,0),(1002,63,343,0),(1003,63,658,0),(1004,63,659,0),(1005,63,256,0),(1006,63,597,0),(1007,63,660,0),(1008,63,598,0),(1009,63,661,0),(1010,63,558,0),(1011,63,662,0),(1012,63,627,0),(1013,63,626,0),(1014,63,663,0),(1015,63,583,0),(1016,63,250,0),(1017,63,664,0),(1018,63,665,0),(1019,63,666,0),(1020,63,115,0),(1021,63,322,0),(1022,63,12,0),(1023,63,123,0),(1024,63,18,0),(1025,63,122,0),(1026,63,543,0),(1027,63,538,0),(1028,63,633,0),(1029,63,533,0),(1030,63,548,0),(1031,63,641,0),(1032,63,667,0),(1033,63,668,0),(1034,63,669,0),(1035,63,798,0),(1036,63,671,0),(1037,63,799,0),(1038,63,698,0),(1039,63,805,0),(1040,63,673,0),(1041,63,408,0),(1042,63,620,0),(1043,63,674,0),(1044,63,614,0),(1045,63,612,0),(1046,63,613,0),(1047,63,611,0),(1048,63,205,0),(1049,63,697,0),(1050,63,594,0),(1051,63,595,0),(1052,63,596,0),(1053,63,763,0),(1054,63,806,0),(1055,63,807,0),(1056,63,403,0),(1057,63,188,2),(1058,63,699,1),(1059,63,740,8),(1060,63,92,8),(1061,63,750,30),(1062,63,545,4),(1063,63,542,6),(1064,63,550,4),(1065,63,535,2),(1066,63,90,3),(1067,63,534,2),(1068,63,700,2),(1069,63,552,2),(1070,63,808,1),(1071,64,123,4),(1072,64,18,2),(1073,64,678,3),(1074,64,322,5),(1075,64,78,36),(1076,64,122,1),(1077,64,538,110),(1078,64,590,27),(1079,64,547,15),(1080,64,548,50),(1081,64,270,1),(1082,64,181,2),(1083,64,408,2),(1084,64,572,2),(1085,64,274,1),(1086,64,141,1),(1087,64,115,18),(1088,64,551,10),(1089,64,12,1),(1090,64,611,15),(1091,64,613,15),(1092,65,809,1),(1093,65,810,1),(1094,66,533,7),(1095,66,543,7),(1096,66,538,7),(1097,66,247,3),(1098,66,244,3),(1099,66,117,5),(1100,66,173,4),(1101,66,764,2),(1102,67,672,0),(1103,67,486,0),(1104,67,352,0),(1105,67,712,0),(1106,67,796,0),(1107,67,597,0),(1108,67,795,2),(1109,68,672,0),(1110,68,486,0),(1111,68,352,0),(1112,68,712,0),(1113,68,796,0),(1114,68,597,0),(1115,68,795,0),(1116,68,464,4),(1117,69,672,0),(1118,69,486,0),(1119,69,352,0),(1120,69,712,0),(1121,69,796,0),(1122,69,597,0),(1123,69,795,0),(1124,69,464,0),(1125,69,116,4),(1126,70,672,0),(1127,70,486,0),(1128,70,352,0),(1129,70,712,0),(1130,70,796,0),(1131,70,597,0),(1132,70,795,0),(1133,70,464,0),(1134,70,116,0),(1135,70,215,1),(1136,71,672,0),(1137,71,486,0),(1138,71,352,0),(1139,71,712,0),(1140,71,796,0),(1141,71,597,0),(1142,71,795,0),(1143,71,464,0),(1144,71,116,0),(1145,71,215,0),(1146,71,794,3),(1147,72,829,2),(1148,72,830,1),(1149,73,672,0),(1150,73,486,0),(1151,73,352,0),(1152,73,712,0),(1153,73,796,0),(1154,73,597,0),(1155,73,795,0),(1156,73,464,0),(1157,73,116,0),(1158,73,215,0),(1159,73,794,0),(1160,73,16,20),(1161,74,672,0),(1162,74,486,0),(1163,74,352,0),(1164,74,712,0),(1165,74,796,0),(1166,74,597,0),(1167,74,795,0),(1168,74,464,0),(1169,74,116,0),(1170,74,215,0),(1171,74,794,0),(1172,74,16,0),(1173,74,123,18),(1174,75,672,0),(1175,75,486,0),(1176,75,352,0),(1177,75,712,0),(1178,75,796,0),(1179,75,597,0),(1180,75,795,0),(1181,75,464,0),(1182,75,116,0),(1183,75,215,0),(1184,75,794,0),(1185,75,16,0),(1186,75,123,0),(1187,75,18,9),(1188,76,672,0),(1189,76,486,0),(1190,76,352,0),(1191,76,712,0),(1192,76,796,0),(1193,76,597,0),(1194,76,795,0),(1195,76,464,0),(1196,76,116,0),(1197,76,215,0),(1198,76,794,0),(1199,76,16,0),(1200,76,123,0),(1201,76,18,0),(1202,76,122,4),(1203,77,672,0),(1204,77,486,0),(1205,77,352,0),(1206,77,712,0),(1207,77,796,0),(1208,77,597,0),(1209,77,795,0),(1210,77,464,0),(1211,77,116,0),(1212,77,215,0),(1213,77,794,0),(1214,77,16,0),(1215,77,123,0),(1216,77,18,0),(1217,77,122,0),(1218,77,12,12),(1219,78,672,0),(1220,78,486,0),(1221,78,352,0),(1222,78,712,0),(1223,78,796,0),(1224,78,597,0),(1225,78,795,0),(1226,78,464,0),(1227,78,116,0),(1228,78,215,0),(1229,78,794,0),(1230,78,16,0),(1231,78,123,0),(1232,78,18,0),(1233,78,122,0),(1234,78,12,0),(1235,78,587,1),(1236,79,672,0),(1237,79,486,0),(1238,79,352,0),(1239,79,712,0),(1240,79,796,0),(1241,79,597,0),(1242,79,795,0),(1243,79,464,0),(1244,79,116,0),(1245,79,215,0),(1246,79,794,0),(1247,79,16,0),(1248,79,123,0),(1249,79,18,0),(1250,79,122,0),(1251,79,12,0),(1252,79,587,0),(1253,79,378,1),(1254,80,715,1),(1255,81,672,0),(1256,81,486,0),(1257,81,352,0),(1258,81,712,0),(1259,81,796,0),(1260,81,597,0),(1261,81,795,0),(1262,81,464,0),(1263,81,116,0),(1264,81,215,0),(1265,81,794,0),(1266,81,16,0),(1267,81,123,0),(1268,81,18,0),(1269,81,122,0),(1270,81,12,0),(1271,81,587,0),(1272,81,378,0),(1273,81,398,1),(1274,82,672,0),(1275,82,486,0),(1276,82,352,0),(1277,82,712,0),(1278,82,796,0),(1279,82,597,0),(1280,82,795,0),(1281,82,464,0),(1282,82,116,0),(1283,82,215,0),(1284,82,794,0),(1285,82,16,0),(1286,82,123,0),(1287,82,18,0),(1288,82,122,0),(1289,82,12,0),(1290,82,587,0),(1291,82,378,0),(1292,82,398,0),(1293,82,93,4),(1294,83,672,3),(1295,83,767,1),(1296,84,774,3),(1297,84,857,3),(1298,85,672,0),(1299,85,486,0),(1300,85,352,0),(1301,85,712,0),(1302,85,796,0),(1303,85,597,0),(1304,85,795,0),(1305,85,464,0),(1306,85,116,0),(1307,85,215,0),(1308,85,794,0),(1309,85,16,0),(1310,85,123,0),(1311,85,18,0),(1312,85,122,0),(1313,85,12,0),(1314,85,587,0),(1315,85,378,0),(1316,85,398,0),(1317,85,93,0),(1318,85,782,1),(1319,85,250,1),(1320,86,12,5),(1321,86,123,2),(1322,86,18,1),(1323,86,856,1),(1324,86,66,4),(1325,86,322,13),(1326,86,666,8),(1327,86,855,3),(1328,86,247,4),(1329,86,244,4),(1330,86,173,5),(1331,86,117,6),(1332,86,116,1),(1333,86,616,1),(1334,86,633,14),(1335,86,538,14),(1336,86,533,14),(1337,86,540,4),(1338,86,545,1),(1339,86,630,1),(1340,86,115,3),(1341,86,735,5),(1342,87,247,1),(1343,87,244,1),(1344,87,173,2),(1345,88,672,0),(1346,88,486,0),(1347,88,352,0),(1348,88,712,0),(1349,88,796,0),(1350,88,597,0),(1351,88,795,0),(1352,88,464,0),(1353,88,116,0),(1354,88,215,0),(1355,88,794,0),(1356,88,16,0),(1357,88,123,0),(1358,88,18,0),(1359,88,122,0),(1360,88,12,0),(1361,88,587,0),(1362,88,378,0),(1363,88,398,0),(1364,88,93,0),(1365,88,782,0),(1366,88,250,0),(1367,88,663,150),(1368,89,572,1),(1369,90,12,3),(1370,91,599,0),(1371,91,233,0),(1372,91,644,0),(1373,91,245,0),(1374,91,645,0),(1375,91,646,0),(1376,91,647,0),(1377,91,648,0),(1378,91,261,0),(1379,91,262,0),(1380,91,649,0),(1381,91,608,0),(1382,91,650,0),(1383,91,651,0),(1384,91,652,0),(1385,91,653,0),(1386,91,654,0),(1387,91,655,0),(1388,91,656,0),(1389,91,156,0),(1390,91,157,0),(1391,91,657,0),(1392,91,343,35),(1393,91,658,0),(1394,91,659,0),(1395,91,256,0),(1396,91,597,0),(1397,91,660,0),(1398,91,598,0),(1399,91,661,0),(1400,91,558,0),(1401,91,662,0),(1402,91,627,0),(1403,91,626,0),(1404,91,663,0),(1405,91,583,0),(1406,91,250,0),(1407,91,664,0),(1408,91,665,0),(1409,91,666,0),(1410,91,115,3),(1411,91,322,0),(1412,91,12,0),(1413,91,123,0),(1414,91,18,0),(1415,91,122,0),(1416,91,543,0),(1417,91,538,0),(1418,91,633,0),(1419,91,533,0),(1420,91,548,0),(1421,91,641,0),(1422,91,667,0),(1423,91,668,0),(1424,91,669,0),(1425,91,798,0),(1426,91,671,0),(1427,91,799,0),(1428,91,698,0),(1429,91,805,0),(1430,91,673,0),(1431,91,408,0),(1432,91,620,0),(1433,91,674,0),(1434,91,614,0),(1435,91,612,0),(1436,91,613,0),(1437,91,611,0),(1438,91,205,0),(1439,91,697,0),(1440,91,594,0),(1441,91,595,0),(1442,91,596,0),(1443,91,763,0),(1444,91,806,0),(1445,91,807,0),(1446,91,403,0),(1447,91,188,0),(1448,91,699,0),(1449,91,740,0),(1450,91,92,0),(1451,91,750,0),(1452,91,545,0),(1453,91,542,0),(1454,91,550,0),(1455,91,535,0),(1456,91,90,0),(1457,91,534,0),(1458,91,700,0),(1459,91,552,0),(1460,91,808,0),(1461,92,599,0),(1462,92,233,0),(1463,92,644,0),(1464,92,245,0),(1465,92,645,0),(1466,92,646,0),(1467,92,647,0),(1468,92,648,0),(1469,92,261,0),(1470,92,262,0),(1471,92,649,0),(1472,92,608,0),(1473,92,650,0),(1474,92,651,0),(1475,92,652,0),(1476,92,653,0),(1477,92,654,0),(1478,92,655,0),(1479,92,656,0),(1480,92,156,0),(1481,92,157,0),(1482,92,657,0),(1483,92,343,0),(1484,92,658,0),(1485,92,659,0),(1486,92,256,0),(1487,92,597,0),(1488,92,660,0),(1489,92,598,4),(1490,92,661,0),(1491,92,558,0),(1492,92,662,0),(1493,92,627,0),(1494,92,626,0),(1495,92,663,0),(1496,92,583,0),(1497,92,250,0),(1498,92,664,0),(1499,92,665,0),(1500,92,666,10),(1501,92,115,0),(1502,92,322,15),(1503,92,12,10),(1504,92,123,0),(1505,92,18,0),(1506,92,122,0),(1507,92,543,0),(1508,92,538,0),(1509,92,633,0),(1510,92,533,0),(1511,92,548,0),(1512,92,641,0),(1513,92,667,0),(1514,92,668,0),(1515,92,669,0),(1516,92,798,0),(1517,92,671,0),(1518,92,799,0),(1519,92,698,0),(1520,92,805,0),(1521,92,673,0),(1522,92,408,0),(1523,92,620,0),(1524,92,674,100),(1525,92,614,0),(1526,92,612,0),(1527,92,613,0),(1528,92,611,0),(1529,92,205,0),(1530,92,697,0),(1531,92,594,0),(1532,92,595,0),(1533,92,596,0),(1534,92,763,0),(1535,92,806,0),(1536,92,807,0),(1537,92,403,0),(1538,92,188,0),(1539,92,699,0),(1540,92,740,0),(1541,92,92,0),(1542,92,750,0),(1543,92,545,0),(1544,92,542,0),(1545,92,550,0),(1546,92,535,0),(1547,92,90,0),(1548,92,534,0),(1549,92,700,0),(1550,92,552,0),(1551,92,808,0),(1552,93,12,0),(1553,93,861,10),(1554,94,860,16),(1555,94,545,76),(1556,94,531,86),(1557,94,614,40),(1558,94,612,40),(1559,94,858,50),(1560,94,109,2),(1561,94,78,12),(1562,94,89,3),(1563,94,750,20),(1564,94,859,2),(1565,94,663,70),(1566,94,48,3),(1567,94,598,2),(1568,95,599,0),(1569,95,233,0),(1570,95,644,0),(1571,95,245,0),(1572,95,645,0),(1573,95,646,0),(1574,95,647,0),(1575,95,648,0),(1576,95,261,0),(1577,95,262,0),(1578,95,649,0),(1579,95,608,0),(1580,95,650,0),(1581,95,651,0),(1582,95,652,0),(1583,95,653,0),(1584,95,654,0),(1585,95,655,0),(1586,95,656,0),(1587,95,156,1),(1588,95,157,1),(1589,95,657,0),(1590,95,343,0),(1591,95,658,6),(1592,95,659,6),(1593,95,256,6),(1594,95,597,0),(1595,95,660,0),(1596,95,598,0),(1597,95,661,0),(1598,95,558,139),(1599,95,662,0),(1600,95,627,0),(1601,95,626,0),(1602,95,663,0),(1603,95,583,0),(1604,95,250,0),(1605,95,664,0),(1606,95,665,0),(1607,95,666,0),(1608,95,115,0),(1609,95,322,0),(1610,95,12,0),(1611,95,123,0),(1612,95,18,0),(1613,95,122,0),(1614,95,543,0),(1615,95,538,0),(1616,95,633,0),(1617,95,533,60),(1618,95,548,0),(1619,95,641,0),(1620,95,667,0),(1621,95,668,0),(1622,95,669,0),(1623,95,798,0),(1624,95,671,0),(1625,95,799,0),(1626,95,698,0),(1627,95,805,0),(1628,95,673,6),(1629,95,408,2),(1630,95,620,0),(1631,95,674,0),(1632,95,614,0),(1633,95,612,0),(1634,95,613,0),(1635,95,611,0),(1636,95,205,0),(1637,95,697,0),(1638,95,594,0),(1639,95,595,0),(1640,95,596,0),(1641,95,763,0),(1642,95,806,0),(1643,95,807,0),(1644,95,403,0),(1645,95,188,0),(1646,95,699,0),(1647,95,740,0),(1648,95,92,0),(1649,95,750,0),(1650,95,545,0),(1651,95,542,0),(1652,95,550,0),(1653,95,535,0),(1654,95,90,0),(1655,95,534,0),(1656,95,700,0),(1657,95,552,0),(1658,95,808,0),(1659,96,860,0),(1660,96,545,0),(1661,96,531,0),(1662,96,614,0),(1663,96,612,0),(1664,96,858,0),(1665,96,109,0),(1666,96,78,0),(1667,96,89,0),(1668,96,750,0),(1669,96,859,0),(1670,96,663,0),(1671,96,48,0),(1672,96,598,0),(1673,96,42,3),(1674,96,862,6),(1675,97,829,1),(1676,97,690,1),(1677,97,830,2),(1678,97,863,1),(1679,98,250,1),(1680,98,173,3),(1681,98,117,3),(1682,98,403,1),(1683,99,666,1),(1684,99,322,1),(1685,99,864,4),(1686,99,865,4),(1687,99,538,4),(1688,99,543,4),(1689,99,533,4),(1690,99,247,1),(1691,99,244,1),(1692,99,173,1),(1693,99,117,2),(1694,99,110,1),(1695,99,78,2),(1696,99,613,6),(1697,99,611,6),(1698,99,866,4),(1699,100,12,0),(1700,100,861,0),(1701,100,782,1),(1702,101,105,1),(1703,101,712,2),(1704,101,342,1),(1705,101,467,1),(1706,101,821,2),(1707,101,867,1),(1708,102,110,1),(1709,102,247,1),(1710,102,244,1),(1711,102,173,1),(1712,102,117,1),(1713,103,868,1),(1714,104,250,0),(1715,104,173,0),(1716,104,117,0),(1717,104,403,0),(1718,104,870,1),(1719,105,767,1),(1720,105,871,1),(1721,105,695,1),(1722,105,735,2),(1723,106,464,2),(1724,107,860,0),(1725,107,545,0),(1726,107,531,0),(1727,107,614,0),(1728,107,612,0),(1729,107,858,0),(1730,107,109,0),(1731,107,78,0),(1732,107,89,0),(1733,107,750,0),(1734,107,859,0),(1735,107,663,0),(1736,107,48,0),(1737,107,598,0),(1738,107,42,0),(1739,107,862,0),(1740,107,627,0),(1741,107,543,0),(1742,107,668,0),(1743,107,873,0),(1744,107,403,0),(1745,107,189,0),(1746,107,532,0),(1747,107,587,3),(1748,107,250,0),(1749,107,173,0),(1750,108,872,2),(1751,108,247,1),(1752,108,244,1),(1753,108,173,2),(1754,108,729,1),(1755,108,547,5),(1756,108,549,5),(1757,108,110,1),(1758,108,133,1),(1759,108,533,5),(1760,109,761,1),(1761,109,874,1),(1762,109,875,1),(1763,109,322,1),(1764,109,139,1),(1765,109,666,1),(1766,109,480,1),(1767,109,774,1),(1768,109,540,10),(1769,110,12,0),(1770,110,861,0),(1771,110,782,0),(1772,110,668,3),(1773,111,860,0),(1774,111,545,0),(1775,111,531,0),(1776,111,614,40),(1777,111,612,40),(1778,111,858,0),(1779,111,109,0),(1780,111,78,2),(1781,111,89,0),(1782,111,750,20),(1783,111,859,0),(1784,111,663,0),(1785,111,48,0),(1786,111,598,0),(1787,111,42,0),(1788,111,862,0),(1789,111,627,10),(1790,111,543,20),(1791,111,668,6),(1792,111,873,3),(1793,111,403,12),(1794,111,189,60),(1795,111,532,32),(1796,111,587,3),(1797,111,250,12),(1798,111,173,75),(1799,111,836,12),(1800,111,678,1),(1801,111,75,2),(1802,111,402,6),(1803,111,270,6),(1804,111,269,3),(1805,111,632,7),(1806,111,26,1),(1807,111,842,1),(1808,111,541,1),(1809,111,878,1),(1810,111,877,1),(1811,111,182,10),(1812,111,323,2),(1813,111,879,36),(1814,111,880,12),(1815,111,669,2),(1816,111,795,2),(1817,111,808,1),(1818,111,535,4),(1819,111,79,4),(1820,111,881,1),(1821,111,262,3),(1822,111,261,1),(1823,111,882,3),(1824,111,883,4),(1825,111,619,7),(1826,111,884,1),(1827,111,349,1),(1828,112,12,0),(1829,112,861,0),(1830,112,782,0),(1831,112,668,0),(1832,112,847,1),(1833,113,871,1),(1834,114,247,1),(1835,114,244,1),(1836,114,211,1),(1837,114,173,1),(1838,114,117,1),(1839,115,157,1),(1840,115,499,1),(1841,116,157,1),(1842,117,575,2),(1843,118,69,11),(1844,118,486,7),(1845,118,712,4),(1846,118,105,2),(1847,118,342,1),(1848,118,885,2),(1849,118,773,2),(1850,118,782,4),(1851,119,115,15),(1852,119,666,11),(1853,119,322,23),(1854,119,678,5),(1855,119,114,7),(1856,119,516,9),(1857,119,886,4),(1858,119,517,2),(1859,119,26,1),(1860,119,75,30),(1861,119,323,6),(1862,119,633,40),(1863,119,533,51),(1864,119,538,60),(1865,119,630,1),(1866,119,549,7),(1867,119,554,6),(1868,119,116,4),(1869,119,173,16),(1870,119,644,16),(1871,119,247,12),(1872,119,599,12),(1873,119,272,2),(1874,119,628,1),(1875,119,829,4),(1876,119,616,2),(1877,119,613,40),(1878,119,611,40),(1879,119,614,40),(1880,119,612,40),(1881,119,78,20),(1882,120,115,0),(1883,120,666,0),(1884,120,322,0),(1885,120,678,0),(1886,120,114,0),(1887,120,516,0),(1888,120,886,0),(1889,120,517,0),(1890,120,26,0),(1891,120,75,0),(1892,120,323,0),(1893,120,633,0),(1894,120,533,0),(1895,120,538,0),(1896,120,630,0),(1897,120,549,0),(1898,120,554,0),(1899,120,116,0),(1900,120,173,0),(1901,120,644,0),(1902,120,247,0),(1903,120,599,0),(1904,120,272,0),(1905,120,628,0),(1906,120,829,0),(1907,120,616,0),(1908,120,613,0),(1909,120,611,0),(1910,120,614,0),(1911,120,612,0),(1912,120,78,0),(1913,120,548,20),(1914,121,233,2),(1915,121,245,1),(1916,121,117,1),(1917,121,467,3),(1918,121,548,15),(1919,121,778,4),(1920,121,538,15),(1921,121,633,15),(1922,121,887,3),(1923,121,888,3),(1924,121,889,1),(1925,121,695,2),(1926,121,540,2),(1927,122,890,1),(1928,122,871,1),(1929,123,12,0),(1930,123,861,0),(1931,123,782,0),(1932,123,668,0),(1933,123,847,0),(1934,123,538,194),(1935,124,12,0),(1936,124,861,0),(1937,124,782,0),(1938,124,668,0),(1939,124,847,0),(1940,124,538,0),(1941,124,537,3),(1942,125,12,0),(1943,125,861,0),(1944,125,782,0),(1945,125,668,0),(1946,125,847,0),(1947,125,538,0),(1948,125,537,0),(1949,125,530,10),(1950,126,12,0),(1951,126,861,0),(1952,126,782,0),(1953,126,668,0),(1954,126,847,0),(1955,126,538,0),(1956,126,537,0),(1957,126,530,10),(1958,127,12,0),(1959,127,861,0),(1960,127,782,0),(1961,127,668,0),(1962,127,847,0),(1963,127,538,0),(1964,127,537,0),(1965,127,530,0),(1966,127,540,28),(1967,128,12,0),(1968,128,861,0),(1969,128,782,0),(1970,128,668,0),(1971,128,847,0),(1972,128,538,0),(1973,128,537,0),(1974,128,530,0),(1975,128,540,0),(1976,128,545,35),(1977,129,12,0),(1978,129,861,0),(1979,129,782,0),(1980,129,668,0),(1981,129,847,0),(1982,129,538,0),(1983,129,537,0),(1984,129,530,0),(1985,129,540,0),(1986,129,545,0),(1987,129,548,96),(1988,130,12,0),(1989,130,861,0),(1990,130,782,0),(1991,130,668,0),(1992,130,847,0),(1993,130,538,0),(1994,130,537,0),(1995,130,530,0),(1996,130,540,0),(1997,130,545,0),(1998,130,548,0),(1999,130,546,3),(2000,131,12,0),(2001,131,861,0),(2002,131,782,0),(2003,131,668,0),(2004,131,847,0),(2005,131,538,0),(2006,131,537,0),(2007,131,530,0),(2008,131,540,0),(2009,131,545,0),(2010,131,548,0),(2011,131,546,0),(2012,131,641,15),(2013,132,12,0),(2014,132,861,0),(2015,132,782,0),(2016,132,668,0),(2017,132,847,0),(2018,132,538,0),(2019,132,537,0),(2020,132,530,0),(2021,132,540,0),(2022,132,545,0),(2023,132,548,0),(2024,132,546,0),(2025,132,641,0),(2026,132,554,0),(2027,133,12,0),(2028,133,861,0),(2029,133,782,0),(2030,133,668,0),(2031,133,847,0),(2032,133,538,0),(2033,133,537,0),(2034,133,530,0),(2035,133,540,0),(2036,133,545,0),(2037,133,548,0),(2038,133,546,0),(2039,133,641,0),(2040,133,554,25),(2041,134,12,0),(2042,134,861,0),(2043,134,782,0),(2044,134,668,0),(2045,134,847,0),(2046,134,538,0),(2047,134,537,0),(2048,134,530,0),(2049,134,540,0),(2050,134,545,0),(2051,134,548,0),(2052,134,546,0),(2053,134,641,0),(2054,134,554,0),(2055,134,553,3),(2056,135,887,9),(2057,135,888,4),(2058,136,12,0),(2059,136,861,0),(2060,136,782,0),(2061,136,668,0),(2062,136,847,0),(2063,136,538,0),(2064,136,537,0),(2065,136,530,0),(2066,136,540,0),(2067,136,545,0),(2068,136,548,0),(2069,136,546,0),(2070,136,641,0),(2071,136,554,0),(2072,136,553,0),(2073,136,541,77),(2074,137,12,0),(2075,137,861,0),(2076,137,782,0),(2077,137,668,0),(2078,137,847,0),(2079,137,538,0),(2080,137,537,0),(2081,137,530,0),(2082,137,540,0),(2083,137,545,0),(2084,137,548,0),(2085,137,546,0),(2086,137,641,0),(2087,137,554,0),(2088,137,553,0),(2089,137,541,0),(2090,137,543,62),(2091,138,12,0),(2092,138,861,0),(2093,138,782,0),(2094,138,668,0),(2095,138,847,0),(2096,138,538,0),(2097,138,537,0),(2098,138,530,0),(2099,138,540,0),(2100,138,545,0),(2101,138,548,0),(2102,138,546,0),(2103,138,641,0),(2104,138,554,0),(2105,138,553,0),(2106,138,541,0),(2107,138,543,0),(2108,138,544,11),(2109,138,542,5),(2110,139,12,0),(2111,139,861,0),(2112,139,782,0),(2113,139,668,0),(2114,139,847,0),(2115,139,538,0),(2116,139,537,0),(2117,139,530,0),(2118,139,540,0),(2119,139,545,0),(2120,139,548,0),(2121,139,546,0),(2122,139,641,0),(2123,139,554,0),(2124,139,553,0),(2125,139,541,0),(2126,139,543,0),(2127,139,544,0),(2128,139,542,0),(2129,139,552,3),(2130,139,551,21),(2131,139,549,121),(2132,140,12,0),(2133,140,861,0),(2134,140,782,0),(2135,140,668,0),(2136,140,847,0),(2137,140,538,0),(2138,140,537,0),(2139,140,530,0),(2140,140,540,0),(2141,140,545,0),(2142,140,548,0),(2143,140,546,0),(2144,140,641,0),(2145,140,554,0),(2146,140,553,0),(2147,140,541,0),(2148,140,543,0),(2149,140,544,0),(2150,140,542,0),(2151,140,552,0),(2152,140,551,0),(2153,140,549,0),(2154,140,712,12),(2155,141,12,0),(2156,141,861,0),(2157,141,782,0),(2158,141,668,0),(2159,141,847,0),(2160,141,538,0),(2161,141,537,0),(2162,141,530,0),(2163,141,540,0),(2164,141,545,0),(2165,141,548,0),(2166,141,546,0),(2167,141,641,0),(2168,141,554,0),(2169,141,553,0),(2170,141,541,0),(2171,141,543,0),(2172,141,544,0),(2173,141,542,0),(2174,141,552,0),(2175,141,551,0),(2176,141,549,0),(2177,141,712,0),(2178,141,532,24),(2179,142,12,0),(2180,142,861,0),(2181,142,782,0),(2182,142,668,0),(2183,142,847,0),(2184,142,538,0),(2185,142,537,0),(2186,142,530,0),(2187,142,540,0),(2188,142,545,0),(2189,142,548,0),(2190,142,546,0),(2191,142,641,0),(2192,142,554,0),(2193,142,553,0),(2194,142,541,0),(2195,142,543,0),(2196,142,544,0),(2197,142,542,0),(2198,142,552,0),(2199,142,551,0),(2200,142,549,0),(2201,142,712,0),(2202,142,532,0),(2203,142,531,49),(2204,143,12,0),(2205,143,861,0),(2206,143,782,0),(2207,143,668,0),(2208,143,847,0),(2209,143,538,0),(2210,143,537,0),(2211,143,530,0),(2212,143,540,0),(2213,143,545,0),(2214,143,548,0),(2215,143,546,0),(2216,143,641,0),(2217,143,554,0),(2218,143,553,0),(2219,143,541,0),(2220,143,543,0),(2221,143,544,0),(2222,143,542,0),(2223,143,552,0),(2224,143,551,0),(2225,143,549,0),(2226,143,712,0),(2227,143,532,0),(2228,143,531,0),(2229,144,12,0),(2230,144,861,0),(2231,144,782,0),(2232,144,668,0),(2233,144,847,0),(2234,144,538,0),(2235,144,537,0),(2236,144,530,0),(2237,144,540,0),(2238,144,545,0),(2239,144,548,0),(2240,144,546,0),(2241,144,641,0),(2242,144,554,0),(2243,144,553,0),(2244,144,541,0),(2245,144,543,0),(2246,144,544,0),(2247,144,542,0),(2248,144,552,0),(2249,144,551,0),(2250,144,549,0),(2251,144,712,0),(2252,144,532,0),(2253,144,531,0),(2254,144,533,44),(2255,145,562,2),(2256,146,698,1),(2257,146,205,4),(2258,146,774,1),(2259,146,233,1),(2260,146,245,1),(2261,146,78,8),(2262,146,641,20),(2263,146,548,7),(2264,146,123,1),(2265,146,105,2),(2266,146,666,4),(2267,146,115,6),(2268,146,613,6),(2269,146,611,6),(2270,146,65,2),(2271,146,893,1),(2272,146,712,2),(2273,146,342,2),(2274,146,809,1),(2275,146,710,1),(2276,146,322,4),(2277,147,894,1),(2278,148,895,15),(2279,148,549,5),(2280,148,541,5),(2281,148,536,5),(2282,149,666,1),(2283,149,634,1),(2284,149,678,3),(2285,149,836,4),(2286,149,896,1),(2287,149,230,1),(2288,149,250,1),(2289,149,403,1),(2290,149,188,1),(2291,149,759,10),(2292,149,740,7),(2293,149,64,1),(2294,149,323,6),(2295,149,322,1),(2296,149,450,1),(2297,149,114,5),(2298,149,742,1),(2299,149,173,6),(2300,149,117,2),(2301,149,75,10),(2302,149,613,40),(2303,149,611,40),(2304,149,545,2),(2305,149,535,4),(2306,149,897,1),(2307,149,181,3),(2308,149,182,3),(2309,149,48,3),(2310,149,590,6),(2311,149,538,6),(2312,149,533,6),(2313,149,35,1),(2314,150,666,5),(2315,150,115,2),(2316,150,538,15),(2317,150,540,15),(2318,150,892,30),(2319,150,322,2),(2320,150,635,1),(2321,150,871,1),(2322,151,898,1),(2323,152,899,1),(2324,152,684,1),(2325,153,900,1),(2326,153,117,1),(2327,153,613,6),(2328,153,611,6),(2329,153,901,4),(2330,154,549,6),(2331,154,541,6),(2332,154,538,6),(2333,155,12,0),(2334,155,861,0),(2335,155,782,0),(2336,155,668,0),(2337,155,847,0),(2338,155,538,0),(2339,155,537,0),(2340,155,530,0),(2341,155,540,0),(2342,155,545,0),(2343,155,548,0),(2344,155,546,0),(2345,155,641,0),(2346,155,554,0),(2347,155,553,0),(2348,155,541,0),(2349,155,543,0),(2350,155,544,0),(2351,155,542,0),(2352,155,552,0),(2353,155,551,0),(2354,155,549,0),(2355,155,712,0),(2356,155,532,0),(2357,155,531,0),(2358,155,533,0),(2359,155,18,1),(2360,156,323,130),(2361,157,12,0),(2362,157,861,0),(2363,157,782,0),(2364,157,668,0),(2365,157,847,0),(2366,157,538,0),(2367,157,537,0),(2368,157,530,0),(2369,157,540,0),(2370,157,545,0),(2371,157,548,0),(2372,157,546,0),(2373,157,641,0),(2374,157,554,0),(2375,157,553,0),(2376,157,541,0),(2377,157,543,0),(2378,157,544,0),(2379,157,542,0),(2380,157,552,0),(2381,157,551,0),(2382,157,549,0),(2383,157,712,0),(2384,157,532,0),(2385,157,531,0),(2386,157,533,0),(2387,157,18,0),(2388,157,139,3),(2389,158,666,1),(2390,158,115,1),(2391,159,323,0),(2392,159,267,9),(2393,159,705,4),(2394,159,117,2),(2395,159,613,30),(2396,159,611,30),(2397,159,678,100),(2398,159,114,100),(2399,159,18,85),(2400,160,110,3),(2401,160,905,1),(2402,160,906,1),(2403,160,613,20),(2404,160,611,20),(2405,160,556,12),(2406,160,872,2),(2407,161,110,6),(2408,161,247,4),(2409,161,244,4),(2410,161,117,7),(2411,161,116,1),(2412,161,173,4),(2413,161,678,15),(2414,161,666,5),(2415,161,78,5),(2416,161,75,20),(2417,161,867,2),(2418,161,323,15),(2419,161,322,11),(2420,161,836,6),(2421,161,903,1),(2422,161,904,1),(2423,161,611,50),(2424,161,613,50),(2425,161,533,9),(2426,161,540,30),(2427,161,590,9),(2428,161,538,9),(2429,161,18,1),(2430,161,861,5),(2431,161,549,7),(2432,161,541,7),(2433,161,115,3),(2434,161,616,1),(2435,162,861,4),(2436,162,666,1),(2437,162,322,4),(2438,162,323,2),(2439,162,614,50),(2440,162,612,50),(2441,162,613,20),(2442,162,611,20),(2443,162,626,10),(2444,163,861,0),(2445,163,666,0),(2446,163,322,0),(2447,163,323,0),(2448,163,614,0),(2449,163,612,0),(2450,163,613,0),(2451,163,611,0),(2452,163,626,7),(2453,164,549,0),(2454,164,541,0),(2455,164,538,0),(2456,164,590,6),(2457,164,533,6),(2458,165,549,0),(2459,165,541,9),(2460,165,538,0),(2461,165,590,0),(2462,165,533,0),(2463,166,549,9),(2464,166,541,0),(2465,166,538,9),(2466,166,590,9),(2467,166,533,9),(2468,167,549,0),(2469,167,541,0),(2470,167,538,0),(2471,167,590,0),(2472,167,533,0),(2473,167,666,3),(2474,167,678,3),(2475,167,322,5),(2476,167,114,3),(2477,167,123,1),(2478,168,549,0),(2479,168,541,0),(2480,168,538,0),(2481,168,590,0),(2482,168,533,0),(2483,168,666,0),(2484,168,678,0),(2485,168,322,0),(2486,168,114,0),(2487,168,123,0),(2488,168,861,2),(2489,168,115,3),(2490,169,549,9),(2491,169,541,9),(2492,169,538,9),(2493,169,590,9),(2494,169,533,9),(2495,169,666,0),(2496,169,678,0),(2497,169,322,0),(2498,169,114,0),(2499,169,123,0),(2500,169,861,0),(2501,169,115,0),(2502,170,698,5),(2503,170,205,40),(2504,170,627,67),(2505,170,134,1),(2506,170,137,1),(2507,170,78,40),(2508,170,75,18),(2509,170,908,50),(2510,170,65,6),(2511,170,909,2),(2512,171,684,6),(2513,171,685,6),(2514,171,526,2),(2515,171,380,1),(2516,172,910,1),(2517,173,110,0),(2518,173,247,0),(2519,173,244,0),(2520,173,117,0),(2521,173,116,0),(2522,173,173,0),(2523,173,678,0),(2524,173,666,0),(2525,173,78,0),(2526,173,75,0),(2527,173,867,0),(2528,173,323,0),(2529,173,322,0),(2530,173,836,0),(2531,173,903,0),(2532,173,904,0),(2533,173,611,0),(2534,173,613,0),(2535,173,533,0),(2536,173,540,0),(2537,173,590,0),(2538,173,538,0),(2539,173,18,0),(2540,173,861,0),(2541,173,549,0),(2542,173,541,0),(2543,173,115,0),(2544,173,616,0),(2545,173,911,1),(2546,173,912,1),(2547,174,12,0),(2548,174,861,0),(2549,174,782,0),(2550,174,668,0),(2551,174,847,0),(2552,174,538,0),(2553,174,537,0),(2554,174,530,0),(2555,174,540,0),(2556,174,545,0),(2557,174,548,0),(2558,174,546,0),(2559,174,641,0),(2560,174,554,0),(2561,174,553,0),(2562,174,541,0),(2563,174,543,0),(2564,174,544,0),(2565,174,542,0),(2566,174,552,0),(2567,174,551,0),(2568,174,549,0),(2569,174,712,0),(2570,174,532,0),(2571,174,531,0),(2572,174,533,0),(2573,174,18,0),(2574,174,139,0),(2575,174,110,1),(2576,175,69,2),(2577,175,230,2),(2578,175,173,2),(2579,175,704,2),(2580,175,95,2),(2581,176,889,2),(2582,177,538,28),(2583,177,543,26),(2584,177,836,4),(2585,177,378,3),(2586,177,322,13),(2587,177,666,18),(2588,177,115,4),(2589,177,78,20),(2590,177,613,50),(2591,177,611,50),(2592,178,538,0),(2593,178,543,0),(2594,178,836,0),(2595,178,378,0),(2596,178,322,0),(2597,178,666,0),(2598,178,115,0),(2599,178,78,0),(2600,178,613,0),(2601,178,611,0),(2602,178,915,1),(2603,178,916,4),(2604,178,914,6),(2605,179,918,2),(2606,180,467,2),(2607,180,715,1),(2608,180,69,1),(2609,180,704,3),(2610,180,95,1),(2611,180,917,1),(2612,181,548,24),(2613,181,543,12),(2614,181,307,1),(2615,182,666,10),(2616,182,78,20),(2617,182,611,30),(2618,182,613,30),(2619,182,587,4),(2620,182,65,3),(2621,182,322,8),(2622,182,662,80),(2623,182,701,200),(2624,182,572,2),(2625,182,714,1),(2626,182,543,5),(2627,182,538,5),(2628,182,116,2),(2629,183,113,1),(2630,183,50,1),(2631,184,306,1),(2632,185,69,2),(2633,185,486,2),(2634,185,95,2),(2635,186,254,1),(2636,186,157,1),(2637,186,766,1),(2638,186,616,3),(2639,186,640,1),(2640,186,116,2),(2641,187,704,1),(2642,187,921,1),(2643,187,255,1),(2644,187,889,1),(2645,187,548,20),(2646,187,913,20),(2647,187,544,20),(2648,187,540,20),(2649,187,920,25),(2650,187,18,1),(2651,187,666,4),(2652,188,922,2),(2653,189,290,1),(2654,189,29,2),(2655,189,907,6),(2656,189,450,1),(2657,189,642,8),(2658,189,113,3),(2659,189,50,3),(2660,189,142,1),(2661,190,29,2),(2663,192,923,3),(2664,193,648,3),(2665,194,500,1),(2666,194,924,1),(2667,195,21,1),(2668,195,926,1),(2669,195,925,1),(2670,195,928,1),(2671,195,631,1),(2672,195,929,20),(2673,195,930,1),(2674,195,307,1),(2675,195,311,1),(2676,195,284,1),(2677,196,704,1),(2678,196,69,1),(2679,197,12,0),(2680,197,861,0),(2681,197,782,0),(2682,197,668,0),(2683,197,847,0),(2684,197,538,0),(2685,197,537,0),(2686,197,530,0),(2687,197,540,0),(2688,197,545,0),(2689,197,548,0),(2690,197,546,0),(2691,197,641,0),(2692,197,554,0),(2693,197,553,0),(2694,197,541,0),(2695,197,543,0),(2696,197,544,0),(2697,197,542,0),(2698,197,552,0),(2699,197,551,0),(2700,197,549,0),(2701,197,712,0),(2702,197,532,0),(2703,197,531,0),(2704,197,533,0),(2705,197,18,0),(2706,197,139,0),(2707,197,110,0),(2708,197,836,10),(2709,198,767,1),(2710,199,447,8),(2711,199,498,1),(2712,200,12,0),(2713,200,861,0),(2714,200,782,0),(2715,200,668,0),(2716,200,847,0),(2717,200,538,0),(2718,200,537,0),(2719,200,530,0),(2720,200,540,0),(2721,200,545,0),(2722,200,548,0),(2723,200,546,0),(2724,200,641,0),(2725,200,554,0),(2726,200,553,0),(2727,200,541,0),(2728,200,543,0),(2729,200,544,0),(2730,200,542,0),(2731,200,552,0),(2732,200,551,0),(2733,200,549,0),(2734,200,712,0),(2735,200,532,0),(2736,200,531,0),(2737,200,533,0),(2738,200,18,0),(2739,200,139,0),(2740,200,110,0),(2741,200,836,0),(2742,200,678,5),(2743,201,12,0),(2744,201,861,0),(2745,201,782,0),(2746,201,668,0),(2747,201,847,0),(2748,201,538,0),(2749,201,537,0),(2750,201,530,0),(2751,201,540,0),(2752,201,545,0),(2753,201,548,0),(2754,201,546,0),(2755,201,641,0),(2756,201,554,0),(2757,201,553,0),(2758,201,541,0),(2759,201,543,0),(2760,201,544,0),(2761,201,542,0),(2762,201,552,0),(2763,201,551,0),(2764,201,549,0),(2765,201,712,0),(2766,201,532,0),(2767,201,531,0),(2768,201,533,0),(2769,201,18,0),(2770,201,139,0),(2771,201,110,0),(2772,201,836,0),(2773,201,678,0),(2774,201,666,2),(2775,202,12,0),(2776,202,861,0),(2777,202,782,0),(2778,202,668,0),(2779,202,847,0),(2780,202,538,0),(2781,202,537,0),(2782,202,530,0),(2783,202,540,0),(2784,202,545,0),(2785,202,548,0),(2786,202,546,0),(2787,202,641,0),(2788,202,554,0),(2789,202,553,0),(2790,202,541,0),(2791,202,543,0),(2792,202,544,0),(2793,202,542,0),(2794,202,552,0),(2795,202,551,0),(2796,202,549,0),(2797,202,712,0),(2798,202,532,0),(2799,202,531,0),(2800,202,533,0),(2801,202,18,0),(2802,202,139,0),(2803,202,110,0),(2804,202,836,0),(2805,202,678,0),(2806,202,666,0),(2807,202,339,3),(2808,203,12,0),(2809,203,861,0),(2810,203,782,0),(2811,203,668,0),(2812,203,847,0),(2813,203,538,0),(2814,203,537,0),(2815,203,530,0),(2816,203,540,0),(2817,203,545,0),(2818,203,548,0),(2819,203,546,0),(2820,203,641,0),(2821,203,554,0),(2822,203,553,0),(2823,203,541,0),(2824,203,543,0),(2825,203,544,0),(2826,203,542,0),(2827,203,552,0),(2828,203,551,0),(2829,203,549,0),(2830,203,712,0),(2831,203,532,0),(2832,203,531,0),(2833,203,533,0),(2834,203,18,0),(2835,203,139,0),(2836,203,110,0),(2837,203,836,0),(2838,203,678,0),(2839,203,666,0),(2840,203,339,0),(2841,203,322,5),(2842,204,12,0),(2843,204,861,0),(2844,204,782,0),(2845,204,668,0),(2846,204,847,0),(2847,204,538,0),(2848,204,537,0),(2849,204,530,0),(2850,204,540,0),(2851,204,545,0),(2852,204,548,0),(2853,204,546,0),(2854,204,641,0),(2855,204,554,0),(2856,204,553,0),(2857,204,541,0),(2858,204,543,0),(2859,204,544,0),(2860,204,542,0),(2861,204,552,0),(2862,204,551,0),(2863,204,549,0),(2864,204,712,0),(2865,204,532,0),(2866,204,531,0),(2867,204,533,0),(2868,204,18,0),(2869,204,139,0),(2870,204,110,0),(2871,204,836,0),(2872,204,678,0),(2873,204,666,0),(2874,204,339,0),(2875,204,322,0),(2876,204,115,8),(2877,205,12,0),(2878,205,861,0),(2879,205,782,0),(2880,205,668,0),(2881,205,847,0),(2882,205,538,0),(2883,205,537,0),(2884,205,530,0),(2885,205,540,0),(2886,205,545,0),(2887,205,548,0),(2888,205,546,0),(2889,205,641,0),(2890,205,554,0),(2891,205,553,0),(2892,205,541,0),(2893,205,543,0),(2894,205,544,0),(2895,205,542,0),(2896,205,552,0),(2897,205,551,0),(2898,205,549,0),(2899,205,712,0),(2900,205,532,0),(2901,205,531,0),(2902,205,533,0),(2903,205,18,0),(2904,205,139,0),(2905,205,110,0),(2906,205,836,0),(2907,205,678,0),(2908,205,666,0),(2909,205,339,0),(2910,205,322,0),(2911,205,115,0),(2912,205,114,33),(2913,206,690,16),(2914,206,829,4),(2915,207,715,1),(2916,208,12,0),(2917,208,861,0),(2918,208,782,0),(2919,208,668,0),(2920,208,847,0),(2921,208,538,0),(2922,208,537,0),(2923,208,530,0),(2924,208,540,0),(2925,208,545,0),(2926,208,548,0),(2927,208,546,0),(2928,208,641,0),(2929,208,554,0),(2930,208,553,0),(2931,208,541,0),(2932,208,543,0),(2933,208,544,0),(2934,208,542,0),(2935,208,552,0),(2936,208,551,0),(2937,208,549,0),(2938,208,712,0),(2939,208,532,0),(2940,208,531,0),(2941,208,533,0),(2942,208,18,0),(2943,208,139,0),(2944,208,110,0),(2945,208,836,0),(2946,208,678,0),(2947,208,666,0),(2948,208,339,0),(2949,208,322,0),(2950,208,115,0),(2951,208,114,0),(2952,208,498,1),(2953,209,914,3),(2954,209,447,6),(2955,210,494,1),(2956,210,935,1),(2957,211,672,0),(2958,211,486,0),(2959,211,352,0),(2960,211,712,0),(2961,211,796,0),(2962,211,597,0),(2963,211,795,0),(2964,211,464,0),(2965,211,116,0),(2966,211,215,0),(2967,211,794,0),(2968,211,16,0),(2969,211,123,0),(2970,211,18,0),(2971,211,122,0),(2972,211,12,0),(2973,211,587,0),(2974,211,378,0),(2975,211,398,0),(2976,211,93,0),(2977,211,782,0),(2978,211,250,0),(2979,211,663,0),(2980,211,616,1),(2981,212,672,0),(2982,212,486,0),(2983,212,352,0),(2984,212,712,0),(2985,212,796,0),(2986,212,597,0),(2987,212,795,0),(2988,212,464,0),(2989,212,116,0),(2990,212,215,0),(2991,212,794,0),(2992,212,16,0),(2993,212,123,0),(2994,212,18,0),(2995,212,122,0),(2996,212,12,0),(2997,212,587,0),(2998,212,378,0),(2999,212,398,0),(3000,212,93,0),(3001,212,782,0),(3002,212,250,0),(3003,212,663,0),(3004,212,616,0),(3005,212,839,3),(3006,212,893,1),(3007,213,666,1),(3008,213,625,45),(3009,213,378,1),(3010,213,613,20),(3011,213,611,20),(3012,213,322,1),(3013,213,65,1),(3014,213,701,100),(3015,213,78,2),(3016,213,47,1),(3017,213,115,1),(3018,214,116,1),(3019,215,283,1),(3020,216,672,0),(3021,216,486,0),(3022,216,352,0),(3023,216,712,0),(3024,216,796,0),(3025,216,597,0),(3026,216,795,0),(3027,216,464,0),(3028,216,116,0),(3029,216,215,0),(3030,216,794,0),(3031,216,16,0),(3032,216,123,0),(3033,216,18,0),(3034,216,122,0),(3035,216,12,0),(3036,216,587,0),(3037,216,378,0),(3038,216,398,0),(3039,216,93,0),(3040,216,782,0),(3041,216,250,0),(3042,216,663,0),(3043,216,616,0),(3044,216,839,0),(3045,216,893,0),(3046,216,117,1),(3047,217,672,0),(3048,217,486,0),(3049,217,352,0),(3050,217,712,0),(3051,217,796,0),(3052,217,597,0),(3053,217,795,0),(3054,217,464,0),(3055,217,116,0),(3056,217,215,0),(3057,217,794,0),(3058,217,16,0),(3059,217,123,0),(3060,217,18,0),(3061,217,122,0),(3062,217,12,0),(3063,217,587,0),(3064,217,378,0),(3065,217,398,0),(3066,217,93,0),(3067,217,782,0),(3068,217,250,0),(3069,217,663,0),(3070,217,616,0),(3071,217,839,0),(3072,217,893,0),(3073,217,117,0),(3074,217,644,2),(3075,217,214,8),(3076,218,672,0),(3077,218,486,0),(3078,218,352,0),(3079,218,712,0),(3080,218,796,0),(3081,218,597,0),(3082,218,795,0),(3083,218,464,0),(3084,218,116,0),(3085,218,215,0),(3086,218,794,0),(3087,218,16,0),(3088,218,123,0),(3089,218,18,0),(3090,218,122,0),(3091,218,12,0),(3092,218,587,0),(3093,218,378,0),(3094,218,398,0),(3095,218,93,0),(3096,218,782,0),(3097,218,250,0),(3098,218,663,0),(3099,218,616,0),(3100,218,839,0),(3101,218,893,0),(3102,218,117,0),(3103,218,644,0),(3104,218,214,0),(3105,218,233,4),(3106,219,735,3),(3107,220,666,2),(3108,220,115,3),(3109,220,322,2),(3110,220,78,4),(3111,220,110,2),(3112,220,945,10),(3113,220,611,10),(3114,220,905,1),(3115,220,843,2),(3116,220,543,5),(3117,220,538,5),(3118,220,533,5),(3119,220,247,1),(3120,221,331,2),(3121,221,322,2),(3122,221,666,2),(3123,221,533,5),(3124,221,892,5),(3125,221,543,5),(3126,221,123,1),(3127,222,666,0),(3128,222,625,0),(3129,222,378,0),(3130,222,613,0),(3131,222,611,0),(3132,222,322,0),(3133,222,65,0),(3134,222,701,70),(3135,222,78,0),(3136,222,47,0),(3137,222,115,0),(3138,223,322,8),(3139,223,115,5),(3140,223,953,4),(3141,223,538,10),(3142,223,543,10),(3143,223,666,3),(3144,223,548,15),(3145,223,590,5),(3146,223,18,1),(3147,223,123,1),(3148,223,893,2),(3149,224,954,1),(3150,224,541,15),(3165,226,54,5),(3166,227,958,10),(3167,227,450,1),(3168,227,634,1),(3169,227,959,1),(3170,227,572,1),(3171,227,735,12),(3172,227,809,2),(3173,227,591,2),(3174,228,961,25),(3175,228,556,8),(3176,228,950,20),(3177,228,104,1),(3178,228,933,1),(3179,228,577,2),(3180,228,66,1),(3181,228,65,4),(3182,228,613,40),(3183,228,611,40),(3184,229,271,1),(3185,229,757,1),(3186,229,962,20),(3187,230,963,1),(3188,230,735,12),(3189,230,710,1),(3190,230,544,10),(3191,230,104,1),(3192,231,250,2),(3193,231,403,2),(3194,231,872,1),(3195,231,889,1),(3196,231,710,1),(3197,231,548,5),(3198,231,538,1),(3199,231,590,1),(3200,231,117,6),(3201,231,173,2),(3202,231,836,2),(3203,231,116,3),(3204,231,533,1),(3205,231,783,1),(3207,233,906,1),(3208,233,249,1),(3209,233,117,1),(3210,233,134,1),(3211,234,870,1),(3212,235,889,1),(3213,236,157,1),(3214,237,970,1),(3215,237,971,1),(3216,238,972,1),(3217,239,973,20),(3218,239,67,1),(3219,239,66,4),(3220,239,974,1),(3221,239,767,1),(3222,240,343,62),(3226,242,29,2),(3227,242,30,1),(3228,242,648,3),(3229,243,976,2),(3230,243,874,2),(3231,243,774,2),(3232,243,735,5),(3233,243,865,10),(3234,243,864,10),(3235,244,905,1),(3236,245,550,10),(3237,245,542,10),(3238,245,535,10),(3239,245,545,10),(3240,245,607,1),(3241,245,608,1),(3242,245,537,2),(3243,245,955,2),(3244,245,956,2),(3245,245,957,2),(3246,245,750,50),(3247,245,752,20),(3248,245,291,5),(3249,245,757,1),(3250,246,967,3),(3251,247,977,2),(3252,247,533,7),(3253,247,145,1),(3254,248,157,1),(3255,248,156,1),(3256,248,906,1),(3257,248,117,1),(3258,249,284,1),(3259,250,871,1),(3260,251,549,100),(3261,251,545,10),(3262,251,535,10),(3263,251,550,10),(3264,251,542,10),(3265,251,930,10),(3266,251,274,1),(3267,251,984,1),(3268,251,972,1),(3269,251,543,30),(3270,251,467,2),(3271,251,116,1),(3272,251,172,1),(3273,251,915,1),(3274,251,766,3),(3275,251,678,6),(3276,251,323,15),(3277,251,834,1),(3278,251,585,1),(3279,251,114,6),(3280,251,839,2),(3281,251,953,1),(3282,252,538,10),(3283,252,543,10),(3284,252,247,2),(3285,252,244,2),(3286,252,116,1),(3287,252,117,2),(3288,252,729,1),(3289,252,173,2),(3290,252,540,10),(3291,252,544,10),(3292,252,985,10),(3293,252,839,1),(3294,253,572,1),(3295,254,12,0),(3296,254,861,0),(3297,254,782,0),(3298,254,668,0),(3299,254,847,0),(3300,254,538,0),(3301,254,537,0),(3302,254,530,0),(3303,254,540,0),(3304,254,545,0),(3305,254,548,0),(3306,254,546,0),(3307,254,641,0),(3308,254,554,0),(3309,254,553,0),(3310,254,541,0),(3311,254,543,0),(3312,254,544,0),(3313,254,542,0),(3314,254,552,0),(3315,254,551,0),(3316,254,549,0),(3317,254,712,0),(3318,254,532,0),(3319,254,531,0),(3320,254,533,0),(3321,254,18,0),(3322,254,139,0),(3323,254,110,0),(3324,254,836,0),(3325,254,678,0),(3326,254,666,0),(3327,254,339,0),(3328,254,322,0),(3329,254,115,0),(3330,254,114,0),(3331,254,498,0),(3332,254,640,30),(3333,255,640,1),(3334,256,12,0),(3335,256,861,0),(3336,256,782,0),(3337,256,668,0),(3338,256,847,0),(3339,256,538,0),(3340,256,537,0),(3341,256,530,0),(3342,256,540,0),(3343,256,545,0),(3344,256,548,0),(3345,256,546,0),(3346,256,641,0),(3347,256,554,0),(3348,256,553,0),(3349,256,541,0),(3350,256,543,0),(3351,256,544,0),(3352,256,542,0),(3353,256,552,0),(3354,256,551,0),(3355,256,549,0),(3356,256,712,0),(3357,256,532,0),(3358,256,531,0),(3359,256,533,0),(3360,256,18,0),(3361,256,139,0),(3362,256,110,0),(3363,256,836,0),(3364,256,678,0),(3365,256,666,0),(3366,256,339,0),(3367,256,322,0),(3368,256,115,0),(3369,256,114,0),(3370,256,498,0),(3371,256,640,0),(3372,256,933,9),(3373,257,12,0),(3374,257,861,0),(3375,257,782,0),(3376,257,668,0),(3377,257,847,0),(3378,257,538,0),(3379,257,537,0),(3380,257,530,0),(3381,257,540,0),(3382,257,545,0),(3383,257,548,0),(3384,257,546,0),(3385,257,641,0),(3386,257,554,0),(3387,257,553,0),(3388,257,541,0),(3389,257,543,0),(3390,257,544,0),(3391,257,542,0),(3392,257,552,0),(3393,257,551,0),(3394,257,549,0),(3395,257,712,0),(3396,257,532,0),(3397,257,531,0),(3398,257,533,0),(3399,257,18,0),(3400,257,139,0),(3401,257,110,0),(3402,257,836,0),(3403,257,678,0),(3404,257,666,0),(3405,257,339,0),(3406,257,322,0),(3407,257,115,0),(3408,257,114,0),(3409,257,498,0),(3410,257,640,0),(3411,257,933,0),(3412,257,378,2),(3413,258,12,0),(3414,258,861,0),(3415,258,782,0),(3416,258,668,0),(3417,258,847,0),(3418,258,538,0),(3419,258,537,0),(3420,258,530,0),(3421,258,540,0),(3422,258,545,0),(3423,258,548,0),(3424,258,546,0),(3425,258,641,0),(3426,258,554,0),(3427,258,553,0),(3428,258,541,0),(3429,258,543,0),(3430,258,544,0),(3431,258,542,0),(3432,258,552,0),(3433,258,551,0),(3434,258,549,0),(3435,258,712,0),(3436,258,532,0),(3437,258,531,0),(3438,258,533,0),(3439,258,18,0),(3440,258,139,0),(3441,258,110,0),(3442,258,836,0),(3443,258,678,0),(3444,258,666,0),(3445,258,339,0),(3446,258,322,0),(3447,258,115,0),(3448,258,114,0),(3449,258,498,0),(3450,258,640,0),(3451,258,933,0),(3452,258,378,0),(3453,258,244,4),(3454,259,12,0),(3455,259,861,0),(3456,259,782,0),(3457,259,668,0),(3458,259,847,0),(3459,259,538,0),(3460,259,537,0),(3461,259,530,0),(3462,259,540,0),(3463,259,545,0),(3464,259,548,0),(3465,259,546,0),(3466,259,641,0),(3467,259,554,0),(3468,259,553,0),(3469,259,541,0),(3470,259,543,0),(3471,259,544,0),(3472,259,542,0),(3473,259,552,0),(3474,259,551,0),(3475,259,549,0),(3476,259,712,0),(3477,259,532,0),(3478,259,531,0),(3479,259,533,0),(3480,259,18,0),(3481,259,139,0),(3482,259,110,0),(3483,259,836,0),(3484,259,678,0),(3485,259,666,0),(3486,259,339,0),(3487,259,322,0),(3488,259,115,0),(3489,259,114,0),(3490,259,498,0),(3491,259,640,0),(3492,259,933,0),(3493,259,378,0),(3494,259,244,0),(3495,259,251,6),(3496,260,12,0),(3497,260,861,0),(3498,260,782,0),(3499,260,668,0),(3500,260,847,0),(3501,260,538,0),(3502,260,537,0),(3503,260,530,0),(3504,260,540,0),(3505,260,545,0),(3506,260,548,0),(3507,260,546,0),(3508,260,641,0),(3509,260,554,0),(3510,260,553,0),(3511,260,541,0),(3512,260,543,0),(3513,260,544,0),(3514,260,542,0),(3515,260,552,0),(3516,260,551,0),(3517,260,549,0),(3518,260,712,0),(3519,260,532,0),(3520,260,531,0),(3521,260,533,0),(3522,260,18,0),(3523,260,139,0),(3524,260,110,0),(3525,260,836,0),(3526,260,678,0),(3527,260,666,0),(3528,260,339,0),(3529,260,322,0),(3530,260,115,0),(3531,260,114,0),(3532,260,498,0),(3533,260,640,0),(3534,260,933,0),(3535,260,378,0),(3536,260,244,0),(3537,260,251,0),(3538,260,292,1),(3539,261,12,0),(3540,261,861,0),(3541,261,782,0),(3542,261,668,0),(3543,261,847,0),(3544,261,538,0),(3545,261,537,0),(3546,261,530,0),(3547,261,540,0),(3548,261,545,0),(3549,261,548,0),(3550,261,546,0),(3551,261,641,0),(3552,261,554,0),(3553,261,553,0),(3554,261,541,0),(3555,261,543,0),(3556,261,544,0),(3557,261,542,0),(3558,261,552,0),(3559,261,551,0),(3560,261,549,0),(3561,261,712,0),(3562,261,532,0),(3563,261,531,0),(3564,261,533,0),(3565,261,18,0),(3566,261,139,0),(3567,261,110,0),(3568,261,836,0),(3569,261,678,0),(3570,261,666,0),(3571,261,339,0),(3572,261,322,0),(3573,261,115,0),(3574,261,114,0),(3575,261,498,0),(3576,261,640,0),(3577,261,933,0),(3578,261,378,0),(3579,261,244,0),(3580,261,251,0),(3581,261,292,0),(3582,261,636,1),(3583,261,630,1),(3584,262,12,0),(3585,262,861,0),(3586,262,782,0),(3587,262,668,0),(3588,262,847,0),(3589,262,538,0),(3590,262,537,0),(3591,262,530,0),(3592,262,540,0),(3593,262,545,0),(3594,262,548,0),(3595,262,546,0),(3596,262,641,0),(3597,262,554,0),(3598,262,553,0),(3599,262,541,0),(3600,262,543,0),(3601,262,544,0),(3602,262,542,0),(3603,262,552,0),(3604,262,551,0),(3605,262,549,0),(3606,262,712,0),(3607,262,532,0),(3608,262,531,0),(3609,262,533,0),(3610,262,18,0),(3611,262,139,0),(3612,262,110,0),(3613,262,836,0),(3614,262,678,0),(3615,262,666,0),(3616,262,339,0),(3617,262,322,0),(3618,262,115,0),(3619,262,114,0),(3620,262,498,0),(3621,262,640,0),(3622,262,933,0),(3623,262,378,0),(3624,262,244,0),(3625,262,251,0),(3626,262,292,0),(3627,262,636,0),(3628,262,630,0),(3629,262,311,1),(3630,263,12,0),(3631,263,861,0),(3632,263,782,0),(3633,263,668,0),(3634,263,847,0),(3635,263,538,0),(3636,263,537,0),(3637,263,530,0),(3638,263,540,0),(3639,263,545,0),(3640,263,548,0),(3641,263,546,0),(3642,263,641,0),(3643,263,554,0),(3644,263,553,0),(3645,263,541,0),(3646,263,543,0),(3647,263,544,0),(3648,263,542,0),(3649,263,552,0),(3650,263,551,0),(3651,263,549,0),(3652,263,712,0),(3653,263,532,0),(3654,263,531,0),(3655,263,533,0),(3656,263,18,0),(3657,263,139,0),(3658,263,110,0),(3659,263,836,0),(3660,263,678,0),(3661,263,666,0),(3662,263,339,0),(3663,263,322,0),(3664,263,115,0),(3665,263,114,0),(3666,263,498,0),(3667,263,640,0),(3668,263,933,0),(3669,263,378,0),(3670,263,244,0),(3671,263,251,0),(3672,263,292,0),(3673,263,636,0),(3674,263,630,0),(3675,263,311,0),(3676,263,688,1),(3677,264,12,0),(3678,264,861,0),(3679,264,782,0),(3680,264,668,0),(3681,264,847,0),(3682,264,538,0),(3683,264,537,0),(3684,264,530,0),(3685,264,540,0),(3686,264,545,0),(3687,264,548,0),(3688,264,546,0),(3689,264,641,0),(3690,264,554,0),(3691,264,553,0),(3692,264,541,0),(3693,264,543,0),(3694,264,544,0),(3695,264,542,0),(3696,264,552,0),(3697,264,551,0),(3698,264,549,0),(3699,264,712,0),(3700,264,532,0),(3701,264,531,0),(3702,264,533,0),(3703,264,18,0),(3704,264,139,0),(3705,264,110,0),(3706,264,836,0),(3707,264,678,0),(3708,264,666,0),(3709,264,339,0),(3710,264,322,0),(3711,264,115,0),(3712,264,114,0),(3713,264,498,0),(3714,264,640,0),(3715,264,933,0),(3716,264,378,0),(3717,264,244,0),(3718,264,251,0),(3719,264,292,0),(3720,264,636,0),(3721,264,630,0),(3722,264,311,0),(3723,264,688,0),(3724,264,574,2),(3725,265,12,0),(3726,265,861,0),(3727,265,782,0),(3728,265,668,0),(3729,265,847,0),(3730,265,538,0),(3731,265,537,0),(3732,265,530,0),(3733,265,540,0),(3734,265,545,0),(3735,265,548,0),(3736,265,546,0),(3737,265,641,0),(3738,265,554,0),(3739,265,553,0),(3740,265,541,0),(3741,265,543,0),(3742,265,544,0),(3743,265,542,0),(3744,265,552,0),(3745,265,551,0),(3746,265,549,0),(3747,265,712,0),(3748,265,532,0),(3749,265,531,0),(3750,265,533,0),(3751,265,18,0),(3752,265,139,0),(3753,265,110,0),(3754,265,836,0),(3755,265,678,0),(3756,265,666,0),(3757,265,339,0),(3758,265,322,0),(3759,265,115,0),(3760,265,114,0),(3761,265,498,0),(3762,265,640,0),(3763,265,933,0),(3764,265,378,0),(3765,265,244,0),(3766,265,251,0),(3767,265,292,0),(3768,265,636,0),(3769,265,630,0),(3770,265,311,0),(3771,265,688,0),(3772,265,574,2),(3773,266,12,0),(3774,266,861,0),(3775,266,782,0),(3776,266,668,0),(3777,266,847,0),(3778,266,538,0),(3779,266,537,0),(3780,266,530,0),(3781,266,540,0),(3782,266,545,0),(3783,266,548,0),(3784,266,546,0),(3785,266,641,0),(3786,266,554,0),(3787,266,553,0),(3788,266,541,0),(3789,266,543,0),(3790,266,544,0),(3791,266,542,0),(3792,266,552,0),(3793,266,551,0),(3794,266,549,0),(3795,266,712,0),(3796,266,532,0),(3797,266,531,0),(3798,266,533,0),(3799,266,18,0),(3800,266,139,0),(3801,266,110,0),(3802,266,836,0),(3803,266,678,0),(3804,266,666,0),(3805,266,339,0),(3806,266,322,0),(3807,266,115,0),(3808,266,114,0),(3809,266,498,0),(3810,266,640,0),(3811,266,933,0),(3812,266,378,0),(3813,266,244,0),(3814,266,251,0),(3815,266,292,0),(3816,266,636,0),(3817,266,630,0),(3818,266,311,0),(3819,266,688,0),(3820,266,574,0),(3821,266,573,1),(3822,267,12,0),(3823,267,861,0),(3824,267,782,0),(3825,267,668,0),(3826,267,847,0),(3827,267,538,0),(3828,267,537,0),(3829,267,530,0),(3830,267,540,0),(3831,267,545,0),(3832,267,548,0),(3833,267,546,0),(3834,267,641,0),(3835,267,554,0),(3836,267,553,0),(3837,267,541,0),(3838,267,543,0),(3839,267,544,0),(3840,267,542,0),(3841,267,552,0),(3842,267,551,0),(3843,267,549,0),(3844,267,712,0),(3845,267,532,0),(3846,267,531,0),(3847,267,533,0),(3848,267,18,0),(3849,267,139,0),(3850,267,110,0),(3851,267,836,0),(3852,267,678,0),(3853,267,666,0),(3854,267,339,0),(3855,267,322,0),(3856,267,115,0),(3857,267,114,0),(3858,267,498,0),(3859,267,640,0),(3860,267,933,0),(3861,267,378,0),(3862,267,244,0),(3863,267,251,0),(3864,267,292,0),(3865,267,636,0),(3866,267,630,0),(3867,267,311,0),(3868,267,688,0),(3869,267,574,0),(3870,267,573,0),(3871,267,969,2),(3872,267,968,3),(3873,267,978,1),(3874,267,298,1),(3875,267,287,1),(3876,268,342,1),(3877,268,712,1),(3878,268,68,1),(3879,269,12,0),(3880,269,861,0),(3881,269,782,0),(3882,269,668,0),(3883,269,847,0),(3884,269,538,0),(3885,269,537,0),(3886,269,530,0),(3887,269,540,0),(3888,269,545,0),(3889,269,548,0),(3890,269,546,0),(3891,269,641,0),(3892,269,554,0),(3893,269,553,0),(3894,269,541,0),(3895,269,543,0),(3896,269,544,0),(3897,269,542,0),(3898,269,552,0),(3899,269,551,0),(3900,269,549,0),(3901,269,712,0),(3902,269,532,0),(3903,269,531,0),(3904,269,533,0),(3905,269,18,0),(3906,269,139,0),(3907,269,110,0),(3908,269,836,0),(3909,269,678,0),(3910,269,666,0),(3911,269,339,0),(3912,269,322,0),(3913,269,115,0),(3914,269,114,0),(3915,269,498,0),(3916,269,640,0),(3917,269,933,0),(3918,269,378,0),(3919,269,244,0),(3920,269,251,0),(3921,269,292,0),(3922,269,636,0),(3923,269,630,0),(3924,269,311,0),(3925,269,688,0),(3926,269,574,0),(3927,269,573,0),(3928,269,969,0),(3929,269,968,0),(3930,269,978,0),(3931,269,298,0),(3932,269,287,0),(3933,269,931,3),(3934,270,735,4),(3935,271,666,3),(3936,271,115,4),(3937,271,322,4),(3938,271,836,2),(3939,271,65,1),(3940,271,718,1),(3941,271,78,6),(3942,271,590,10),(3943,271,538,10),(3944,271,533,10),(3945,271,613,15),(3946,271,611,15),(3948,273,993,1),(3949,273,695,2),(3950,273,737,1),(3951,273,150,4),(3952,274,467,2),(3953,274,904,1),(3954,274,95,1),(3955,274,994,2),(3956,275,149,12),(3957,275,998,0),(3958,275,997,4),(3959,275,342,2),(3960,275,105,9),(3961,275,712,4),(3962,275,577,0),(3963,275,782,0),(3964,275,486,0),(3965,275,95,1),(3966,275,69,0),(3967,276,611,0),(3968,276,930,0),(3969,276,995,0),(3970,276,996,1),(3971,277,611,12),(3972,277,930,5),(3973,277,995,5),(3974,277,996,1),(3975,278,999,51),(3976,278,626,60),(3977,278,29,7),(3978,278,90,20),(3979,278,1000,1),(3980,278,1001,1),(3981,278,1002,1),(3982,278,1003,1),(3983,278,1004,1),(3984,278,1005,1),(3985,278,1006,3),(3986,278,1007,11),(3987,278,986,2),(3988,278,987,3),(3989,278,988,3),(3990,278,1008,1),(3991,279,672,8),(3992,279,95,1),(3993,279,69,1),(3994,280,843,2),(3995,281,480,1),(3996,281,627,5),(3997,282,547,2),(3998,282,536,2),(3999,282,872,1),(4000,282,533,2),(4001,282,729,1),(4002,282,613,10),(4003,282,611,10),(4004,282,709,1),(4005,282,110,1),(4006,283,572,2),(4007,283,836,1),(4008,283,714,1),(4009,283,735,35),(4010,283,64,3),(4011,283,157,1),(4012,284,1011,1),(4013,284,1010,1),(4014,284,759,12),(4015,284,546,3),(4016,284,552,3),(4017,284,700,3),(4018,284,534,3),(4019,284,1016,18),(4020,284,1017,6),(4021,284,879,2),(4022,284,757,1),(4023,285,1015,2),(4024,285,870,2),(4025,286,157,1),(4026,286,843,1),(4027,287,1018,1),(4028,288,897,1),(4029,288,873,3),(4030,288,608,2),(4031,288,968,5),(4032,288,969,2),(4033,288,574,3),(4034,288,573,1),(4035,288,1009,1),(4036,288,285,4),(4037,288,575,11),(4038,288,576,20),(4039,288,288,1),(4040,288,299,1),(4041,288,751,6),(4042,288,752,22),(4043,288,749,42),(4044,288,1012,70),(4045,288,721,80),(4046,288,449,1),(4047,288,558,295),(4048,288,808,1),(4049,288,962,40),(4050,288,137,33),(4051,288,284,3),(4052,288,90,2),(4053,288,740,4),(4054,288,535,3),(4055,288,545,3),(4056,288,542,3),(4057,288,550,3),(4058,288,116,1),(4059,288,966,1),(4060,288,714,1),(4061,288,735,15),(4062,288,964,3),(4063,288,548,120),(4064,288,965,1),(4065,288,945,12),(4066,288,611,12),(4067,288,690,14),(4068,288,839,13),(4069,288,640,3),(4070,288,975,1),(4071,288,953,4),(4072,288,737,4),(4073,288,460,2),(4074,288,341,8),(4075,288,934,6),(4076,288,339,6),(4077,288,946,7),(4078,288,572,2),(4079,288,678,4),(4080,288,666,10),(4081,288,322,40),(4082,288,861,8),(4083,288,123,17),(4084,288,18,4),(4085,288,855,4),(4086,288,933,2),(4087,288,950,30),(4088,288,932,10),(4089,288,951,1),(4090,288,952,1),(4091,288,1019,2),(4092,288,1020,8),(4093,288,634,2),(4094,288,450,1),(4095,288,138,6),(4096,288,1021,10),(4097,288,905,12),(4098,288,906,4),(4099,288,999,45),(4100,288,907,68),(4101,288,559,185),(4102,288,892,170),(4103,288,590,330),(4104,288,538,160),(4105,288,63,3),(4106,288,51,3),(4107,288,841,1),(4108,288,531,60),(4109,288,533,140),(4110,288,544,60),(4111,288,641,50),(4112,288,136,75),(4113,288,131,75),(4114,288,408,5),(4115,288,620,1),(4116,288,949,1),(4117,288,947,3),(4118,288,931,3),(4119,288,948,2),(4120,288,661,30),(4121,289,12,0),(4122,289,861,0),(4123,289,782,0),(4124,289,668,0),(4125,289,847,0),(4126,289,538,0),(4127,289,537,0),(4128,289,530,0),(4129,289,540,0),(4130,289,545,0),(4131,289,548,0),(4132,289,546,0),(4133,289,641,0),(4134,289,554,0),(4135,289,553,0),(4136,289,541,0),(4137,289,543,0),(4138,289,544,0),(4139,289,542,0),(4140,289,552,0),(4141,289,551,0),(4142,289,549,0),(4143,289,712,0),(4144,289,532,0),(4145,289,531,0),(4146,289,533,0),(4147,289,18,0),(4148,289,139,0),(4149,289,110,0),(4150,289,836,0),(4151,289,678,0),(4152,289,666,0),(4153,289,339,0),(4154,289,322,0),(4155,289,115,0),(4156,289,114,0),(4157,289,498,0),(4158,289,640,0),(4159,289,933,0),(4160,289,378,0),(4161,289,244,0),(4162,289,251,0),(4163,289,292,0),(4164,289,636,0),(4165,289,630,0),(4166,289,311,0),(4167,289,688,0),(4168,289,574,0),(4169,289,573,0),(4170,289,969,0),(4171,289,968,0),(4172,289,978,0),(4173,289,298,0),(4174,289,287,0),(4175,289,931,0),(4176,289,23,5);
/*!40000 ALTER TABLE `CantOrdenSalida` ENABLE KEYS */;
UNLOCK TABLES;

--
-- Table structure for table `CantTareaArticulo`
--

DROP TABLE IF EXISTS `CantTareaArticulo`;
/*!40101 SET @saved_cs_client     = @@character_set_client */;
/*!40101 SET character_set_client = utf8 */;
CREATE TABLE `CantTareaArticulo` (
  `id` int(11) NOT NULL AUTO_INCREMENT,
  `articulo_id` int(11) DEFAULT NULL,
  `tarea_id` int(11) DEFAULT NULL,
  `cantidad` int(11) NOT NULL,
  PRIMARY KEY (`id`),
  KEY `IDX_59758DDC2DBC2FC9` (`articulo_id`),
  KEY `IDX_59758DDC6D5BDFE1` (`tarea_id`),
  CONSTRAINT `FK_59758DDC2DBC2FC9` FOREIGN KEY (`articulo_id`) REFERENCES `Articulo` (`id`),
  CONSTRAINT `FK_59758DDC6D5BDFE1` FOREIGN KEY (`tarea_id`) REFERENCES `Tarea` (`id`)
) ENGINE=InnoDB DEFAULT CHARSET=utf8 COLLATE=utf8_unicode_ci;
/*!40101 SET character_set_client = @saved_cs_client */;

--
-- Dumping data for table `CantTareaArticulo`
--

LOCK TABLES `CantTareaArticulo` WRITE;
/*!40000 ALTER TABLE `CantTareaArticulo` DISABLE KEYS */;
/*!40000 ALTER TABLE `CantTareaArticulo` ENABLE KEYS */;
UNLOCK TABLES;

--
-- Table structure for table `Cliente`
--

DROP TABLE IF EXISTS `Cliente`;
/*!40101 SET @saved_cs_client     = @@character_set_client */;
/*!40101 SET character_set_client = utf8 */;
CREATE TABLE `Cliente` (
  `id` int(11) NOT NULL,
  `email` varchar(200) COLLATE utf8_unicode_ci DEFAULT NULL,
  `empresa` varchar(100) COLLATE utf8_unicode_ci DEFAULT NULL,
  `condicion_id` int(11) DEFAULT NULL,
  `discriminar` tinyint(1) DEFAULT NULL,
  PRIMARY KEY (`id`),
  KEY `IDX_3BA1A2B92A0E31F6` (`condicion_id`),
  CONSTRAINT `FK_3BA1A2B92A0E31F6` FOREIGN KEY (`condicion_id`) REFERENCES `ClienteCondicion` (`id`),
  CONSTRAINT `FK_3BA1A2B9BF396750` FOREIGN KEY (`id`) REFERENCES `persona` (`id`) ON DELETE CASCADE
) ENGINE=InnoDB DEFAULT CHARSET=utf8 COLLATE=utf8_unicode_ci;
/*!40101 SET character_set_client = @saved_cs_client */;

--
-- Dumping data for table `Cliente`
--

LOCK TABLES `Cliente` WRITE;
/*!40000 ALTER TABLE `Cliente` DISABLE KEYS */;
INSERT INTO `Cliente` VALUES (3,NULL,NULL,NULL,NULL),(6,NULL,NULL,NULL,NULL),(7,NULL,NULL,NULL,NULL),(23,NULL,'ALUMAR',NULL,NULL),(24,NULL,'PREMOLDEADOS AMBROGGIO',NULL,NULL),(25,NULL,NULL,NULL,NULL),(26,NULL,NULL,NULL,NULL),(27,'lucas.heredia@caheagrointegral.com',NULL,NULL,NULL),(28,'fernandafeu@live.com.ar',NULL,NULL,NULL),(29,'moriback@gmail.com',NULL,NULL,NULL),(30,'fernandafeu@live.com.ar',NULL,NULL,NULL),(31,'arquitectoecheverria@hotmail.com',NULL,NULL,NULL),(32,NULL,NULL,NULL,NULL),(33,NULL,'BY MARIA',NULL,NULL),(34,NULL,NULL,NULL,NULL),(35,NULL,NULL,NULL,NULL),(36,NULL,NULL,NULL,NULL),(37,'fernandafeu@live.com.ar',NULL,NULL,NULL),(38,NULL,'MIRASOLES',NULL,NULL),(39,NULL,NULL,NULL,NULL),(40,'normalara@nortelonline.com.ar','NORTEL',NULL,NULL),(41,NULL,NULL,NULL,NULL),(42,NULL,NULL,NULL,NULL),(43,'cpuppo@north-motors.com.ar',NULL,NULL,NULL),(44,NULL,NULL,NULL,NULL),(45,'zriback@yahoo.com.ar',NULL,NULL,NULL),(46,NULL,NULL,NULL,NULL),(47,NULL,NULL,NULL,NULL),(48,NULL,'DUNAS TURISMO',NULL,NULL),(49,NULL,NULL,NULL,NULL),(50,NULL,NULL,NULL,NULL),(51,NULL,'ARQAS CONSTRUCCIONES SRL',NULL,NULL),(52,NULL,NULL,1,0),(53,'administracion@scharplook.com.ar','I SEE INTERNACIONAL DE ARGENTINA SOCIEDAD ANONIMA',NULL,NULL),(54,NULL,NULL,NULL,NULL),(55,NULL,NULL,NULL,NULL),(56,NULL,NULL,NULL,NULL),(57,NULL,NULL,NULL,NULL),(58,NULL,'TIP TOP',NULL,NULL),(61,NULL,'CONSORCIO EDIFICIO LIRIOS',NULL,NULL),(62,NULL,NULL,NULL,NULL),(63,NULL,'CAHE SA',NULL,NULL),(64,NULL,NULL,NULL,NULL),(65,'walde_ch@hotmail.com','CAMPAGNOLA  RAUL JUAN JOSE',NULL,NULL),(66,NULL,'HIERROS LIDER SA',NULL,NULL),(67,NULL,NULL,NULL,NULL),(68,NULL,NULL,NULL,NULL),(70,'rrhh@citroenrouge.com.ar','ROUGE AUTOMOBILE SA',NULL,NULL),(71,NULL,'GUARAN SPORT',NULL,NULL),(72,NULL,NULL,NULL,NULL),(73,NULL,'WORKSYSTEM SERVICOS INFORMATICOS SRL',NULL,NULL),(74,NULL,'TALLER TODO ELASTICO',NULL,NULL),(75,NULL,NULL,1,0),(76,NULL,NULL,NULL,NULL),(77,NULL,NULL,NULL,NULL),(78,NULL,NULL,NULL,NULL),(79,NULL,NULL,NULL,NULL),(80,NULL,NULL,NULL,NULL),(81,NULL,'SANIPLAST',NULL,NULL),(82,NULL,NULL,NULL,NULL),(83,NULL,NULL,NULL,NULL),(85,NULL,NULL,NULL,NULL),(86,NULL,NULL,NULL,NULL),(87,NULL,NULL,NULL,NULL),(88,NULL,NULL,NULL,NULL),(89,NULL,'ZAPCAR SRL',NULL,NULL),(90,NULL,NULL,NULL,NULL),(91,NULL,NULL,NULL,NULL),(92,NULL,NULL,NULL,NULL),(93,NULL,NULL,1,0),(94,NULL,'TUBITO SRL',NULL,NULL),(95,NULL,'CREDIL SRL',2,NULL),(96,NULL,NULL,NULL,NULL),(97,NULL,NULL,NULL,NULL),(98,NULL,NULL,NULL,NULL),(99,NULL,NULL,1,NULL),(100,NULL,'TRINOR SA',1,0),(103,'noelia.suarez@efectivosi.com.ar','COMPAÑIA FINANCIERA',2,NULL),(104,NULL,NULL,1,NULL),(105,NULL,NULL,1,NULL),(106,NULL,'UNIVERSIDAD POPULAR',3,NULL),(107,NULL,NULL,1,NULL),(108,NULL,NULL,1,NULL),(109,NULL,NULL,1,NULL),(110,NULL,NULL,1,NULL),(111,NULL,NULL,1,NULL),(112,NULL,NULL,1,0),(113,NULL,NULL,1,0),(114,NULL,NULL,1,0),(115,NULL,NULL,1,0),(116,NULL,NULL,1,0),(117,NULL,NULL,1,0),(118,NULL,'TRINOR',2,1),(119,NULL,'VIEJO ARMANDO',2,0),(120,NULL,NULL,1,0),(121,NULL,'CONSORCIO PROPIETARIO ARBO Y BLANCO',3,0),(122,NULL,'CONSORCIO COPROPIETARIOS EDIFICIO JUAN PABLO X',3,0),(123,NULL,NULL,1,0),(124,NULL,'DISTRIBUIDORA METROPOLITANA',2,0),(126,NULL,'CHACO INSUMOS',1,0),(127,'mario@nardellihnos.com.ar','NARDELLI HNOS. SRL',2,0),(128,NULL,'CONSORCIO EDIFICO DONOVAN',1,0),(129,NULL,NULL,1,0),(130,'mirtabernasconi@yahoo.com',NULL,1,0),(131,NULL,NULL,1,0),(132,NULL,NULL,1,0),(133,NULL,NULL,1,0),(134,NULL,NULL,1,0),(136,NULL,NULL,1,0),(138,NULL,NULL,1,0),(139,NULL,NULL,1,0),(140,NULL,NULL,1,0),(141,NULL,NULL,1,0),(142,NULL,NULL,1,0),(143,NULL,'CONSORCIO EDIFICIO DON RUBIO',1,0),(144,NULL,'TEKNO',1,0),(145,NULL,NULL,1,0),(147,NULL,'QUE TAL',1,0),(148,NULL,'EMPRESA ITATI S.A.',2,0),(149,NULL,NULL,1,0),(151,NULL,NULL,1,0),(152,NULL,'ESTACION DE SERVICIO',2,0);
/*!40000 ALTER TABLE `Cliente` ENABLE KEYS */;
UNLOCK TABLES;

--
-- Table structure for table `ClienteCondicion`
--

DROP TABLE IF EXISTS `ClienteCondicion`;
/*!40101 SET @saved_cs_client     = @@character_set_client */;
/*!40101 SET character_set_client = utf8 */;
CREATE TABLE `ClienteCondicion` (
  `id` int(11) NOT NULL AUTO_INCREMENT,
  `condicion` varchar(100) COLLATE utf8_unicode_ci NOT NULL,
  `iva` double NOT NULL,
  `discriminar` tinyint(1) DEFAULT NULL,
  PRIMARY KEY (`id`)
) ENGINE=InnoDB AUTO_INCREMENT=6 DEFAULT CHARSET=utf8 COLLATE=utf8_unicode_ci;
/*!40101 SET character_set_client = @saved_cs_client */;

--
-- Dumping data for table `ClienteCondicion`
--

LOCK TABLES `ClienteCondicion` WRITE;
/*!40000 ALTER TABLE `ClienteCondicion` DISABLE KEYS */;
INSERT INTO `ClienteCondicion` VALUES (1,'CONSUMIDOR FINAL',21,NULL),(2,'RESPONSABLE INSCRIPTO',21,NULL),(3,'EXENTO',0,NULL),(4,'MONOTRIBUTISTA',21,NULL),(5,'NO RESPONSABLE',21,NULL);
/*!40000 ALTER TABLE `ClienteCondicion` ENABLE KEYS */;
UNLOCK TABLES;

--
-- Table structure for table `Comprobante`
--

DROP TABLE IF EXISTS `Comprobante`;
/*!40101 SET @saved_cs_client     = @@character_set_client */;
/*!40101 SET character_set_client = utf8 */;
CREATE TABLE `Comprobante` (
  `id` int(11) NOT NULL AUTO_INCREMENT,
  `comprobante_id` int(11) DEFAULT NULL,
  `fecha` date NOT NULL,
  `descripcion` varchar(255) COLLATE utf8_unicode_ci NOT NULL,
  `monto` double NOT NULL,
  `anulado` tinyint(1) NOT NULL,
  `formaPago` varchar(255) COLLATE utf8_unicode_ci NOT NULL,
  `discriminador` varchar(255) COLLATE utf8_unicode_ci NOT NULL,
  PRIMARY KEY (`id`),
  KEY `IDX_D342615525662B3A` (`comprobante_id`),
  CONSTRAINT `FK_D342615525662B3A` FOREIGN KEY (`comprobante_id`) REFERENCES `Orden` (`id`)
) ENGINE=InnoDB DEFAULT CHARSET=utf8 COLLATE=utf8_unicode_ci;
/*!40101 SET character_set_client = @saved_cs_client */;

--
-- Dumping data for table `Comprobante`
--

LOCK TABLES `Comprobante` WRITE;
/*!40000 ALTER TABLE `Comprobante` DISABLE KEYS */;
/*!40000 ALTER TABLE `Comprobante` ENABLE KEYS */;
UNLOCK TABLES;

--
-- Table structure for table `Configuracion`
--

DROP TABLE IF EXISTS `Configuracion`;
/*!40101 SET @saved_cs_client     = @@character_set_client */;
/*!40101 SET character_set_client = utf8 */;
CREATE TABLE `Configuracion` (
  `id` int(11) NOT NULL AUTO_INCREMENT,
  `titulo` varchar(255) COLLATE utf8_unicode_ci NOT NULL,
  `empresa` varchar(255) COLLATE utf8_unicode_ci NOT NULL,
  `homepage` longtext COLLATE utf8_unicode_ci NOT NULL,
  PRIMARY KEY (`id`)
) ENGINE=InnoDB AUTO_INCREMENT=2 DEFAULT CHARSET=utf8 COLLATE=utf8_unicode_ci;
/*!40101 SET character_set_client = @saved_cs_client */;

--
-- Dumping data for table `Configuracion`
--

LOCK TABLES `Configuracion` WRITE;
/*!40000 ALTER TABLE `Configuracion` DISABLE KEYS */;
INSERT INTO `Configuracion` VALUES (1,'<span class=\"titulo1\">NEON<span class=\"titulo3r\"> 3R</span> </span><span class=\"titulo3\">INSTALACIONES ELECTRICAS</span>','M.M.O. Raúl Roberto Rojas','Colon N° 754 Resistencia - Chaco Tel: 362-4448580 / Cel: 362 154647854  mail: <a href=\"mailto:gerencia@neon3r.com.ar\">gerencia@neon3r.com.ar</a> ');
/*!40000 ALTER TABLE `Configuracion` ENABLE KEYS */;
UNLOCK TABLES;

--
-- Table structure for table `CuentaCorriente`
--

DROP TABLE IF EXISTS `CuentaCorriente`;
/*!40101 SET @saved_cs_client     = @@character_set_client */;
/*!40101 SET character_set_client = utf8 */;
CREATE TABLE `CuentaCorriente` (
  `id` int(11) NOT NULL AUTO_INCREMENT,
  `cliente_id` int(11) DEFAULT NULL,
  `proveedor_id` int(11) DEFAULT NULL,
  `monto` double DEFAULT NULL,
  PRIMARY KEY (`id`),
  UNIQUE KEY `UNIQ_BF296AB0DE734E51` (`cliente_id`),
  UNIQUE KEY `UNIQ_BF296AB0CB305D73` (`proveedor_id`),
  CONSTRAINT `FK_BF296AB0CB305D73` FOREIGN KEY (`proveedor_id`) REFERENCES `Proveedor` (`id`),
  CONSTRAINT `FK_BF296AB0DE734E51` FOREIGN KEY (`cliente_id`) REFERENCES `Cliente` (`id`)
) ENGINE=InnoDB AUTO_INCREMENT=124 DEFAULT CHARSET=utf8 COLLATE=utf8_unicode_ci;
/*!40101 SET character_set_client = @saved_cs_client */;

--
-- Dumping data for table `CuentaCorriente`
--

LOCK TABLES `CuentaCorriente` WRITE;
/*!40000 ALTER TABLE `CuentaCorriente` DISABLE KEYS */;
INSERT INTO `CuentaCorriente` VALUES (2,3,NULL,NULL),(3,6,NULL,NULL),(4,7,NULL,NULL),(5,23,NULL,NULL),(6,24,NULL,NULL),(7,25,NULL,NULL),(8,26,NULL,18146.6),(9,27,NULL,9197.23),(10,28,NULL,7903.15),(11,29,NULL,1674.49),(12,30,NULL,3382.35),(13,31,NULL,2165.45),(14,32,NULL,77992.83),(15,33,NULL,1104.14),(16,34,NULL,11215.98),(17,35,NULL,2161.99),(18,36,NULL,712.99),(19,37,NULL,NULL),(20,38,NULL,7608.51),(21,39,NULL,NULL),(22,40,NULL,3200),(23,41,NULL,NULL),(24,42,NULL,NULL),(25,43,NULL,NULL),(26,44,NULL,249.15),(27,45,NULL,NULL),(28,46,NULL,15600.04),(29,47,NULL,NULL),(30,48,NULL,NULL),(31,49,NULL,NULL),(32,50,NULL,NULL),(33,51,NULL,9152.29),(34,52,NULL,579.94),(35,53,NULL,NULL),(36,54,NULL,11230.09),(37,55,NULL,NULL),(38,56,NULL,NULL),(39,57,NULL,NULL),(40,58,NULL,NULL),(41,61,NULL,100),(42,62,NULL,NULL),(43,63,NULL,NULL),(44,64,NULL,7570.44),(45,65,NULL,NULL),(46,66,NULL,NULL),(47,67,NULL,NULL),(48,68,NULL,NULL),(49,70,NULL,1802.17),(50,71,NULL,NULL),(51,72,NULL,4822.85),(52,73,NULL,NULL),(53,74,NULL,NULL),(54,75,NULL,741.19),(55,76,NULL,NULL),(56,77,NULL,NULL),(57,78,NULL,NULL),(58,79,NULL,NULL),(59,80,NULL,1301.12),(60,81,NULL,600),(61,82,NULL,NULL),(62,83,NULL,2973.6),(63,85,NULL,NULL),(64,86,NULL,NULL),(65,87,NULL,NULL),(66,88,NULL,578.27),(67,89,NULL,3425.27),(68,90,NULL,NULL),(69,91,NULL,300),(70,92,NULL,NULL),(71,93,NULL,2739.47),(72,94,NULL,3418.78),(73,95,NULL,2933.24),(74,96,NULL,3344.49),(75,97,NULL,NULL),(76,98,NULL,706.5),(77,99,NULL,NULL),(78,100,NULL,NULL),(79,103,NULL,5170.63),(80,104,NULL,1152.62),(81,105,NULL,600),(82,106,NULL,310.13),(83,107,NULL,NULL),(84,108,NULL,NULL),(85,109,NULL,5784.99),(86,110,NULL,2164.29),(87,111,NULL,38668.45),(88,112,NULL,1303.38),(89,113,NULL,1036.84),(90,114,NULL,1250.93),(91,115,NULL,2826.13),(92,116,NULL,518.72),(93,117,NULL,4530.66),(94,118,NULL,300),(95,119,NULL,100),(96,120,NULL,3205.87),(97,121,NULL,937.72),(98,122,NULL,4430.23),(99,123,NULL,4838.72),(100,124,NULL,5427.54),(101,126,NULL,266.64),(102,127,NULL,1696.93),(103,128,NULL,NULL),(104,129,NULL,316.42),(105,130,NULL,100),(106,131,NULL,100),(107,132,NULL,4753.63),(108,133,NULL,13931.24),(109,134,NULL,NULL),(110,136,NULL,737.54),(111,138,NULL,400),(112,139,NULL,1313.12),(113,140,NULL,330),(114,141,NULL,1611.72),(115,142,NULL,784.95),(116,143,NULL,5266.95),(117,144,NULL,2200),(118,145,NULL,200),(119,147,NULL,3060.06),(120,148,NULL,828.48),(121,149,NULL,612.5),(122,151,NULL,NULL),(123,152,NULL,NULL);
/*!40000 ALTER TABLE `CuentaCorriente` ENABLE KEYS */;
UNLOCK TABLES;

--
-- Table structure for table `CuentaEmpresa`
--

DROP TABLE IF EXISTS `CuentaEmpresa`;
/*!40101 SET @saved_cs_client     = @@character_set_client */;
/*!40101 SET character_set_client = utf8 */;
CREATE TABLE `CuentaEmpresa` (
  `id` int(11) NOT NULL AUTO_INCREMENT,
  `monto` double NOT NULL,
  PRIMARY KEY (`id`)
) ENGINE=InnoDB DEFAULT CHARSET=utf8 COLLATE=utf8_unicode_ci;
/*!40101 SET character_set_client = @saved_cs_client */;

--
-- Dumping data for table `CuentaEmpresa`
--

LOCK TABLES `CuentaEmpresa` WRITE;
/*!40000 ALTER TABLE `CuentaEmpresa` DISABLE KEYS */;
/*!40000 ALTER TABLE `CuentaEmpresa` ENABLE KEYS */;
UNLOCK TABLES;

--
-- Table structure for table `Domicilio`
--

DROP TABLE IF EXISTS `Domicilio`;
/*!40101 SET @saved_cs_client     = @@character_set_client */;
/*!40101 SET character_set_client = utf8 */;
CREATE TABLE `Domicilio` (
  `id` int(11) NOT NULL AUTO_INCREMENT,
  `persona_id` int(11) DEFAULT NULL,
  `localidad` varchar(255) COLLATE utf8_unicode_ci NOT NULL,
  `calle` varchar(255) COLLATE utf8_unicode_ci NOT NULL,
  `numero` varchar(255) COLLATE utf8_unicode_ci NOT NULL,
  `departamento` varchar(255) COLLATE utf8_unicode_ci DEFAULT NULL,
  `edificio` varchar(255) COLLATE utf8_unicode_ci DEFAULT NULL,
  `manzana` varchar(100) COLLATE utf8_unicode_ci DEFAULT NULL,
  `entreCalles` varchar(255) COLLATE utf8_unicode_ci DEFAULT NULL,
  `tira` varchar(255) COLLATE utf8_unicode_ci DEFAULT NULL,
  `parcela` varchar(255) COLLATE utf8_unicode_ci DEFAULT NULL,
  PRIMARY KEY (`id`),
  KEY `IDX_1965AC72F5F88DB9` (`persona_id`),
  CONSTRAINT `FK_1965AC72F5F88DB9` FOREIGN KEY (`persona_id`) REFERENCES `persona` (`id`)
) ENGINE=InnoDB AUTO_INCREMENT=142 DEFAULT CHARSET=utf8 COLLATE=utf8_unicode_ci;
/*!40101 SET character_set_client = @saved_cs_client */;

--
-- Dumping data for table `Domicilio`
--

LOCK TABLES `Domicilio` WRITE;
/*!40000 ALTER TABLE `Domicilio` DISABLE KEYS */;
INSERT INTO `Domicilio` VALUES (3,3,'Resistencia','Av. Alvear','902',NULL,NULL,NULL,NULL,NULL,NULL),(4,6,'Formosa','Av del Libertador','1',NULL,NULL,NULL,NULL,NULL,NULL),(5,7,'Resistencia','Pasaje Roldan','3327',NULL,NULL,NULL,NULL,NULL,NULL),(6,23,'RESISTENCIA','RUTA NICOLAS AVELLANEDA','13.5',NULL,NULL,NULL,NULL,NULL,NULL),(7,24,'RESISTENCIA','RUTA 11 KM','1001',NULL,NULL,NULL,NULL,NULL,NULL),(8,25,'res','cal','10',NULL,NULL,NULL,NULL,NULL,NULL),(9,26,'asd','asd','145',NULL,NULL,NULL,NULL,NULL,NULL),(10,27,'Resistencia','Prolongacion Juan D. Peron','2398',NULL,NULL,NULL,NULL,NULL,NULL),(11,28,'Resistencia','Ameghino','850',NULL,NULL,NULL,NULL,NULL,NULL),(12,29,'Resistencia','Av. Wilde','583',NULL,NULL,NULL,NULL,NULL,NULL),(13,30,'Resistencia','Av. Las Heras','730',NULL,NULL,NULL,NULL,NULL,NULL),(14,31,'Resistencia','Moreno','862',NULL,NULL,NULL,NULL,NULL,NULL),(15,32,'Resistencia','Concepcion del Bermejo','120',NULL,NULL,NULL,NULL,NULL,NULL),(16,33,'Resistencia','Hipolito Irigoyen','164',NULL,NULL,NULL,NULL,NULL,NULL),(17,34,'Resistencia','Av. Rivadavia','20','13',NULL,NULL,NULL,NULL,NULL),(18,35,'Resistencia','Av. 25 de Mayo','473',NULL,NULL,NULL,NULL,NULL,NULL),(19,36,'Resistencia','Ruta N Avellaneda Km','1310',NULL,NULL,NULL,NULL,NULL,NULL),(20,37,'Resistencia','Obligado','860',NULL,NULL,NULL,NULL,NULL,NULL),(21,38,'Resistencia','Av. Paraguay','553','13',NULL,NULL,NULL,NULL,NULL),(22,39,'Resistencia','Carlos Pellegrini','345',NULL,NULL,NULL,NULL,NULL,NULL),(23,40,'Resistencia','Julio Tort','35',NULL,NULL,NULL,NULL,NULL,NULL),(24,41,'Resistencia','Entre Rios','852',NULL,NULL,NULL,NULL,NULL,NULL),(25,42,'Resistencia','Juan de Dios Mena','358',NULL,NULL,NULL,NULL,NULL,NULL),(26,43,'Resistencia','Av. 25 de Mayo','2338',NULL,NULL,NULL,NULL,NULL,NULL),(27,44,'Resistencia','Av. Sarmiento','470',NULL,NULL,NULL,NULL,NULL,NULL),(28,45,'Resistencia','Av. Eduardo Wilde','523',NULL,NULL,NULL,NULL,NULL,NULL),(29,46,'Resistencia','Brown','565',NULL,NULL,NULL,NULL,NULL,NULL),(30,47,'Resistencia','Ruta Nº 16 Km','1818',NULL,NULL,NULL,NULL,NULL,NULL),(31,48,'RESISTENCIA','SANTA FE','48',NULL,NULL,NULL,NULL,NULL,NULL),(32,49,'RESISTENCIA','AV. ALBERDI','659',NULL,NULL,NULL,NULL,NULL,NULL),(33,50,'RESISTENCIA','CATAMARCA','406',NULL,NULL,NULL,NULL,NULL,NULL),(34,31,'Resistencia','Av. Sarmiento','625',NULL,NULL,NULL,NULL,NULL,NULL),(35,51,'Resistencia','Av. Paraguay','2561',NULL,NULL,NULL,NULL,NULL,NULL),(36,52,'Resistencia','Villa Rio Negro','1380',NULL,NULL,NULL,NULL,NULL,NULL),(37,53,'Barranqueras','Av 9 de Julio','5000',NULL,NULL,NULL,NULL,NULL,NULL),(38,54,'RESISTENCIA','AV SARMIENTO','3601',NULL,NULL,NULL,NULL,NULL,NULL),(39,55,'RESISTENCIA','FRONDIZI','570',NULL,NULL,NULL,NULL,NULL,NULL),(40,55,'COLONIA BENITEZ','SIN NOMBRE','01',NULL,NULL,NULL,NULL,NULL,NULL),(41,56,'Resistencia','Av. Belgrano','1503',NULL,NULL,NULL,NULL,NULL,NULL),(42,57,'Resistencia','Av. Saavedra','449',NULL,NULL,NULL,NULL,NULL,NULL),(43,58,'Resistencia','Jose Maria Paz','240',NULL,NULL,NULL,NULL,NULL,NULL),(44,61,'Resistencia','Av. Belgrano','1065',NULL,NULL,NULL,NULL,NULL,NULL),(45,62,'Resistencia','Barrio La California','01',NULL,NULL,NULL,NULL,NULL,NULL),(46,63,'Resistencia','Prolongacion Juan D. Peron','2398',NULL,NULL,NULL,NULL,NULL,NULL),(47,64,'Resistencia','Frondizi','665',NULL,NULL,NULL,NULL,NULL,NULL),(48,65,'PRESIDENCIA ROQUE SAENZ PEÑA','RUTA 16 KM','172',NULL,NULL,NULL,NULL,NULL,NULL),(49,66,'SANTA FE','CORRIENTES','729',NULL,NULL,NULL,NULL,NULL,NULL),(50,66,'Resitencia','Ruta 16','01',NULL,NULL,NULL,NULL,NULL,NULL),(51,67,'Resistencia','Colon','654',NULL,NULL,NULL,NULL,NULL,NULL),(52,68,'Resistencia','Monteagudo','589',NULL,NULL,NULL,NULL,NULL,NULL),(53,70,'Resistencia','Av 25 de Mayo','1113',NULL,NULL,NULL,NULL,NULL,NULL),(54,71,'Resistencia','Colon','664',NULL,NULL,NULL,NULL,NULL,NULL),(55,72,'Resistencia','Villa Rio Negro','01',NULL,NULL,NULL,NULL,NULL,NULL),(56,73,'Resistencia','Guemes','544',NULL,NULL,NULL,NULL,NULL,NULL),(57,74,'Resistencia','El Triangulo - Pasaje Kenedy','01',NULL,NULL,NULL,NULL,NULL,NULL),(58,75,'Resistencia','Acceso Golf Club','01',NULL,NULL,NULL,NULL,NULL,NULL),(59,76,'Resistencia','P. Roque Saenz Peña','430','5º E','Edificio Don Rubio',NULL,NULL,NULL,NULL),(60,77,'Resistencia','Roberto Mora','60',NULL,NULL,NULL,'Av 25 de Mayo y Calle 5',NULL,NULL),(61,78,'Resistencia','P. Roque S. Peña','430','4º E','Edificio Don Rubio',NULL,NULL,NULL,NULL),(62,79,'Resistencia','Pueyrredon','240',NULL,'Farid II',NULL,NULL,NULL,NULL),(63,80,'Resistencia','Brown','3845',NULL,NULL,NULL,NULL,NULL,NULL),(64,81,'Resistencia','Av 25 de Mayo','1098',NULL,NULL,NULL,NULL,NULL,NULL),(65,82,'Resistencia','Barrio Privado La California','01',NULL,NULL,NULL,NULL,NULL,NULL),(66,83,'Resistencia','Barrio Privado La California','01',NULL,NULL,NULL,NULL,NULL,NULL),(67,85,'Resistencia','Gabriel Carrasco','2155',NULL,NULL,NULL,NULL,NULL,NULL),(68,86,'Resistencia','Jose M. Paz','1100',NULL,NULL,NULL,NULL,NULL,NULL),(69,87,'Resistencia','P. Roque S. Peña','540','5º Bº','Don Rubio',NULL,NULL,NULL,NULL),(70,88,'Resistencia','Vedia','428',NULL,NULL,NULL,NULL,NULL,NULL),(71,89,'Resistencia','Guemes','390',NULL,NULL,NULL,NULL,NULL,NULL),(72,90,'Resistencia','Corrientes','134','C',NULL,NULL,NULL,NULL,NULL),(73,91,'PTO. VILELAS','FORTIN ALVARAD','3500',NULL,NULL,NULL,NULL,NULL,NULL),(74,92,'Resistencia','Av. Avalos','415','5º A','LOS ROBLES',NULL,NULL,NULL,NULL),(75,93,'Resistencia','Sin Nombre','01',NULL,NULL,NULL,NULL,'Barrio San Diego',NULL),(76,94,'PUERTO TIROL','RUTA NACIONAL','16',NULL,NULL,'PARQUE INDUSTRIAL',NULL,NULL,NULL),(77,95,'Resistencia','Frondizi','231',NULL,NULL,NULL,NULL,NULL,NULL),(78,95,'Resistencia','Juan B. Justo','167',NULL,NULL,NULL,NULL,NULL,NULL),(79,96,'Resistencia','Av. San Martin','235',NULL,NULL,NULL,NULL,NULL,NULL),(80,97,'Resistencia','Santa Maria de Oro','757',NULL,NULL,NULL,NULL,NULL,NULL),(81,98,'Resistencia','Lavalle','890',NULL,NULL,NULL,NULL,NULL,NULL),(82,99,'Resistencia','Corrientes','52','3º','TORRE A',NULL,NULL,NULL,NULL),(83,100,'Resistencia','Av. 25 de Mayo','2295',NULL,NULL,NULL,NULL,NULL,NULL),(85,103,'Resistencia','Arturo Illia','33',NULL,NULL,NULL,NULL,NULL,NULL),(86,103,'CABA','Av Paseo Colon','746','4',NULL,NULL,NULL,NULL,NULL),(87,104,'Resistencia','Arbo y Blanco','853',NULL,NULL,NULL,NULL,NULL,NULL),(88,105,'Resistencia','Entre Rios','280',NULL,NULL,NULL,NULL,NULL,NULL),(89,106,'Resistencia','Mitre','198',NULL,NULL,NULL,NULL,NULL,NULL),(90,107,'Resistencia','Marcelo T. de Alvear','443',NULL,NULL,NULL,NULL,NULL,NULL),(91,108,'Resistencia','Colón','1200',NULL,NULL,NULL,NULL,NULL,NULL),(92,109,'Resistencia','Echeverria','902',NULL,NULL,NULL,NULL,NULL,NULL),(93,110,'RESISTENCIA','SALOM Y GUEMES','01',NULL,NULL,NULL,NULL,NULL,NULL),(94,111,'RESISTENCIA','SIN NOMBRE','01',NULL,NULL,NULL,NULL,'BARRIO PRIVADO LA CALIFORNIA',NULL),(95,112,'Resistencia','Sin Registro','01',NULL,'Barrio Llaponagat',NULL,NULL,NULL,NULL),(96,113,'Resistencia','Liniers','769',NULL,NULL,NULL,NULL,NULL,NULL),(97,114,'Resistencia','Av. Sarmiento','001','5º \"B\"','Nalá',NULL,NULL,NULL,NULL),(98,115,'Resistencia','Ayacucho','260',NULL,NULL,NULL,NULL,NULL,NULL),(99,116,'Resistencia','Pellegrini','1825',NULL,NULL,NULL,NULL,NULL,NULL),(100,117,'Resistencia','Saenz Peña','401','2º Bº','Don Rubio',NULL,NULL,NULL,NULL),(101,118,'Resistencia','Av. 25 de Mayo','2295',NULL,NULL,NULL,NULL,NULL,NULL),(102,119,'Resistencia','Av. 9 de Julio','1616',NULL,NULL,NULL,NULL,NULL,NULL),(103,119,'Resistencia','Jujuy','790',NULL,NULL,NULL,NULL,NULL,NULL),(104,120,'Resistencia','Fortin Alvarado','555',NULL,NULL,NULL,NULL,NULL,NULL),(105,121,'Resistencia','Arbo y Blanco','214',NULL,NULL,NULL,NULL,NULL,NULL),(106,122,'Resistencia','Obligado','860',NULL,NULL,NULL,NULL,NULL,NULL),(107,123,'Resistencia','Av. Las Heras','3117',NULL,NULL,NULL,NULL,NULL,NULL),(108,124,'Ciudad Autonoma de Buenos Aires','Av. Eva Peron','6998',NULL,NULL,NULL,NULL,NULL,NULL),(109,124,'Resistencia','Autovia Nicolas Avellaneda - Ruta','16','Hiper Libertad',NULL,NULL,NULL,NULL,NULL),(110,125,'Resistencia','Sargento Cabral','1685',NULL,NULL,NULL,NULL,NULL,NULL),(111,126,'Resistencia','Juan B. Justo','509',NULL,NULL,NULL,NULL,NULL,NULL),(112,127,'Resistencia','Fray Capelli','60',NULL,NULL,NULL,NULL,NULL,NULL),(113,128,'Resistencia','Dónovan','401',NULL,'Torre Vista',NULL,'Donovan y Salta',NULL,NULL),(114,129,'Resistencia','Barrio Privado La California','01',NULL,NULL,NULL,NULL,NULL,NULL),(115,130,'Resistencia','Colon','33','3º piso',NULL,NULL,NULL,NULL,NULL),(116,131,'Resistencia','Av. 9 de Julio','3397',NULL,NULL,NULL,NULL,NULL,NULL),(117,131,'Resistencia','Cangallo (Casa)','945',NULL,NULL,NULL,NULL,NULL,NULL),(118,132,'Resistencia','Monteagudo','335',NULL,NULL,NULL,NULL,NULL,NULL),(119,132,'Resistencia','Villa Rio Negro','01',NULL,NULL,NULL,NULL,NULL,NULL),(120,127,'Reconquista','Mitre','1101',NULL,NULL,NULL,NULL,NULL,NULL),(121,133,'Resistencia','Cordoba','160',NULL,NULL,NULL,NULL,NULL,NULL),(122,134,'Resistencia','Rodriguez Peña','546',NULL,NULL,NULL,NULL,NULL,NULL),(123,135,'Resistencia','Pje. Tamborcito de Tacauarí','774',NULL,NULL,NULL,NULL,NULL,NULL),(124,136,'Resistencia','Leandro Alem','665',NULL,NULL,NULL,NULL,NULL,NULL),(125,138,'Resistencia','Av. Chaco y Edison','01','45','BARRIO ITALO-ARGENTINO','94',NULL,NULL,NULL),(126,139,'Resistencia','Montaner','220',NULL,NULL,NULL,NULL,NULL,NULL),(127,140,'Resistencia','Av. Avalos','415','9º Cº','LOS ROBLES',NULL,NULL,NULL,NULL),(128,141,'Resistencia','GÜEMES','950',NULL,NULL,NULL,NULL,NULL,NULL),(129,142,'Resistencia','Güemes','960',NULL,NULL,NULL,NULL,NULL,NULL),(130,143,'Resistencia','Pcia. Roque Saenz Peña','422',NULL,NULL,NULL,NULL,NULL,NULL),(131,144,'Resistencia','Córdoba','18',NULL,NULL,NULL,NULL,NULL,NULL),(132,145,'Resistencia','Av. Sarmiento','437',NULL,NULL,NULL,NULL,NULL,NULL),(133,147,'Resistencia','Echeverria','401',NULL,NULL,NULL,NULL,NULL,NULL),(134,93,'Resistencia','Roldán','75',NULL,NULL,NULL,NULL,NULL,NULL),(135,75,'Resistencia','Av. Castelli','239',NULL,NULL,NULL,NULL,NULL,NULL),(136,148,'Resistencia','Pellegrini','99',NULL,NULL,NULL,NULL,NULL,NULL),(137,148,'Corrientes','Av. Pedro Ferre','1617',NULL,NULL,NULL,NULL,NULL,NULL),(138,149,'Resistencia','Los Hacheros','55','3º B','Torre B',NULL,NULL,NULL,NULL),(139,150,'Barranqueras','Sargento Cabral','4820',NULL,NULL,NULL,NULL,NULL,NULL),(140,151,'Resistencia','Sargento Cabral','545',NULL,NULL,NULL,NULL,NULL,NULL),(141,152,'Resistencia','Av. 9 de Julio','499',NULL,NULL,NULL,NULL,NULL,NULL);
/*!40000 ALTER TABLE `Domicilio` ENABLE KEYS */;
UNLOCK TABLES;

--
-- Table structure for table `Empleado`
--

DROP TABLE IF EXISTS `Empleado`;
/*!40101 SET @saved_cs_client     = @@character_set_client */;
/*!40101 SET character_set_client = utf8 */;
CREATE TABLE `Empleado` (
  `id` int(11) NOT NULL,
  `cargo_id` int(11) DEFAULT NULL,
  `tipo_id` int(11) DEFAULT NULL,
  PRIMARY KEY (`id`),
  KEY `IDX_20AFDD04813AC380` (`cargo_id`),
  KEY `IDX_20AFDD04A9276E6C` (`tipo_id`),
  CONSTRAINT `FK_20AFDD04813AC380` FOREIGN KEY (`cargo_id`) REFERENCES `EmpleadoCargo` (`id`),
  CONSTRAINT `FK_20AFDD04A9276E6C` FOREIGN KEY (`tipo_id`) REFERENCES `EmpleadoTipo` (`id`),
  CONSTRAINT `FK_20AFDD04BF396750` FOREIGN KEY (`id`) REFERENCES `persona` (`id`) ON DELETE CASCADE
) ENGINE=InnoDB DEFAULT CHARSET=utf8 COLLATE=utf8_unicode_ci;
/*!40101 SET character_set_client = @saved_cs_client */;

--
-- Dumping data for table `Empleado`
--

LOCK TABLES `Empleado` WRITE;
/*!40000 ALTER TABLE `Empleado` DISABLE KEYS */;
INSERT INTO `Empleado` VALUES (11,1,1),(12,2,1),(13,3,1),(14,3,1),(15,1,1),(16,2,1),(17,1,1),(18,3,1),(19,4,2),(59,1,1),(60,1,1),(101,1,1),(125,1,1),(135,1,1),(137,1,1),(146,3,1),(150,1,1);
/*!40000 ALTER TABLE `Empleado` ENABLE KEYS */;
UNLOCK TABLES;

--
-- Table structure for table `EmpleadoCargo`
--

DROP TABLE IF EXISTS `EmpleadoCargo`;
/*!40101 SET @saved_cs_client     = @@character_set_client */;
/*!40101 SET character_set_client = utf8 */;
CREATE TABLE `EmpleadoCargo` (
  `id` int(11) NOT NULL AUTO_INCREMENT,
  `cargo` varchar(255) COLLATE utf8_unicode_ci NOT NULL,
  `sueldoMensual` double NOT NULL,
  `costoHora` double NOT NULL,
  `costoHoraCliente` double NOT NULL,
  PRIMARY KEY (`id`)
) ENGINE=InnoDB AUTO_INCREMENT=7 DEFAULT CHARSET=utf8 COLLATE=utf8_unicode_ci;
/*!40101 SET character_set_client = @saved_cs_client */;

--
-- Dumping data for table `EmpleadoCargo`
--

LOCK TABLES `EmpleadoCargo` WRITE;
/*!40000 ALTER TABLE `EmpleadoCargo` DISABLE KEYS */;
INSERT INTO `EmpleadoCargo` VALUES (1,'AYUDANTE ELECTRICISTA',0,30.16,175),(2,'MEDIO OFICIAL ELECTRICISTA',0,32.85,175),(3,'OFICIAL ELECTRICISTA',0,35.63,175),(4,'ADMINISTRATIVO',8000,0,0),(5,'CHOFER',4200,0,0),(6,'COORDINADOR DEPOSITO',4500,0,0);
/*!40000 ALTER TABLE `EmpleadoCargo` ENABLE KEYS */;
UNLOCK TABLES;

--
-- Table structure for table `EmpleadoHora`
--

DROP TABLE IF EXISTS `EmpleadoHora`;
/*!40101 SET @saved_cs_client     = @@character_set_client */;
/*!40101 SET character_set_client = utf8 */;
CREATE TABLE `EmpleadoHora` (
  `id` int(11) NOT NULL AUTO_INCREMENT,
  `desde` time NOT NULL,
  `hasta` time NOT NULL,
  `fecha` date NOT NULL,
  `empleadoOrden_id` int(11) DEFAULT NULL,
  PRIMARY KEY (`id`),
  KEY `IDX_311D8B31ECC7C74` (`empleadoOrden_id`),
  CONSTRAINT `FK_311D8B31ECC7C74` FOREIGN KEY (`empleadoOrden_id`) REFERENCES `EmpleadoOrden` (`id`)
) ENGINE=InnoDB AUTO_INCREMENT=737 DEFAULT CHARSET=utf8 COLLATE=utf8_unicode_ci;
/*!40101 SET character_set_client = @saved_cs_client */;

--
-- Dumping data for table `EmpleadoHora`
--

LOCK TABLES `EmpleadoHora` WRITE;
/*!40000 ALTER TABLE `EmpleadoHora` DISABLE KEYS */;
INSERT INTO `EmpleadoHora` VALUES (1,'17:00:00','18:00:00','2014-07-02',1),(2,'09:00:00','09:30:00','2014-07-02',1),(3,'18:00:00','18:30:00','2014-07-02',2),(4,'15:30:00','16:00:00','2014-07-02',3),(5,'16:00:00','17:00:00','2014-07-02',6),(6,'09:00:00','09:30:00','2014-07-02',7),(7,'09:30:00','11:00:00','2014-07-02',8),(8,'15:30:00','16:00:00','2014-07-02',10),(9,'09:30:00','10:30:00','2014-07-02',11),(10,'17:00:00','17:30:00','2014-07-02',12),(11,'15:00:00','17:00:00','2014-07-02',12),(12,'08:00:00','12:00:00','2014-07-02',12),(13,'16:00:00','18:30:00','2014-07-02',12),(14,'18:00:00','18:30:00','2014-07-02',13),(15,'08:30:00','11:30:00','2014-07-02',14),(16,'09:00:00','12:30:00','2014-07-02',15),(17,'09:00:00','12:30:00','2014-07-02',15),(18,'09:30:00','11:00:00','2014-07-01',16),(19,'08:00:00','10:30:00','2014-07-01',16),(20,'09:30:00','10:30:00','2014-07-02',17),(21,'15:00:00','18:30:00','2014-07-02',18),(22,'15:00:00','16:30:00','2014-07-02',18),(23,'15:00:00','16:30:00','2014-07-02',19),(24,'08:00:00','11:00:00','2014-07-02',20),(25,'08:00:00','12:30:00','2014-07-02',20),(26,'09:00:00','09:30:00','2014-07-02',21),(28,'09:00:00','09:30:00','2014-07-01',23),(29,'15:00:00','16:30:00','2014-07-02',24),(30,'08:30:00','10:00:00','2014-07-02',25),(31,'14:30:00','15:00:00','2014-06-30',26),(32,'09:00:00','09:30:00','2014-07-01',27),(33,'08:00:00','11:00:00','2014-07-03',28),(34,'10:00:00','11:00:00','2014-07-03',29),(35,'08:00:00','12:00:00','2014-06-27',30),(36,'15:00:00','18:30:00','2014-06-27',30),(37,'08:00:00','12:00:00','2014-06-28',30),(38,'08:00:00','12:00:00','2014-06-30',30),(39,'15:00:00','18:30:00','2014-06-30',30),(40,'08:00:00','12:00:00','2014-07-01',30),(41,'10:00:00','11:00:00','2014-07-07',31),(42,'17:00:00','18:30:00','2014-07-07',31),(43,'10:00:00','11:00:00','2014-07-07',32),(44,'17:00:00','18:30:00','2014-07-07',33),(45,'19:00:00','19:30:00','2014-07-10',34),(46,'15:00:00','17:00:00','2014-07-10',35),(47,'09:00:00','10:30:00','2014-07-10',36),(48,'09:00:00','10:30:00','2014-07-10',37),(49,'17:00:00','18:00:00','2014-07-10',38),(50,'10:30:00','11:30:00','2014-06-26',39),(51,'10:30:00','11:30:00','2014-06-26',40),(52,'08:00:00','08:30:00','2014-07-07',41),(53,'08:00:00','09:00:00','2014-06-24',42),(54,'09:00:00','11:30:00','2014-06-28',42),(55,'09:00:00','11:30:00','2014-06-24',43),(56,'09:00:00','09:30:00','2014-06-26',44),(57,'09:00:00','09:30:00','2014-06-26',45),(58,'11:00:00','12:00:00','2014-06-26',46),(59,'10:00:00','12:00:00','2014-07-04',46),(60,'14:30:00','18:30:00','2014-07-04',46),(61,'12:30:00','14:30:00','2014-07-04',46),(62,'11:00:00','12:00:00','2014-06-26',47),(63,'10:00:00','12:00:00','2014-07-04',48),(64,'14:30:00','18:30:00','2014-07-04',48),(65,'12:30:00','14:30:00','2014-07-04',49),(66,'11:00:00','12:30:00','2014-07-11',50),(67,'16:00:00','18:00:00','2014-07-11',50),(68,'13:30:00','15:00:00','2014-07-11',50),(69,'13:30:00','15:00:00','2014-07-11',51),(70,'16:00:00','17:00:00','2014-07-11',52),(71,'17:00:00','18:30:00','2014-07-11',52),(72,'10:30:00','15:00:00','2014-07-11',52),(73,'10:30:00','15:00:00','2014-07-11',53),(74,'09:00:00','10:00:00','2014-07-11',54),(75,'09:00:00','10:00:00','2014-06-03',55),(76,'09:00:00','12:00:00','2014-06-12',55),(77,'09:00:00','12:00:00','2014-06-03',56),(78,'09:00:00','12:00:00','2014-06-12',56),(79,'08:30:00','11:30:00','2014-07-15',57),(80,'15:30:00','17:00:00','2014-07-15',57),(81,'08:30:00','09:00:00','2014-07-14',58),(82,'15:30:00','16:00:00','2014-07-14',58),(83,'15:30:00','16:00:00','2014-07-14',59),(84,'09:00:00','09:30:00','2014-07-14',60),(85,'08:30:00','10:00:00','2014-07-14',60),(86,'08:30:00','10:00:00','2014-07-14',61),(87,'08:00:00','16:00:00','2014-07-15',62),(88,'08:00:00','16:00:00','2014-07-15',62),(89,'08:00:00','16:00:00','2014-07-15',62),(90,'08:00:00','10:30:00','2014-07-15',62),(91,'16:30:00','17:00:00','2014-07-15',63),(92,'10:00:00','13:30:00','2014-07-15',64),(93,'09:00:00','10:00:00','2014-07-15',65),(94,'10:00:00','12:00:00','2014-07-16',66),(95,'17:00:00','19:30:00','2014-07-16',66),(96,'10:00:00','12:00:00','2014-07-16',67),(97,'17:00:00','19:30:00','2014-07-16',67),(98,'09:00:00','09:30:00','2014-07-16',68),(99,'16:00:00','16:30:00','2014-07-16',68),(100,'16:00:00','16:30:00','2014-07-16',69),(101,'16:00:00','17:30:00','2014-07-18',70),(102,'16:00:00','17:30:00','2014-07-18',71),(103,'19:30:00','20:00:00','2014-07-15',72),(104,'15:00:00','16:00:00','2014-07-16',72),(105,'11:00:00','12:00:00','2014-07-14',73),(106,'15:30:00','16:30:00','2014-07-14',73),(107,'17:00:00','18:30:00','2014-07-16',73),(108,'11:00:00','12:00:00','2014-07-14',74),(109,'15:30:00','16:30:00','2014-07-14',74),(110,'17:00:00','18:30:00','2014-07-16',74),(111,'11:00:00','11:30:00','2014-07-16',75),(112,'15:30:00','19:00:00','2014-07-18',76),(113,'09:30:00','11:00:00','2014-07-18',76),(114,'09:00:00','15:30:00','2014-07-23',77),(115,'09:00:00','15:30:00','2014-07-23',78),(116,'09:00:00','10:00:00','2014-07-19',79),(117,'16:30:00','17:30:00','2014-07-17',80),(118,'09:30:00','10:30:00','2014-07-19',80),(119,'16:30:00','17:30:00','2014-07-17',81),(120,'09:30:00','10:30:00','2014-07-19',81),(121,'15:30:00','16:00:00','2014-07-22',82),(122,'17:00:00','18:30:00','2014-07-23',83),(123,'15:00:00','15:30:00','2014-07-21',84),(124,'15:00:00','15:30:00','2014-07-21',85),(125,'08:30:00','12:00:00','2014-07-21',86),(126,'08:30:00','12:00:00','2014-07-21',87),(127,'09:00:00','15:30:00','2014-07-23',88),(128,'09:00:00','15:30:00','2014-07-23',89),(129,'09:30:00','12:00:00','2014-07-23',90),(130,'09:30:00','12:00:00','2014-07-23',91),(131,'09:00:00','09:30:00','2014-07-23',92),(132,'08:00:00','09:00:00','2014-07-23',93),(133,'17:00:00','17:30:00','2014-07-18',94),(134,'17:00:00','17:30:00','2014-07-18',95),(135,'09:00:00','13:00:00','2014-07-24',96),(136,'16:00:00','17:30:00','2014-07-24',96),(137,'16:00:00','17:30:00','2014-07-24',97),(138,'17:00:00','18:00:00','2014-07-25',98),(139,'17:00:00','18:00:00','2014-07-25',99),(140,'09:00:00','11:00:00','2014-07-29',100),(141,'14:00:00','17:00:00','2014-07-29',100),(142,'14:00:00','17:00:00','2014-07-29',101),(143,'15:30:00','16:30:00','2014-07-29',102),(144,'16:00:00','17:00:00','2014-07-24',103),(145,'18:00:00','18:30:00','2014-07-25',103),(146,'18:00:00','18:30:00','2014-07-25',104),(147,'08:30:00','09:30:00','2014-07-30',105),(148,'11:30:00','12:00:00','2014-07-30',105),(149,'08:30:00','09:30:00','2014-07-30',106),(150,'11:30:00','12:00:00','2014-07-30',106),(151,'09:30:00','10:00:00','2014-07-30',107),(152,'17:00:00','18:00:00','2014-07-31',108),(153,'09:00:00','12:00:00','2014-07-31',108),(154,'09:30:00','11:00:00','2014-07-31',108),(155,'09:00:00','12:00:00','2014-07-31',109),(156,'17:30:00','18:00:00','2014-07-31',110),(157,'17:30:00','18:30:00','2014-08-01',111),(158,'08:00:00','12:00:00','2014-08-04',112),(159,'15:00:00','16:00:00','2014-08-04',112),(160,'11:00:00','12:00:00','2014-08-04',113),(161,'15:00:00','16:00:00','2014-08-04',113),(162,'16:30:00','17:30:00','2014-08-01',114),(163,'16:30:00','17:30:00','2014-08-01',115),(164,'08:30:00','09:30:00','2014-08-02',116),(165,'08:30:00','09:30:00','2014-08-02',117),(166,'08:00:00','10:30:00','2014-08-04',118),(167,'15:00:00','16:30:00','2014-07-31',119),(168,'09:00:00','11:00:00','2014-08-01',119),(169,'09:00:00','11:00:00','2014-08-01',120),(170,'16:00:00','17:30:00','2014-08-04',121),(171,'09:30:00','10:30:00','2014-08-02',122),(172,'09:30:00','10:30:00','2014-08-02',123),(173,'11:30:00','12:00:00','2014-08-04',124),(174,'08:00:00','08:30:00','2014-08-08',125),(175,'08:30:00','11:30:00','2014-08-08',126),(176,'09:00:00','09:30:00','2014-08-08',126),(177,'09:00:00','11:30:00','2014-08-11',127),(178,'08:00:00','12:00:00','2014-07-31',128),(179,'07:00:00','13:00:00','2014-08-06',129),(180,'14:00:00','21:00:00','2014-08-06',129),(181,'07:00:00','13:00:00','2014-08-06',130),(182,'14:00:00','21:00:00','2014-08-06',130),(183,'16:00:00','18:00:00','2014-07-21',131),(184,'09:30:00','12:00:00','2014-07-23',131),(185,'15:00:00','17:00:00','2014-07-29',131),(186,'16:00:00','18:00:00','2014-07-21',132),(187,'15:00:00','17:00:00','2014-07-29',133),(188,'16:00:00','17:00:00','2014-08-12',134),(189,'08:00:00','13:00:00','2014-08-12',134),(190,'16:30:00','19:00:00','2014-08-12',134),(191,'08:30:00','13:00:00','2014-08-12',134),(192,'16:30:00','17:30:00','2014-08-12',134),(193,'08:00:00','14:00:00','2014-08-12',134),(194,'09:30:00','11:00:00','2014-08-12',135),(195,'09:30:00','10:30:00','2014-08-12',135),(196,'17:00:00','17:30:00','2014-08-12',135),(197,'08:00:00','11:30:00','2014-08-12',136),(198,'18:00:00','18:30:00','2014-08-11',138),(199,'08:30:00','10:00:00','2014-08-08',139),(200,'08:30:00','10:00:00','2014-08-08',140),(201,'10:00:00','10:30:00','2014-08-13',141),(202,'10:00:00','10:30:00','2014-08-13',142),(203,'15:00:00','15:30:00','2014-08-13',143),(204,'08:00:00','16:00:00','2014-07-18',144),(205,'08:00:00','11:00:00','2014-07-28',144),(206,'16:00:00','17:00:00','2014-08-01',144),(207,'08:00:00','16:00:00','2014-07-18',145),(208,'08:00:00','11:00:00','2014-07-28',146),(209,'16:00:00','17:00:00','2014-08-01',147),(210,'08:00:00','09:30:00','2014-08-08',148),(211,'13:00:00','17:30:00','2014-08-08',148),(212,'08:00:00','16:00:00','2014-08-11',148),(213,'08:00:00','16:00:00','2014-08-12',148),(214,'08:30:00','16:00:00','2014-08-13',148),(215,'08:00:00','16:00:00','2014-08-12',149),(216,'08:30:00','16:00:00','2014-08-13',149),(217,'08:00:00','10:00:00','2014-08-14',150),(218,'18:00:00','19:30:00','2014-08-14',151),(219,'18:30:00','19:30:00','2014-08-14',152),(220,'09:30:00','11:00:00','2014-08-14',153),(221,'16:00:00','16:30:00','2014-08-14',153),(222,'11:00:00','11:30:00','2014-08-20',154),(223,'16:30:00','17:30:00','2014-08-14',155),(224,'09:30:00','10:30:00','2014-08-15',156),(225,'16:30:00','19:30:00','2014-08-15',156),(226,'16:30:00','19:30:00','2014-08-15',157),(227,'10:00:00','11:00:00','2014-08-07',158),(228,'16:00:00','18:30:00','2014-08-11',158),(229,'18:00:00','19:00:00','2014-08-19',158),(230,'10:30:00','11:30:00','2014-08-20',159),(231,'10:30:00','10:45:00','2014-08-14',160),(232,'10:00:00','10:30:00','2014-08-20',160),(233,'10:13:00','10:30:00','2014-08-20',161),(234,'18:00:00','18:30:00','2014-08-20',162),(235,'15:00:00','15:30:00','2014-08-20',163),(236,'08:00:00','09:30:00','2014-08-22',163),(237,'08:00:00','09:30:00','2014-08-22',164),(238,'10:00:00','10:30:00','2014-08-22',165),(239,'11:00:00','11:30:00','2014-08-07',166),(240,'11:00:00','11:30:00','2014-08-22',167),(241,'17:30:00','19:30:00','2014-08-22',167),(242,'17:00:00','18:00:00','2014-07-23',168),(243,'09:30:00','11:30:00','2014-07-29',168),(244,'09:30:00','11:30:00','2014-07-29',169),(245,'18:00:00','18:20:00','2014-08-27',170),(246,'09:00:00','09:30:00','2014-08-27',171),(247,'09:00:00','09:30:00','2014-08-27',172),(248,'15:30:00','18:00:00','2014-08-28',173),(249,'15:30:00','18:00:00','2014-08-28',174),(250,'09:30:00','11:30:00','2014-08-19',175),(251,'11:30:00','12:00:00','2014-08-30',175),(252,'15:00:00','16:30:00','2014-08-27',176),(253,'11:30:00','12:00:00','2014-08-30',176),(254,'08:30:00','12:00:00','2014-08-29',177),(255,'15:00:00','18:30:00','2014-08-29',177),(256,'15:00:00','18:30:00','2014-08-29',178),(257,'09:00:00','09:30:00','2014-09-01',179),(258,'08:30:00','09:30:00','2014-09-04',180),(259,'08:30:00','09:30:00','2014-09-04',181),(260,'16:00:00','19:00:00','2014-09-03',182),(261,'08:00:00','12:00:00','2014-08-28',183),(262,'08:00:00','12:00:00','2014-08-29',183),(263,'08:00:00','12:00:00','2014-09-02',183),(264,'15:00:00','19:30:00','2014-09-02',183),(265,'10:00:00','12:00:00','2014-09-03',183),(266,'08:00:00','12:00:00','2014-09-02',184),(267,'15:00:00','19:30:00','2014-09-02',184),(268,'10:00:00','12:00:00','2014-09-03',185),(269,'08:30:00','12:00:00','2014-09-05',186),(270,'08:30:00','12:00:00','2014-09-05',187),(271,'08:00:00','09:00:00','2014-07-03',188),(272,'08:00:00','12:00:00','2014-09-02',188),(273,'16:00:00','18:30:00','2014-09-02',188),(274,'08:30:00','12:00:00','2014-07-08',189),(275,'08:00:00','12:00:00','2014-09-02',190),(276,'16:00:00','18:30:00','2014-09-02',190),(277,'17:30:00','19:00:00','2014-09-03',191),(278,'15:30:00','16:00:00','2014-09-08',191),(279,'17:30:00','19:00:00','2014-09-03',192),(280,'15:30:00','16:00:00','2014-09-08',193),(281,'15:20:00','15:50:00','2014-09-09',194),(282,'09:00:00','11:00:00','2014-08-30',195),(283,'09:30:00','10:00:00','2014-09-09',195),(284,'08:00:00','08:30:00','2014-08-07',196),(285,'08:00:00','11:30:00','2014-08-11',196),(286,'10:30:00','11:30:00','2014-09-10',197),(287,'15:30:00','18:00:00','2014-09-15',197),(288,'08:30:00','11:30:00','2014-09-11',198),(289,'12:30:00','13:30:00','2014-09-04',199),(290,'17:00:00','18:00:00','2014-09-12',199),(291,'12:30:00','13:30:00','2014-09-04',200),(292,'08:30:00','09:00:00','2014-09-13',201),(293,'15:00:00','18:30:00','2014-08-08',202),(294,'12:00:00','17:00:00','2014-09-16',203),(295,'12:00:00','17:00:00','2014-09-16',204),(296,'16:00:00','20:00:00','2014-08-30',205),(297,'09:00:00','12:00:00','2014-09-12',205),(298,'15:30:00','17:00:00','2014-09-12',205),(299,'13:00:00','15:30:00','2014-09-15',205),(300,'16:00:00','20:00:00','2014-08-30',206),(301,'13:00:00','15:30:00','2014-09-15',206),(306,'10:00:00','12:00:00','2014-09-09',209),(307,'14:00:00','18:00:00','2014-09-09',209),(308,'10:00:00','18:00:00','2014-09-09',210),(309,'14:00:00','18:00:00','2014-09-09',210),(310,'08:30:00','10:00:00','2014-09-18',211),(311,'21:00:00','21:30:00','2014-09-17',212),(312,'10:30:00','11:30:00','2014-09-18',213),(313,'17:00:00','17:30:00','2014-09-18',214),(314,'09:30:00','10:30:00','2014-09-18',215),(315,'16:00:00','16:30:00','2014-09-18',215),(316,'09:30:00','10:30:00','2014-09-18',216),(317,'09:00:00','09:30:00','2014-09-13',217),(318,'17:00:00','18:00:00','2014-09-16',217),(319,'15:30:00','18:00:00','2014-09-16',218),(320,'16:00:00','16:30:00','2014-09-19',219),(321,'11:00:00','13:00:00','2014-09-22',220),(322,'17:00:00','17:30:00','2014-09-22',220),(323,'12:00:00','13:00:00','2014-09-22',221),(324,'17:00:00','17:30:00','2014-09-22',222),(325,'09:30:00','10:00:00','2014-09-22',223),(326,'09:30:00','10:00:00','2014-09-22',224),(327,'08:30:00','11:30:00','2014-09-22',225),(328,'08:30:00','11:30:00','2014-09-22',226),(329,'09:30:00','10:00:00','2014-09-13',227),(330,'08:00:00','09:00:00','2014-09-23',227),(331,'18:00:00','19:00:00','2014-09-23',227),(332,'08:00:00','12:00:00','2014-09-23',228),(333,'16:00:00','19:00:00','2014-09-23',228),(334,'12:00:00','12:15:00','2014-09-24',229),(335,'18:30:00','19:00:00','2014-09-24',229),(336,'12:00:00','12:16:00','2014-09-24',230),(337,'18:30:00','19:00:00','2014-09-24',230),(338,'17:00:00','17:30:00','2014-09-24',231),(339,'08:30:00','09:30:00','2014-09-17',232),(340,'15:00:00','19:00:00','2014-09-18',232),(341,'08:30:00','09:00:00','2014-09-22',232),(342,'08:30:00','12:00:00','2014-09-17',233),(343,'15:00:00','19:00:00','2014-09-17',233),(344,'08:30:00','12:00:00','2014-09-18',233),(345,'15:00:00','19:00:00','2014-09-18',233),(346,'08:00:00','11:00:00','2014-09-24',233),(347,'15:00:00','19:00:00','2014-09-18',234),(348,'10:30:00','12:00:00','2014-09-29',235),(349,'16:30:00','17:00:00','2014-09-29',235),(350,'16:30:00','17:00:00','2014-09-24',235),(351,'10:30:00','12:00:00','2014-09-29',236),(352,'16:30:00','17:00:00','2014-09-29',236),(353,'16:30:00','17:00:00','2014-09-24',236),(354,'17:30:00','18:00:00','2014-09-29',237),(355,'17:30:00','18:30:00','2014-09-30',237),(356,'17:30:00','18:00:00','2014-09-29',238),(357,'17:30:00','18:30:00','2014-09-30',238),(358,'08:00:00','12:00:00','2014-09-30',239),(359,'15:00:00','19:00:00','2014-09-30',239),(360,'08:00:00','10:00:00','2014-10-01',239),(361,'15:00:00','19:00:00','2014-09-30',240),(362,'10:30:00','12:00:00','2014-10-02',241),(363,'14:00:00','15:30:00','2014-10-02',241),(364,'09:00:00','10:30:00','2014-09-08',242),(365,'16:30:00','17:00:00','2014-09-04',242),(366,'08:30:00','09:30:00','2014-10-04',243),(367,'16:30:00','17:00:00','2014-10-04',243),(368,'08:30:00','09:30:00','2014-10-04',244),(369,'16:30:00','17:00:00','2014-10-04',244),(370,'08:00:00','11:00:00','2014-10-04',245),(371,'12:00:00','12:30:00','2014-09-27',246),(372,'08:30:00','09:00:00','2014-10-06',247),(373,'10:30:00','12:30:00','2014-10-01',248),(374,'08:00:00','12:00:00','2014-10-02',248),(375,'14:00:00','17:30:00','2014-10-02',248),(376,'16:30:00','18:00:00','2014-10-07',249),(377,'08:30:00','11:00:00','2014-10-07',249),(378,'08:30:00','11:00:00','2014-10-07',250),(379,'09:30:00','11:30:00','2014-10-07',251),(380,'19:30:00','20:00:00','2014-10-09',252),(381,'17:30:00','18:00:00','2014-10-06',253),(382,'09:30:00','10:00:00','2014-10-06',253),(383,'17:30:00','18:00:00','2014-10-06',254),(384,'09:30:00','10:00:00','2014-10-06',255),(385,'17:30:00','18:00:00','2014-10-09',256),(386,'09:00:00','10:00:00','2014-10-09',257),(387,'15:30:00','16:30:00','2014-10-09',257),(388,'09:00:00','10:00:00','2014-10-09',258),(389,'15:30:00','16:30:00','2014-10-09',258),(390,'15:30:00','17:00:00','2014-09-24',259),(391,'15:30:00','17:00:00','2014-09-30',259),(392,'15:30:00','19:30:00','2014-10-07',259),(393,'15:30:00','17:00:00','2014-09-24',260),(394,'15:30:00','18:00:00','2014-10-06',260),(395,'15:30:00','19:30:00','2014-10-07',261),(396,'15:30:00','17:00:00','2014-09-30',261),(397,'17:30:00','18:00:00','2014-10-10',262),(398,'17:00:00','19:30:00','2014-10-10',262),(399,'17:30:00','18:00:00','2014-10-10',263),(400,'17:00:00','19:30:00','2014-10-10',263),(401,'19:00:00','20:00:00','2014-10-09',264),(402,'09:00:00','11:30:00','2014-09-29',265),(403,'09:00:00','11:30:00','2014-09-29',266),(404,'18:00:00','19:00:00','2014-10-20',267),(405,'19:00:00','19:30:00','2014-10-16',268),(406,'19:00:00','19:30:00','2014-10-16',269),(407,'08:00:00','08:30:00','2014-10-17',270),(408,'08:00:00','08:30:00','2014-10-17',269),(409,'18:30:00','19:00:00','2014-10-20',271),(410,'10:00:00','12:00:00','2014-10-20',272),(411,'14:00:00','16:00:00','2014-10-20',272),(412,'10:00:00','12:00:00','2014-10-20',273),(413,'14:00:00','16:00:00','2014-10-20',273),(414,'09:00:00','11:00:00','2014-10-16',274),(415,'08:30:00','09:00:00','2014-10-18',275),(416,'08:30:00','10:00:00','2014-10-20',276),(417,'09:00:00','09:30:00','2014-10-04',277),(418,'09:00:00','10:00:00','2014-10-08',277),(419,'09:00:00','09:30:00','2014-10-04',278),(420,'10:00:00','11:00:00','2014-10-21',279),(421,'12:00:00','14:00:00','2014-10-21',279),(422,'10:00:00','11:00:00','2014-10-21',280),(423,'12:00:00','14:00:00','2014-10-21',280),(424,'15:30:00','17:00:00','2014-10-16',281),(425,'16:30:00','17:00:00','2014-10-21',281),(426,'16:30:00','17:00:00','2014-10-21',282),(427,'16:30:00','17:00:00','2014-10-21',283),(428,'16:30:00','17:00:00','2014-10-21',284),(429,'09:30:00','12:00:00','2014-10-22',285),(431,'15:00:00','18:00:00','2014-10-22',287),(432,'08:00:00','12:00:00','2014-10-23',287),(433,'15:00:00','18:00:00','2014-10-22',288),(434,'08:00:00','12:00:00','2014-10-23',288),(435,'08:00:00','09:30:00','2014-10-23',289),(436,'09:30:00','11:00:00','2014-10-24',289),(437,'09:30:00','11:00:00','2014-10-23',290),(438,'08:00:00','09:30:00','2014-10-23',291),(439,'16:30:00','17:30:00','2014-08-28',292),(440,'08:00:00','11:00:00','2014-10-24',293),(441,'08:00:00','11:00:00','2014-10-24',294),(442,'16:00:00','17:30:00','2014-10-24',295),(443,'09:00:00','10:00:00','2014-10-25',295),(444,'16:00:00','17:30:00','2014-10-24',296),(445,'17:30:00','18:00:00','2014-10-24',297),(446,'17:30:00','18:00:00','2014-10-24',298),(447,'10:30:00','11:00:00','2014-10-29',299),(448,'08:30:00','09:30:00','2014-10-29',300),(449,'17:30:00','18:00:00','2014-10-28',301),(450,'08:00:00','09:00:00','2014-10-29',301),(451,'09:00:00','16:00:00','2014-10-28',302),(452,'08:00:00','14:30:00','2014-10-29',302),(453,'09:00:00','11:00:00','2014-10-28',303),(454,'11:00:00','16:00:00','2014-10-28',304),(455,'08:00:00','14:30:00','2014-10-29',304),(456,'16:00:00','16:30:00','2014-10-28',305),(457,'11:30:00','13:00:00','2014-10-29',305),(458,'15:30:00','16:30:00','2014-10-31',305),(459,'16:00:00','16:30:00','2014-10-28',306),(460,'08:00:00','12:00:00','2014-10-14',307),(461,'09:00:00','09:30:00','2014-10-31',308),(462,'10:30:00','11:00:00','2014-10-31',309),(463,'10:00:00','12:00:00','2014-10-30',310),(464,'17:00:00','19:00:00','2014-10-30',310),(465,'10:00:00','12:00:00','2014-10-30',311),(466,'17:00:00','19:00:00','2014-10-30',311),(467,'15:30:00','16:30:00','2014-10-30',312),(468,'15:30:00','16:30:00','2014-10-30',313),(469,'16:30:00','19:30:00','2014-10-31',314),(470,'16:30:00','19:30:00','2014-10-31',315),(471,'08:00:00','12:00:00','2014-10-14',316),(472,'13:00:00','17:00:00','2014-10-14',316),(473,'08:00:00','12:00:00','2014-10-15',316),(474,'14:00:00','18:00:00','2014-10-15',316),(475,'08:00:00','12:00:00','2014-10-16',316),(476,'14:00:00','18:00:00','2014-10-16',316),(477,'08:00:00','12:00:00','2014-10-20',316),(478,'14:00:00','18:00:00','2014-10-20',316),(479,'08:00:00','12:00:00','2014-10-21',316),(480,'14:00:00','18:00:00','2014-10-21',316),(481,'08:00:00','12:00:00','2014-10-22',316),(482,'14:00:00','15:30:00','2014-10-22',316),(483,'08:00:00','18:00:00','2014-10-23',316),(484,'08:00:00','12:00:00','2014-10-27',316),(485,'15:00:00','17:00:00','2014-10-27',316),(486,'08:00:00','12:00:00','2014-10-14',317),(487,'13:00:00','17:00:00','2014-10-14',317),(488,'08:00:00','12:00:00','2014-10-15',317),(489,'14:00:00','18:00:00','2014-10-15',317),(490,'08:00:00','12:00:00','2014-10-16',317),(491,'14:00:00','18:00:00','2014-10-16',317),(492,'08:00:00','12:00:00','2014-10-20',317),(493,'14:00:00','18:00:00','2014-10-20',317),(494,'08:00:00','12:00:00','2014-10-21',317),(495,'14:00:00','18:00:00','2014-10-21',317),(496,'08:00:00','12:00:00','2014-10-22',317),(497,'14:00:00','15:30:00','2014-10-22',317),(498,'08:00:00','18:00:00','2014-10-23',317),(499,'08:00:00','12:00:00','2014-10-27',317),(500,'15:00:00','17:00:00','2014-10-27',317),(501,'11:30:00','15:30:00','2014-11-04',318),(502,'11:30:00','15:30:00','2014-11-04',319),(503,'09:00:00','12:00:00','2014-11-05',320),(504,'15:30:00','17:00:00','2014-11-05',320),(505,'09:00:00','12:00:00','2014-11-05',321),(506,'15:30:00','17:00:00','2014-11-05',321),(507,'09:00:00','12:00:00','2014-11-05',322),(508,'15:30:00','17:00:00','2014-11-05',322),(509,'08:00:00','12:00:00','2014-10-30',323),(510,'08:00:00','10:00:00','2014-10-31',323),(511,'08:00:00','12:00:00','2014-10-30',324),(512,'08:00:00','12:00:00','2014-10-30',325),(513,'08:00:00','10:00:00','2014-10-31',325),(514,'08:30:00','09:00:00','2014-10-27',326),(515,'08:30:00','09:00:00','2014-10-27',327),(516,'10:00:00','13:00:00','2014-10-28',327),(517,'09:30:00','10:00:00','2014-10-31',328),(524,'16:00:00','17:00:00','2014-11-06',331),(525,'10:00:00','12:00:00','2014-11-07',331),(526,'15:00:00','17:00:00','2014-11-07',331),(527,'16:00:00','17:00:00','2014-11-06',332),(528,'10:00:00','12:00:00','2014-11-07',332),(529,'15:00:00','17:00:00','2014-11-07',332),(530,'18:00:00','18:30:00','2014-09-24',333),(531,'18:30:00','19:00:00','2014-09-25',333),(532,'10:00:00','11:30:00','2014-09-27',333),(533,'19:00:00','21:00:00','2014-09-30',333),(534,'16:00:00','18:00:00','2014-10-29',333),(535,'18:00:00','18:30:00','2014-10-30',333),(536,'14:30:00','16:30:00','2014-11-05',334),(537,'14:30:00','16:30:00','2014-11-05',335),(538,'10:00:00','12:30:00','2014-11-04',336),(539,'14:00:00','18:00:00','2014-11-04',336),(540,'08:30:00','11:00:00','2014-10-27',337),(541,'17:30:00','18:00:00','2014-10-31',337),(542,'18:30:00','19:00:00','2014-11-01',337),(543,'09:00:00','10:00:00','2014-11-03',337),(544,'09:00:00','10:00:00','2014-11-04',337),(545,'10:30:00','11:00:00','2014-11-30',338),(546,'09:00:00','10:00:00','2014-11-04',338),(547,'17:00:00','18:00:00','2014-10-31',339),(548,'09:00:00','10:00:00','2014-11-03',340),(549,'15:00:00','15:30:00','2014-10-30',341),(550,'15:00:00','15:30:00','2014-10-30',342),(551,'09:30:00','10:30:00','2014-11-08',343),(552,'08:00:00','09:30:00','2014-11-10',343),(553,'09:30:00','10:30:00','2014-11-08',344),(554,'08:00:00','09:30:00','2014-11-10',345),(555,'17:30:00','18:30:00','2014-11-07',346),(556,'17:30:00','18:30:00','2014-11-07',347),(557,'10:00:00','12:00:00','2014-11-07',348),(558,'15:30:00','20:00:00','2014-11-07',348),(559,'08:00:00','12:00:00','2014-11-10',348),(560,'16:00:00','20:00:00','2014-11-10',348),(561,'10:00:00','12:00:00','2014-11-07',349),(562,'15:30:00','20:00:00','2014-11-07',349),(563,'08:00:00','12:00:00','2014-11-10',349),(564,'16:00:00','20:00:00','2014-11-10',349),(565,'09:30:00','12:00:00','2014-11-08',350),(566,'09:30:00','12:00:00','2014-11-08',351),(567,'07:00:00','07:30:00','2014-11-14',352),(568,'09:00:00','10:00:00','2014-11-15',353),(569,'14:00:00','14:30:00','2014-11-17',354),(570,'13:00:00','14:30:00','2014-11-17',355),(571,'13:00:00','14:30:00','2014-11-17',356),(572,'16:30:00','17:00:00','2014-11-13',357),(573,'16:30:00','17:00:00','2014-11-13',358),(574,'16:30:00','17:00:00','2014-11-18',359),(575,'16:30:00','17:00:00','2014-11-18',360),(576,'18:00:00','18:30:00','2014-11-18',361),(577,'18:00:00','18:30:00','2014-11-18',362),(578,'12:30:00','14:00:00','2014-11-19',363),(579,'12:30:00','14:00:00','2014-11-19',364),(580,'12:30:00','13:30:00','2014-11-19',365),(581,'06:30:00','07:00:00','2014-11-20',365),(582,'12:30:00','13:30:00','2014-11-19',366),(583,'11:30:00','12:30:00','2014-11-19',367),(584,'12:00:00','12:30:00','2014-11-19',368),(585,'17:00:00','18:00:00','2014-11-19',369),(586,'17:00:00','18:00:00','2014-11-19',370),(587,'16:30:00','17:00:00','2014-11-20',371),(588,'18:00:00','18:30:00','2014-11-25',372),(589,'18:00:00','18:30:00','2014-11-26',372),(590,'18:00:00','18:30:00','2014-11-25',373),(591,'18:00:00','18:30:00','2014-11-26',373),(592,'12:30:00','16:00:00','2014-11-01',374),(593,'12:30:00','15:30:00','2014-11-01',374),(594,'12:30:00','16:30:00','2014-11-22',374),(595,'12:30:00','16:00:00','2014-11-01',375),(596,'12:30:00','15:30:00','2014-11-01',375),(597,'12:30:00','16:30:00','2014-11-22',375),(598,'08:00:00','15:00:00','2014-10-31',376),(599,'11:00:00','15:30:00','2014-10-10',376),(600,'08:00:00','15:00:00','2014-10-31',377),(601,'11:00:00','15:30:00','2014-10-10',378),(602,'16:30:00','17:30:00','2014-11-18',379),(603,'18:00:00','18:30:00','2014-11-21',379),(604,'15:30:00','16:00:00','2014-11-28',379),(605,'16:30:00','17:30:00','2014-11-18',380),(606,'18:00:00','18:30:00','2014-11-21',380),(607,'15:30:00','16:00:00','2014-11-28',381),(610,'10:00:00','11:30:00','2014-11-25',384),(611,'10:00:00','11:30:00','2014-11-25',385),(612,'10:30:00','11:00:00','2014-12-01',386),(613,'10:30:00','11:00:00','2014-12-01',387),(614,'08:00:00','08:30:00','2014-11-26',388),(615,'11:00:00','12:00:00','2014-11-27',388),(616,'12:00:00','15:30:00','2014-11-13',389),(617,'12:00:00','15:30:00','2014-11-13',390),(618,'15:00:00','18:00:00','2014-11-17',391),(619,'15:00:00','18:00:00','2014-11-17',392),(620,'11:00:00','12:30:00','2014-11-27',393),(621,'19:00:00','20:00:00','2014-12-01',394),(622,'19:00:00','20:00:00','2014-12-01',395),(623,'11:00:00','12:30:00','2014-11-18',396),(624,'15:00:00','16:00:00','2014-11-20',396),(625,'08:00:00','12:00:00','2014-11-21',396),(626,'15:30:00','17:30:00','2014-11-21',396),(627,'09:30:00','12:00:00','2014-11-25',396),(628,'12:30:00','17:30:00','2014-11-25',396),(629,'08:00:00','12:00:00','2014-11-26',396),(630,'15:00:00','18:00:00','2014-11-26',396),(631,'17:30:00','19:00:00','2014-11-27',396),(632,'18:30:00','19:00:00','2014-11-28',396),(633,'11:00:00','12:30:00','2014-11-18',397),(634,'15:00:00','18:30:00','2014-11-20',397),(635,'08:00:00','12:00:00','2014-11-21',397),(636,'15:30:00','17:30:00','2014-11-21',397),(637,'09:30:00','12:00:00','2014-11-25',398),(638,'12:30:00','17:30:00','2014-11-25',398),(639,'08:00:00','12:00:00','2014-11-26',398),(640,'15:00:00','18:00:00','2014-11-26',398),(641,'17:30:00','19:00:00','2014-11-27',398),(642,'18:30:00','19:00:00','2014-11-28',398),(643,'10:00:00','11:30:00','2014-11-29',399),(644,'10:00:00','11:30:00','2014-11-29',400),(645,'10:00:00','11:00:00','2014-11-26',401),(646,'10:00:00','11:00:00','2014-11-27',401),(647,'15:30:00','16:00:00','2014-11-28',402),(648,'15:30:00','16:00:00','2014-11-28',403),(649,'09:30:00','10:00:00','2014-11-26',404),(650,'09:30:00','10:00:00','2014-11-26',405),(651,'16:30:00','17:00:00','2014-11-27',406),(652,'17:00:00','17:30:00','2014-11-28',406),(653,'16:30:00','17:00:00','2014-11-27',407),(654,'08:00:00','12:30:00','2014-11-27',408),(655,'15:00:00','16:00:00','2014-11-27',408),(656,'08:00:00','12:30:00','2014-11-27',409),(657,'15:00:00','16:00:00','2014-11-27',409),(658,'17:00:00','18:00:00','2014-12-02',410),(659,'18:00:00','18:30:00','2014-12-03',411),(660,'18:00:00','18:30:00','2014-12-03',412),(661,'11:00:00','12:00:00','2014-12-04',413),(662,'15:30:00','18:30:00','2014-12-01',414),(663,'15:30:00','18:30:00','2014-12-01',415),(664,'10:30:00','12:30:00','2014-12-03',416),(665,'08:00:00','09:30:00','2014-12-05',417),(666,'14:30:00','15:00:00','2014-12-05',418),(667,'14:30:00','15:00:00','2014-12-05',419),(668,'10:00:00','12:00:00','2014-12-06',420),(669,'15:00:00','17:00:00','2014-12-02',420),(670,'08:30:00','10:00:00','2014-12-03',420),(671,'15:30:00','16:30:00','2014-12-02',421),(672,'08:00:00','12:00:00','2014-11-17',422),(673,'15:00:00','18:00:00','2014-11-17',422),(674,'18:00:00','18:30:00','2014-11-17',422),(675,'15:00:00','18:00:00','2014-11-17',423),(676,'18:00:00','18:30:00','2014-11-17',423),(677,'08:00:00','11:00:00','2014-12-05',424),(678,'11:00:00','12:00:00','2014-12-05',424),(679,'14:00:00','17:30:00','2014-12-05',424),(680,'18:00:00','19:00:00','2014-12-05',425),(681,'09:00:00','11:00:00','2014-12-04',426),(682,'17:30:00','18:00:00','2014-12-04',426),(683,'17:30:00','18:00:00','2014-12-04',427),(685,'20:30:00','21:30:00','2014-12-03',428),(687,'20:30:00','21:30:00','2014-12-03',429),(688,'09:00:00','11:00:00','2014-12-08',430),(689,'17:00:00','17:30:00','2014-12-04',431),(690,'17:00:00','17:30:00','2014-12-04',432),(691,'10:00:00','16:30:00','2014-12-07',433),(692,'10:00:00','16:30:00','2014-12-07',434),(693,'19:30:00','21:00:00','2014-12-01',435),(694,'09:00:00','13:00:00','2014-12-06',435),(695,'19:30:00','21:00:00','2014-12-01',436),(696,'09:00:00','13:00:00','2014-12-06',437),(697,'15:30:00','16:00:00','2014-12-10',438),(701,'09:00:00','11:00:00','2014-12-11',440),(702,'11:00:00','11:00:00','2014-12-12',440),(703,'10:00:00','11:00:00','2014-12-10',439),(704,'09:30:00','10:30:00','2014-12-11',439),(705,'17:00:00','19:00:00','2014-12-11',439),(706,'10:00:00','11:30:00','2014-12-13',441),(707,'15:30:00','17:30:00','2014-12-13',441),(708,'15:30:00','17:30:00','2014-12-13',442),(709,'10:00:00','10:30:00','2014-12-15',443),(710,'12:00:00','13:00:00','2014-12-15',443),(711,'10:00:00','10:30:00','2014-12-15',444),(712,'10:30:00','13:00:00','2014-12-15',444),(713,'11:30:00','12:00:00','2014-12-10',445),(714,'09:30:00','10:00:00','2014-12-13',445),(715,'11:00:00','11:30:00','2014-12-13',445),(716,'09:30:00','10:00:00','2014-12-13',446),(717,'09:30:00','11:00:00','2014-12-12',447),(718,'08:00:00','10:30:00','2014-12-16',448),(719,'08:30:00','11:30:00','2014-12-15',449),(720,'16:00:00','16:30:00','2014-12-16',449),(721,'08:30:00','11:30:00','2014-12-15',450),(722,'14:00:00','18:30:00','2014-12-17',451),(724,'16:00:00','18:30:00','2014-12-17',453),(725,'15:00:00','16:00:00','2014-12-19',454),(726,'16:30:00','18:00:00','2014-12-15',455),(727,'11:00:00','12:00:00','2014-12-19',456),(728,'18:00:00','18:30:00','2015-01-05',457),(729,'10:00:00','11:00:00','2015-01-06',457),(730,'18:00:00','18:30:00','2015-01-05',458),(731,'14:00:00','15:00:00','2014-12-18',459),(732,'15:00:00','16:30:00','2015-12-18',459),(733,'14:00:00','15:00:00','2014-12-18',460),(734,'08:30:00','09:00:00','2015-01-06',461),(735,'16:00:00','17:30:00','2015-01-05',462),(736,'16:00:00','17:30:00','2015-01-05',463);
/*!40000 ALTER TABLE `EmpleadoHora` ENABLE KEYS */;
UNLOCK TABLES;

--
-- Table structure for table `EmpleadoOrden`
--

DROP TABLE IF EXISTS `EmpleadoOrden`;
/*!40101 SET @saved_cs_client     = @@character_set_client */;
/*!40101 SET character_set_client = utf8 */;
CREATE TABLE `EmpleadoOrden` (
  `id` int(11) NOT NULL AUTO_INCREMENT,
  `empleado_id` int(11) DEFAULT NULL,
  `orden_id` int(11) DEFAULT NULL,
  `costoHora` double NOT NULL,
  PRIMARY KEY (`id`),
  KEY `IDX_46F719A8952BE730` (`empleado_id`),
  KEY `IDX_46F719A89750851F` (`orden_id`),
  CONSTRAINT `FK_46F719A8952BE730` FOREIGN KEY (`empleado_id`) REFERENCES `Empleado` (`id`),
  CONSTRAINT `FK_46F719A89750851F` FOREIGN KEY (`orden_id`) REFERENCES `Orden` (`id`)
) ENGINE=InnoDB AUTO_INCREMENT=464 DEFAULT CHARSET=utf8 COLLATE=utf8_unicode_ci;
/*!40101 SET character_set_client = @saved_cs_client */;

--
-- Dumping data for table `EmpleadoOrden`
--

LOCK TABLES `EmpleadoOrden` WRITE;
/*!40000 ALTER TABLE `EmpleadoOrden` DISABLE KEYS */;
INSERT INTO `EmpleadoOrden` VALUES (1,13,1,27.51),(2,13,2,27.51),(3,18,3,27.51),(6,18,7,27.51),(7,13,8,27.51),(8,13,10,27.51),(9,12,11,25.35),(10,18,12,27.51),(11,13,12,27.51),(12,13,13,27.51),(13,13,14,27.51),(14,12,15,25.35),(15,13,16,27.51),(16,18,9,27.51),(17,13,17,27.51),(18,13,18,27.51),(19,12,18,25.35),(20,18,19,27.51),(21,13,20,27.51),(23,59,21,23.28),(24,59,18,23.28),(25,18,22,27.51),(26,18,23,27.51),(27,13,23,27.51),(28,18,24,27.51),(29,13,24,27.51),(30,12,25,25.35),(31,13,27,27.51),(32,59,27,23.28),(33,15,27,23.28),(34,13,28,27.51),(35,18,29,27.51),(36,13,29,27.51),(37,11,29,23.28),(38,12,30,25.35),(39,13,31,27.51),(40,12,31,25.35),(41,13,32,27.51),(42,13,33,27.51),(43,59,33,23.28),(44,13,34,27.51),(45,12,34,25.35),(46,13,35,27.51),(47,12,35,25.35),(48,11,35,23.28),(49,18,35,27.51),(50,18,26,27.51),(51,13,26,27.51),(52,13,36,27.51),(53,18,36,27.51),(54,13,37,27.51),(55,13,38,27.51),(56,60,38,23.28),(57,13,40,27.51),(58,13,41,27.51),(59,59,41,23.28),(60,13,42,27.51),(61,59,42,23.28),(62,18,43,27.51),(63,13,43,27.51),(64,13,44,27.51),(65,13,45,27.51),(66,13,46,27.51),(67,59,46,23.28),(68,13,47,27.51),(69,59,47,23.28),(70,13,48,27.51),(71,60,48,23.28),(72,13,49,27.51),(73,13,50,27.51),(74,60,50,23.28),(75,13,51,27.51),(76,12,52,25.35),(77,13,53,27.51),(78,59,53,23.28),(79,14,55,27.51),(80,13,56,27.51),(81,12,56,25.35),(82,12,59,25.35),(83,12,60,25.35),(84,13,61,27.51),(85,17,61,23.28),(86,13,62,27.51),(87,17,62,23.28),(88,13,63,27.51),(89,59,63,23.28),(90,14,64,27.51),(91,59,64,23.28),(92,13,65,27.51),(93,13,66,27.51),(94,13,67,27.51),(95,59,67,23.28),(96,13,68,27.51),(97,59,68,23.28),(98,13,71,27.51),(99,59,71,23.28),(100,13,69,27.51),(101,12,69,25.35),(102,13,72,27.51),(103,13,73,27.51),(104,59,73,23.28),(105,13,74,27.51),(106,12,74,25.35),(107,13,75,27.51),(108,13,76,27.51),(109,60,76,23.28),(110,13,77,27.51),(111,14,78,27.51),(112,12,79,25.35),(113,13,79,27.51),(114,14,80,27.51),(115,59,80,23.28),(116,13,81,27.51),(117,12,81,25.35),(118,13,82,27.51),(119,13,83,27.51),(120,59,83,23.28),(121,13,84,27.51),(122,13,85,27.51),(123,12,85,25.35),(124,13,86,27.51),(125,13,87,27.51),(126,13,88,27.51),(127,18,89,27.51),(128,13,90,27.51),(129,13,91,27.51),(130,15,91,23.28),(131,13,92,27.51),(132,60,92,23.28),(133,12,92,25.35),(134,18,93,23.28),(135,13,93,27.51),(136,60,93,23.28),(138,13,94,27.51),(139,13,95,27.51),(140,59,95,23.28),(141,13,97,27.51),(142,59,97,23.28),(143,13,98,27.51),(144,12,102,25.35),(145,60,102,23.28),(146,59,102,23.28),(147,13,102,27.51),(148,18,103,27.51),(149,60,103,23.28),(150,18,104,27.51),(151,18,105,27.51),(152,60,105,23.28),(153,18,106,27.51),(154,18,107,27.51),(155,18,108,27.51),(156,13,110,27.51),(157,60,110,23.28),(158,13,111,27.51),(159,13,107,27.51),(160,13,112,27.51),(161,13,113,27.51),(162,13,108,27.51),(163,13,114,27.51),(164,12,114,25.35),(165,13,115,27.51),(166,13,116,0),(167,12,116,0),(168,13,117,0),(169,12,117,0),(170,13,118,0),(171,13,120,0),(172,59,120,0),(173,13,121,0),(174,59,121,0),(175,13,122,0),(176,15,122,0),(177,13,123,0),(178,15,123,0),(179,13,124,150),(180,101,125,150),(181,15,125,150),(182,101,126,150),(183,101,104,150),(184,11,104,150),(185,15,104,150),(186,13,128,150),(187,101,128,150),(188,13,130,150),(189,18,130,150),(190,60,130,150),(191,13,131,150),(192,60,131,150),(193,12,131,150),(194,13,132,150),(195,13,135,150),(196,13,136,150),(197,13,134,150),(198,101,134,150),(199,13,137,150),(200,101,137,150),(201,13,138,150),(202,14,139,150),(203,12,140,150),(204,60,140,150),(205,13,141,150),(206,101,141,150),(209,14,142,150),(210,11,142,150),(211,12,144,150),(212,13,145,150),(213,12,145,150),(214,13,146,150),(215,13,147,150),(216,101,147,150),(217,13,148,150),(218,101,148,150),(219,101,149,150),(220,13,150,150),(221,101,150,150),(222,60,150,150),(223,13,151,150),(224,12,151,150),(225,13,152,150),(226,101,152,150),(227,13,154,150),(228,101,154,150),(229,13,155,150),(230,101,155,150),(231,13,156,150),(232,13,153,150),(233,101,153,150),(234,60,153,150),(235,13,157,150),(236,101,157,150),(237,13,158,150),(238,101,158,150),(239,101,159,150),(240,59,159,150),(241,13,160,150),(242,13,161,150),(243,13,162,150),(244,101,162,150),(245,12,163,150),(246,13,163,150),(247,13,164,150),(248,101,165,150),(249,13,165,150),(250,15,165,150),(251,13,166,150),(252,13,167,150),(253,13,168,150),(254,101,168,150),(255,15,168,150),(256,13,169,150),(257,13,170,150),(258,15,170,150),(259,13,171,150),(260,101,171,150),(261,15,171,150),(262,13,172,150),(263,15,172,150),(264,13,173,150),(265,13,174,150),(266,101,174,150),(267,13,175,200),(268,13,177,200),(269,13,178,200),(270,101,178,200),(271,59,175,200),(272,14,179,200),(273,11,179,200),(274,13,176,200),(275,13,180,200),(276,13,181,200),(277,13,182,200),(278,15,182,200),(279,13,183,200),(280,101,183,200),(281,13,184,200),(282,101,184,200),(283,12,185,200),(284,15,185,200),(285,13,186,200),(287,12,187,200),(288,15,187,200),(289,13,188,200),(290,60,188,200),(291,15,188,200),(292,13,189,200),(293,12,189,200),(294,15,189,200),(295,12,190,200),(296,15,190,200),(297,13,191,200),(298,60,191,200),(299,13,194,200),(300,13,195,200),(301,13,196,200),(302,12,197,200),(303,15,197,200),(304,60,197,200),(305,13,198,200),(306,12,198,200),(307,15,199,200),(308,13,200,200),(309,13,201,200),(310,14,202,200),(311,11,202,200),(312,14,203,200),(313,11,203,200),(314,12,203,200),(315,15,203,200),(316,12,204,200),(317,125,204,200),(318,13,205,200),(319,125,205,200),(320,12,206,200),(321,125,206,200),(322,60,206,200),(323,12,207,200),(324,13,207,200),(325,125,207,200),(326,12,193,200),(327,13,193,200),(328,13,208,200),(331,13,210,200),(332,125,210,200),(333,13,211,200),(334,14,213,200),(335,11,213,200),(336,12,214,200),(337,13,215,200),(338,125,215,200),(339,60,215,200),(340,15,215,200),(341,12,216,200),(342,125,216,200),(343,14,218,200),(344,15,218,200),(345,11,218,200),(346,13,219,200),(347,125,219,200),(348,14,220,200),(349,11,220,200),(350,13,212,200),(351,125,212,200),(352,13,221,200),(353,13,223,200),(354,13,224,200),(355,13,225,200),(356,15,225,200),(357,13,227,200),(358,15,227,200),(359,13,228,200),(360,15,228,200),(361,13,216,200),(362,15,216,200),(363,13,229,200),(364,15,229,200),(365,13,230,200),(366,15,230,200),(367,12,231,200),(368,59,231,200),(369,12,232,200),(370,15,232,200),(371,13,233,200),(372,13,234,200),(373,15,234,200),(374,13,235,200),(375,15,235,200),(376,12,236,200),(377,59,236,200),(378,125,236,200),(379,13,237,200),(380,135,237,200),(381,125,237,200),(384,137,239,200),(385,14,239,200),(386,13,239,200),(387,125,239,200),(388,18,240,200),(389,13,242,200),(390,135,242,200),(391,13,243,200),(392,135,243,200),(393,137,244,200),(394,13,241,200),(395,125,241,200),(396,13,245,200),(397,135,245,200),(398,125,245,200),(399,13,246,200),(400,59,246,200),(401,137,247,200),(402,13,247,200),(403,125,247,200),(404,18,248,200),(405,59,248,200),(406,13,249,200),(407,125,249,200),(408,13,250,200),(409,125,250,200),(410,13,251,200),(411,13,252,200),(412,12,252,200),(413,13,253,200),(414,12,254,200),(415,135,254,200),(416,13,255,200),(417,13,258,200),(418,13,259,200),(419,60,259,200),(420,13,257,200),(421,14,257,200),(422,11,260,200),(423,14,260,200),(424,14,261,200),(425,59,261,200),(426,13,262,200),(427,60,262,200),(428,13,263,200),(429,12,263,200),(430,146,264,200),(431,13,265,200),(432,60,265,200),(433,13,266,200),(434,135,266,200),(435,13,267,200),(436,146,267,200),(437,135,267,200),(438,13,268,200),(439,13,269,200),(440,13,270,200),(441,13,271,175),(442,12,271,175),(443,13,272,175),(444,12,272,175),(445,13,273,175),(446,12,273,175),(447,13,274,175),(448,13,275,175),(449,13,276,175),(450,60,276,175),(451,13,277,175),(453,12,277,175),(454,13,278,175),(455,13,279,175),(456,13,280,175),(457,13,281,175),(458,135,281,175),(459,13,282,175),(460,12,282,175),(461,13,283,175),(462,12,284,175),(463,125,284,175);
/*!40000 ALTER TABLE `EmpleadoOrden` ENABLE KEYS */;
UNLOCK TABLES;

--
-- Table structure for table `EmpleadoTipo`
--

DROP TABLE IF EXISTS `EmpleadoTipo`;
/*!40101 SET @saved_cs_client     = @@character_set_client */;
/*!40101 SET character_set_client = utf8 */;
CREATE TABLE `EmpleadoTipo` (
  `id` int(11) NOT NULL AUTO_INCREMENT,
  `nombre` varchar(255) COLLATE utf8_unicode_ci NOT NULL,
  PRIMARY KEY (`id`)
) ENGINE=InnoDB AUTO_INCREMENT=3 DEFAULT CHARSET=utf8 COLLATE=utf8_unicode_ci;
/*!40101 SET character_set_client = @saved_cs_client */;

--
-- Dumping data for table `EmpleadoTipo`
--

LOCK TABLES `EmpleadoTipo` WRITE;
/*!40000 ALTER TABLE `EmpleadoTipo` DISABLE KEYS */;
INSERT INTO `EmpleadoTipo` VALUES (1,'JORNALIZADO'),(2,'ASALARIADO');
/*!40000 ALTER TABLE `EmpleadoTipo` ENABLE KEYS */;
UNLOCK TABLES;

--
-- Table structure for table `EntregasHerramientas`
--

DROP TABLE IF EXISTS `EntregasHerramientas`;
/*!40101 SET @saved_cs_client     = @@character_set_client */;
/*!40101 SET character_set_client = utf8 */;
CREATE TABLE `EntregasHerramientas` (
  `id` int(11) NOT NULL AUTO_INCREMENT,
  `empleado_id` int(11) DEFAULT NULL,
  `orden_id` int(11) DEFAULT NULL,
  `created` datetime NOT NULL,
  `updated` datetime NOT NULL,
  PRIMARY KEY (`id`),
  KEY `IDX_9E324A58952BE730` (`empleado_id`),
  KEY `IDX_9E324A589750851F` (`orden_id`),
  CONSTRAINT `FK_9E324A58952BE730` FOREIGN KEY (`empleado_id`) REFERENCES `Empleado` (`id`),
  CONSTRAINT `FK_9E324A589750851F` FOREIGN KEY (`orden_id`) REFERENCES `Orden` (`id`)
) ENGINE=InnoDB DEFAULT CHARSET=utf8 COLLATE=utf8_unicode_ci;
/*!40101 SET character_set_client = @saved_cs_client */;

--
-- Dumping data for table `EntregasHerramientas`
--

LOCK TABLES `EntregasHerramientas` WRITE;
/*!40000 ALTER TABLE `EntregasHerramientas` DISABLE KEYS */;
/*!40000 ALTER TABLE `EntregasHerramientas` ENABLE KEYS */;
UNLOCK TABLES;

--
-- Table structure for table `FacturaCompra`
--

DROP TABLE IF EXISTS `FacturaCompra`;
/*!40101 SET @saved_cs_client     = @@character_set_client */;
/*!40101 SET character_set_client = utf8 */;
CREATE TABLE `FacturaCompra` (
  `id` int(11) NOT NULL,
  `proveedor_id` int(11) DEFAULT NULL,
  `numero` int(11) NOT NULL,
  PRIMARY KEY (`id`),
  KEY `IDX_C6503F04CB305D73` (`proveedor_id`),
  CONSTRAINT `FK_C6503F04BF396750` FOREIGN KEY (`id`) REFERENCES `Comprobante` (`id`) ON DELETE CASCADE,
  CONSTRAINT `FK_C6503F04CB305D73` FOREIGN KEY (`proveedor_id`) REFERENCES `Proveedor` (`id`)
) ENGINE=InnoDB DEFAULT CHARSET=utf8 COLLATE=utf8_unicode_ci;
/*!40101 SET character_set_client = @saved_cs_client */;

--
-- Dumping data for table `FacturaCompra`
--

LOCK TABLES `FacturaCompra` WRITE;
/*!40000 ALTER TABLE `FacturaCompra` DISABLE KEYS */;
/*!40000 ALTER TABLE `FacturaCompra` ENABLE KEYS */;
UNLOCK TABLES;

--
-- Table structure for table `FacturaVenta`
--

DROP TABLE IF EXISTS `FacturaVenta`;
/*!40101 SET @saved_cs_client     = @@character_set_client */;
/*!40101 SET character_set_client = utf8 */;
CREATE TABLE `FacturaVenta` (
  `id` int(11) NOT NULL,
  `numero` int(11) NOT NULL,
  PRIMARY KEY (`id`),
  CONSTRAINT `FK_76A50468BF396750` FOREIGN KEY (`id`) REFERENCES `Comprobante` (`id`) ON DELETE CASCADE
) ENGINE=InnoDB DEFAULT CHARSET=utf8 COLLATE=utf8_unicode_ci;
/*!40101 SET character_set_client = @saved_cs_client */;

--
-- Dumping data for table `FacturaVenta`
--

LOCK TABLES `FacturaVenta` WRITE;
/*!40000 ALTER TABLE `FacturaVenta` DISABLE KEYS */;
/*!40000 ALTER TABLE `FacturaVenta` ENABLE KEYS */;
UNLOCK TABLES;

--
-- Table structure for table `Herramienta`
--

DROP TABLE IF EXISTS `Herramienta`;
/*!40101 SET @saved_cs_client     = @@character_set_client */;
/*!40101 SET character_set_client = utf8 */;
CREATE TABLE `Herramienta` (
  `id` int(11) NOT NULL AUTO_INCREMENT,
  `created` datetime NOT NULL,
  `updated` datetime NOT NULL,
  `codigo` int(11) DEFAULT NULL,
  `descripcion` varchar(255) COLLATE utf8_unicode_ci NOT NULL,
  `cantidad` int(11) NOT NULL,
  `activo` tinyint(1) DEFAULT NULL,
  `cantidadUtilizada` int(11) NOT NULL,
  PRIMARY KEY (`id`),
  UNIQUE KEY `UNIQ_323CB90220332D99` (`codigo`)
) ENGINE=InnoDB AUTO_INCREMENT=28 DEFAULT CHARSET=utf8 COLLATE=utf8_unicode_ci;
/*!40101 SET character_set_client = @saved_cs_client */;

--
-- Dumping data for table `Herramienta`
--

LOCK TABLES `Herramienta` WRITE;
/*!40000 ALTER TABLE `Herramienta` DISABLE KEYS */;
INSERT INTO `Herramienta` VALUES (4,'2014-06-17 17:04:16','2014-06-17 17:04:16',4,'Espatula tipo para enduido',1,1,0),(5,'2014-06-17 17:17:09','2014-06-17 17:17:09',5,'Tarraja con 3 elementos',1,1,0),(6,'2014-06-17 17:20:38','2014-06-17 17:20:38',6,'Tarraja tipo \"Y\" 1\", 3/4\" y 1/2\"',1,1,0),(7,'2014-06-17 17:21:14','2014-06-17 17:33:14',7,'Corta hierro',3,1,0),(8,'2014-06-17 17:21:48','2014-06-17 17:21:48',8,'Llave pico de loro',1,1,0),(9,'2014-06-17 17:22:21','2014-06-17 17:22:21',9,'Morza tipo sargento 4\"',1,1,0),(10,'2014-06-17 17:22:43','2014-06-17 17:22:43',10,'Tijera corta lata',1,1,0),(11,'2014-06-17 17:25:19','2014-06-17 17:25:19',11,'Serrucho',2,1,0),(12,'2014-06-17 17:25:48','2014-06-17 17:25:48',12,'LLave Stylson chica',1,1,0),(13,'2014-06-17 17:31:11','2014-06-17 17:58:39',13,'Tarraja 3 elementos 1\"-3/4\" 1/2\"+1 mango(para cañerias de gas)',1,1,0),(14,'2014-06-17 17:47:51','2014-06-17 17:47:51',14,'Pinza neumatica para terminales \"C\"(9 elementos)',1,1,0),(15,'2014-06-17 17:59:42','2014-06-17 17:59:42',15,'Juego de llaves tubo (18 medidas)',1,1,0),(16,'2014-06-17 18:01:19','2014-06-17 18:01:19',16,'Remachadora Pop',1,1,0),(17,'2014-06-17 18:03:36','2014-06-17 18:03:36',17,'Llave para amoladora 115mm',2,1,0),(18,'2014-06-17 18:04:06','2014-06-17 18:04:06',18,'Alargue 15mts',1,1,0),(19,'2014-06-17 18:05:30','2014-06-17 18:05:30',19,'Guante descarne(lado derecho unicamente)',3,1,0),(20,'2014-06-17 18:09:42','2014-06-17 18:09:42',20,'Pinza grimpeadora para terminales a compresion de 10 a 120mm',1,1,0),(21,'2014-06-17 18:11:47','2014-06-18 18:28:33',21,'Cinto de seguridad',1,1,0),(22,'2014-06-17 18:12:39','2014-06-17 18:12:39',22,'Fajas de seguridad para trabajos de fuerza',2,1,0),(23,'2014-06-17 18:14:30','2014-06-17 18:14:30',23,'Arnes de seguridad(completo)',1,1,0),(24,'2014-06-18 15:35:39','2014-06-18 15:35:39',24,'Rotuladora Brother P-touch 7500/7600 con cargador y cable USB',1,1,0),(25,'2014-08-01 11:07:06','2014-08-01 11:07:06',25,'Juego de 9 llaves Allen Crossmaster',1,1,0),(26,'2014-10-08 07:48:51','2014-10-08 07:48:51',26,'Pala barreno 15 cm de diametro 1,20 de alto',1,1,0),(27,'2014-10-08 07:52:45','2014-10-08 07:52:45',27,'Pala barreno 15 cm de diametro 1,20 de alto',1,1,0);
/*!40000 ALTER TABLE `Herramienta` ENABLE KEYS */;
UNLOCK TABLES;

--
-- Table structure for table `Medida`
--

DROP TABLE IF EXISTS `Medida`;
/*!40101 SET @saved_cs_client     = @@character_set_client */;
/*!40101 SET character_set_client = utf8 */;
CREATE TABLE `Medida` (
  `id` int(11) NOT NULL AUTO_INCREMENT,
  `nombre` varchar(255) COLLATE utf8_unicode_ci NOT NULL,
  PRIMARY KEY (`id`)
) ENGINE=InnoDB AUTO_INCREMENT=5 DEFAULT CHARSET=utf8 COLLATE=utf8_unicode_ci;
/*!40101 SET character_set_client = @saved_cs_client */;

--
-- Dumping data for table `Medida`
--

LOCK TABLES `Medida` WRITE;
/*!40000 ALTER TABLE `Medida` DISABLE KEYS */;
INSERT INTO `Medida` VALUES (1,'Unidades'),(2,'Metros'),(3,'Kilos'),(4,'Metro²');
/*!40000 ALTER TABLE `Medida` ENABLE KEYS */;
UNLOCK TABLES;

--
-- Table structure for table `Menu`
--

DROP TABLE IF EXISTS `Menu`;
/*!40101 SET @saved_cs_client     = @@character_set_client */;
/*!40101 SET character_set_client = utf8 */;
CREATE TABLE `Menu` (
  `id` int(11) NOT NULL AUTO_INCREMENT,
  `titulo` varchar(255) COLLATE utf8_unicode_ci NOT NULL,
  `url` varchar(255) COLLATE utf8_unicode_ci NOT NULL,
  `activo` tinyint(1) NOT NULL,
  `orden` int(11) NOT NULL,
  PRIMARY KEY (`id`)
) ENGINE=InnoDB AUTO_INCREMENT=26 DEFAULT CHARSET=utf8 COLLATE=utf8_unicode_ci;
/*!40101 SET character_set_client = @saved_cs_client */;

--
-- Dumping data for table `Menu`
--

LOCK TABLES `Menu` WRITE;
/*!40000 ALTER TABLE `Menu` DISABLE KEYS */;
INSERT INTO `Menu` VALUES (1,'Configuracion','superadmin_configuracion',1,1),(2,'Menu','superadmin_menu',1,2),(3,'Roles','role',1,3),(4,'Usuarios','user',1,4),(5,'Clientes','admin_cliente',1,5),(6,'Empleados','admin_empleado',1,6),(7,'Rubros','admin_rubro',1,9),(8,'Articulos','admin_articulo',1,10),(9,'Cargo de Empleado','admin_empleadocargo',1,7),(10,'Tipo de Empleado','admin_empleadotipo',1,8),(11,'Medidas para Articulos','admin_medida',1,12),(12,'Orden de Trabajo','admin_orden',1,15),(16,'Tipos de Articulos','admin_articulotipo',1,11),(17,'Herramientas','admin_herramienta',1,13),(18,'Entregas de Herramientas','admin_entregasherramientas',1,14),(19,'Reportes','admin_reporte',1,17),(22,'Condicion de Cliente','admin_clientecondicion',1,5),(23,'Presupuestos','admin_presupuesto',1,21),(24,'Tareas','tarea',1,19),(25,'Proveedores','admin_proveedor',1,8);
/*!40000 ALTER TABLE `Menu` ENABLE KEYS */;
UNLOCK TABLES;

--
-- Table structure for table `Orden`
--

DROP TABLE IF EXISTS `Orden`;
/*!40101 SET @saved_cs_client     = @@character_set_client */;
/*!40101 SET character_set_client = utf8 */;
CREATE TABLE `Orden` (
  `id` int(11) NOT NULL AUTO_INCREMENT,
  `cliente_id` int(11) DEFAULT NULL,
  `domicilio_id` int(11) DEFAULT NULL,
  `created` datetime NOT NULL,
  `updated` datetime NOT NULL,
  `fecha` date NOT NULL,
  `trabajosRealizados` longtext COLLATE utf8_unicode_ci,
  `numero` int(11) NOT NULL,
  `cerrada` tinyint(1) NOT NULL,
  `observaciones` longtext COLLATE utf8_unicode_ci,
  `montoArticulos` double NOT NULL,
  `montoEmpleado` double NOT NULL,
  `montoVarios` double NOT NULL,
  `montoOrden` double NOT NULL,
  `descuentoOrden` double DEFAULT NULL,
  `reservaMateriales` tinyint(1) NOT NULL,
  PRIMARY KEY (`id`),
  UNIQUE KEY `UNIQ_20E9E0D3F55AE19E` (`numero`),
  KEY `IDX_20E9E0D3DE734E51` (`cliente_id`),
  KEY `IDX_20E9E0D3166FC4DD` (`domicilio_id`),
  CONSTRAINT `FK_20E9E0D3166FC4DD` FOREIGN KEY (`domicilio_id`) REFERENCES `Domicilio` (`id`),
  CONSTRAINT `FK_20E9E0D3DE734E51` FOREIGN KEY (`cliente_id`) REFERENCES `Cliente` (`id`)
) ENGINE=InnoDB AUTO_INCREMENT=285 DEFAULT CHARSET=utf8 COLLATE=utf8_unicode_ci;
/*!40101 SET character_set_client = @saved_cs_client */;

--
-- Dumping data for table `Orden`
--

LOCK TABLES `Orden` WRITE;
/*!40000 ALTER TABLE `Orden` DISABLE KEYS */;
INSERT INTO `Orden` VALUES (1,48,31,'2014-06-17 10:53:53','2014-07-02 10:35:57','2014-07-02','Verificación de artefacto en atención al publico-Control de funcionamiento iluminación en atención al publico.',1268,1,NULL,0,41.265,0,41.265,0,0),(2,49,32,'2014-06-17 11:00:47','2014-07-02 10:35:42','2014-07-02','Verificación de cañeria en azotea y desconexion de lampara en living 2º piso.',1269,1,NULL,0,13.755,0,13.755,0,0),(3,32,15,'2014-06-17 11:04:59','2014-07-02 10:35:26','2014-07-02','Corte de cielorrazo para descubrir caja de inspección tv en Dpto 6ºC.',1270,1,NULL,0,13.755,0,13.755,0,0),(4,6,4,'2014-06-18 08:51:23','2014-09-24 16:03:52','2014-09-24','OBRA FORMOSA',1275,0,NULL,192.49,0,0,192.49,0,0),(7,36,19,'2014-06-19 17:59:21','2014-07-02 10:34:57','2014-07-02','Colocación de pipeta de bajada y seccionador ACR,en pilar de bajada ubicado en la casilla del guardia.',1277,1,NULL,0,27.51,0,27.51,0,0),(8,46,29,'2014-06-23 10:06:39','2014-07-02 10:34:19','2014-07-02','Verificación  de falla en termica corte general,se encontró que la misma se encontraba dañada por lo tanto se la reemplazó.',1274,1,NULL,0,13.755,0,13.755,0,0),(9,57,42,'2014-06-23 17:58:27','2014-07-01 17:02:16','2014-07-01','24/06/2014.*Relevamiento de trabajos.25/06/2014*Reemplazo de llaves en sector dormitorios,patio interno y alacena.*Cambio de portalampara en campana extractor de cocina.*Cambio de  lampara en dormitorio.*Verificación de artefacto en cochera.',1282,0,NULL,156.46,110.04,0,266.5,0,0),(10,43,26,'2014-06-24 15:30:49','2014-07-02 10:31:00','2014-07-02','Reconexión de bajada en casa chica.',1279,1,NULL,0,41.265,0,41.265,0,0),(11,51,35,'2014-06-24 16:09:46','2014-07-29 17:49:19','2014-07-29','Obra Todo Moda.',1222,0,NULL,32600.9,0,0,32600.9,0,0),(12,52,36,'2014-06-25 08:18:19','2014-07-02 10:30:15','2014-07-02','Cambio de fotocontrol que comandan las farolas ubicadas en   el acceso a la casa.*Colocación de caja exterior en habitacion principal.*Cambio de ficha macho en caloventor.',1276,1,NULL,30.36,41.265,0,71.625,0,0),(13,53,37,'2014-06-25 11:03:01','2014-07-02 10:29:53','2014-07-02','*16/06/2014 Verificación de instalacion electrica por cortocircuito.*19/06/2014 Se realizó relevamiento para remplazo de cables en pared medianera.*22/06/2014 Cambio de cables en muro perimetral(se encontraron los mismos muy consumidos  por las hormigas y tambien cajas oxidadas.*Se reinstalaaron 3 artefactos tipo tortuga.*Cambio de llaves estanco en el fondo,centro y junto al tablero del jacuzzi. *En todas las bocas que se intervinieron se coloco Gamexan y se selló con silicona.*Se desinstaló y amuró nuevo tablero en sector jacuzzi.',1272,1,NULL,1072.08,247.59,0,1319.67,0,0),(14,54,38,'2014-06-25 16:18:47','2014-07-02 10:29:17','2014-07-02','Verificación de instalación electrica en sector macetas.No se encontro falla alguna.',1281,1,NULL,12.72,13.755,0,26.475,0,0),(15,55,39,'2014-06-26 08:14:17','2014-07-02 10:27:56','2014-07-02','*Relevamiento de luces  en oficinas de plantas alta y baja.*Reparación de luces en 3 artefactos.*Cambio de caja rectangular pvc en parrilla.',1280,1,NULL,289.52,76.05,0,365.57,0,0),(16,55,40,'2014-06-27 09:35:58','2014-07-02 10:27:30','2014-07-02','13/06/2014*Colocación de 2 artefactos tipo tortuga en quincho.*Cambio de lamparas en cocina y baño.*Verifación en ventilador de techo ubicado en el quincho.*Prueba de automatico de tanque.*Cambio fotocontrol en fachada.-25/06/2014.*Instalación de llave conmutadora para el comando de automatico de tanque.*Verificación de llave en parrilla por falso contacto.*Mejoramiento de tablero principal.*Cambio de lampara dicro en artefacto de acceso.',1267,1,NULL,170.91,192.57,0,363.48,0,0),(17,58,43,'2014-06-27 11:16:22','2014-07-02 10:27:06','2014-07-02','*Cambio de fusible en llave general trifasica.*Se verificó funcionamiento de maquinas,una de ellas presenta falla.El encargado mandara a reparar   la misma.',1283,1,NULL,0,27.51,0,27.51,0,0),(18,56,41,'2014-06-27 16:41:40','2014-07-02 10:24:04','2014-07-02','25/06/2014*Instalación de sensor de movimiento en puerta deposito.*Instalación de proyector con sensor de movimiento en acceso quincho.*Cableado para sensor de movimiento.*Instalación de 1 artefacto AºPº en poste de baldío.',1265,1,NULL,496.88,210.495,0,707.375,0,0),(19,36,19,'2014-06-30 09:55:30','2014-07-02 10:20:53','2014-07-02','26/06/2014*Sellamiento de artefactos y prueba de los mismos en deposito N3R.27/06/2014*Colocación de artefactos bajo piso para iluminación de fachada.',1288,1,NULL,7422.92,206.325,0,7629.245,0,0),(20,61,44,'2014-06-30 10:53:35','2014-07-02 10:20:06','2014-07-02','Verificación de temporizador de pasillo,se encontró modulo pulsador dañado en 3ºpiso.',1289,1,NULL,10.82,13.755,0,24.575,0,0),(21,57,42,'2014-07-01 17:12:17','2014-07-01 17:13:30','2014-07-01','Se reparó en deposito N3R artefacto fluorescente 1x20W.',1294,1,NULL,99.39,11.64,0,111.03,0,0),(22,34,17,'2014-07-02 10:47:34','2014-07-02 11:00:02','2014-07-02','*Reemplazo de cable que alimenta tablero de trabajo de obra en costrucción.*Se anuló el cable unipolar que estaba puesto por pared que daba a la vereda.',1296,1,NULL,110.52,41.265,0,151.785,0,0),(23,62,45,'2014-07-02 11:16:52','2014-07-02 11:16:52','2014-06-30','30/06/2014*Verificación de tablero seccional y de corte general por falta de 1 fase; el problema se generó porque a la termica de corte general ubicada en el pilar no le funciona un polo de contacto.01/07/2014*Cambio de termica corte general en pilar.',1292,1,NULL,0,27.51,0,27.51,0,0),(24,32,15,'2014-07-02 19:01:19','2014-07-03 08:19:43','2014-07-03','Seguimiento de corto circuito en dpto 1ºA;el corto se produjo por una falla en un modulo toma de 10A conexionado en sector cocina,el mismo fue reemplazado y quedo normalizado. Para buscar la falla se destaparon llaves tomas y llaves puntos en sector lavadero y cocina.',1293,1,NULL,9.19,110.04,0,119.23,0,0),(25,64,47,'2014-07-07 09:01:50','2014-07-07 09:01:50','2014-06-20','*Cañerias para luz y tomas en cochera,baño y consultorio.*Colocación de 2 artefactos fluorescentes y uno tipo tortuga.',1290,0,NULL,1832.92,583.05,0,2415.97,0,0),(26,54,38,'2014-07-07 10:01:52','2014-07-11 16:56:38','2014-07-11','*Relevamiento de trabajos.*Colocación de 4 tomas en tablero ubicado en sector de bajada principal.*Verificación de cartel de servicio.*Cambio de tubo,arrancador,zocalos y balasto en cartel de servicio.*Canalización exterior y cableado para alimentar cartel ubicado en el acceso a salón de ventas;el mismo quedo conexionado a la linea de tubos fluorescentes.',1287,1,NULL,597.22,178.815,0,776.035,0,0),(27,55,40,'2014-07-07 11:31:51','2014-07-07 15:28:37','2014-07-07','*Verificación de falla en bomba de agua.*Se desinstaló la bomba para su verificación.*Colocación de nueva bomba y conexionado electrico y de agua.',1298,1,NULL,0,126.975,0,126.975,0,0),(28,67,51,'2014-07-10 08:57:45','2014-07-10 08:58:43','2014-07-10','*Problema en tablero por cables recalentados.*Se cambió termica y normalizó puentes derretidos.',1295,1,NULL,0,13.755,0,13.755,0,0),(29,29,12,'2014-07-10 09:18:24','2014-07-10 11:11:14','2014-07-10','02-07-2014*Verificación de tableros A.P,se encontró que los 2 contactores de potencia tanto como los 2 fotocontroles que activan los contactores quedaron sin funcionar.Posiblemente el bajon de tension que hubo el domingo 29-06-2014 haya sido el causante del problema.*03-07-2014*Cambió de contactores y fotocontrol en tableros A.P   A y B.',1297,0,NULL,0,131.205,0,131.205,0,0),(30,71,54,'2014-07-10 09:36:01','2014-07-10 09:36:14','2014-07-10','*Cortocircuito en dormitorio por portalampara en corto.',1304,1,'No se encontraba nadie para firmar la O.T',0,25.35,0,25.35,0,0),(31,66,50,'2014-07-10 09:43:15','2014-07-10 09:43:15','2014-06-26','Verificación de bomba sumergible.',1286,1,NULL,0,52.86,0,52.86,0,0),(32,68,52,'2014-07-10 09:50:44','2014-07-10 09:50:44','2014-07-07','*Verificación de artefacto en fachada,se encontro lampara mal ajustada.*Verficación de artefacto en quincho,se encontró la tecla de encendido estaba apagada.',1299,1,NULL,0,13.755,0,13.755,0,0),(33,70,53,'2014-07-10 10:00:15','2014-07-10 10:00:15','2014-06-24','24-06-2014*Relevamiento de trabajos.28-06-2014*Verificación de linea en carteleria.Se encontró que la linea de totem Citroen.*Relevamiento de artefactos en doble altura.',1278,0,NULL,0,154.485,0,154.485,0,0),(34,35,18,'2014-07-10 18:52:16','2014-07-11 10:51:02','2014-07-11','26-06-2014*Relevamiento de iluminación en salón de ventas y oficina 1º piso. 04-07-2014*Reparación de 3 artefactos fluorescentes embutidos en salón de ventas.*Reparación de 1 artefacto 1x36 en sector oficina 1º piso.*Colocación y cableado de caja rectangular en cocina para uso de horno eléctrico.*Cambio de llave toma doble en puesto puesto trabajo de recepción.',1284,0,NULL,834.1,26.43,0,860.53,0,0),(35,35,18,'2014-07-11 12:05:45','2014-07-11 15:44:54','2014-07-11','(DEPOSITO RUTA 16) 26-06-2014 *Relevamiento para modificación e instalación de gabinete para traslado de ruters y alarma.04-06-2014 *Se amuró gabinete para traslado de ruter y  alimentación 220V para antena Wifi.*Colocación de 2 jabalinas para tablero de trabajo en calle y tablero de comando de iluminación galpón.*Se reemplazó sección de cable de puesta a tierra en tablero principal.*Desconexión de tomas y extracción de cajas en deposito.*Traslado de cable antena Wifi.',1285,0,NULL,732.3,467.64,0,1199.94,0,0),(36,36,19,'2014-07-11 17:07:37','2014-07-11 17:07:52','2014-07-11','16-06-2014*Conexión provisoria para prueba de compresor. 17-06-2014*Conexionado de compresor en Blox,este equipo quedó a prueba hasta comprobar su rendimiento. 30-06-2014*verificación por falla en planta hormigonera.*Se encontró falla en relé de plaqueta de antena de control remoto.*Cambio de salida en plaqueta antena de control remoto; la falla fue solucionada.',1271,1,NULL,0,316.365,0,316.365,0,0),(37,30,13,'2014-07-11 17:12:19','2014-07-11 17:12:19','2014-07-11','(TORRE TERRA)*Verificación por falla en tablero de lavadero.Se encontro que una secadora produce la falla.Se mostro cual es el problema al Sr Dario Kalin.',1306,1,NULL,0,27.51,0,27.51,0,0),(38,27,10,'2014-07-14 09:17:20','2014-07-14 09:36:08','2014-07-14','03-06-2014 *Relevamiento para alimentación de caloventores. 12-06-2014 *Colocación de toma para caloventores en oficina Sr. Lucas.*Colocación de tomas para caloventor en mostrador.*Colocación de llave toma doble en oficina gerencia 1º piso.',1248,0,NULL,637.35,249.72,0,887.07,0,0),(39,27,10,'2014-07-14 09:55:06','2014-07-14 09:56:30','2014-07-14','*Instalación de caja preparada con llaves toma doble,identificadas entre tomas estabilizados y normalizados.* Reubicación de CPU, UPS e impresoras lo cual demandó la colocación de tomas debajo de escritorio secretaria.Se realizaron cortes en el mismo. *Debido al reordenamiento se emprolijaron cables de red y se fijaron 4 ruters sobre pared de durlock. * Se trasladó cable de red desde un puesto de trabajo a otro para que quede prolijo el cable. *Reparación de estabilizador(se soldó cables cortados y se cambió fusible.*Cambio de llave toma simple 10A en sector cocina. *Colocación de caloventor en oficina Mariano Asunari. *No se realizó tarea de colocación de colocación pisocanal y multiscopio.',1301,0,NULL,0,0,0,0,0,0),(40,31,34,'2014-07-14 16:56:52','2014-07-15 08:17:28','2014-07-15','*Colocación de 9 spot para dicro en cocina y desayunador,colocación de 5 llaves en desayunador.',1313,1,NULL,27.4,123.795,0,151.195,0,0),(41,68,52,'2014-07-14 17:38:44','2014-07-14 17:44:31','2014-07-14','(QUINCHO)*Relevamiento para cambio de artefacto reflector con sensor de movimiento.*Cambio de artefacto tipo proyector para cuarzo 500W con sensor de movimiento.',1305,1,NULL,893.65,39.15,0,932.8,0,0),(42,32,15,'2014-07-14 17:58:24','2014-07-14 18:05:37','2014-07-14','(GUEMES 966)08-07-2014 *Relevamiento y reparación de 2 lamparas dicro.12-07-2014 *Cambio de trafo en 12v en comedor.*Cambio de trafo 12v en alero doble altura.*Cambio de 1 lampara en palier planta alta.*Cambio de 1 artefacto que se encontraba junto al grupo electrogeno.',1300,1,NULL,112.68,89.94,0,202.62,0,0),(43,72,55,'2014-07-14 19:00:15','2014-07-15 08:14:46','2014-07-15','*Seguimiento de cableado de tortugas y farolas exteriores, para realizar el seguimiento se desconectaron 3 tortugas y 2 farolas, este circuito fue modificado para poder comandar a través de un fotocontrol: *Se cambió todos los chicotes de conexión de los artefactos mencionados.*El circuito de bomba de pileta más el de iluminación quedaron conexionado al circuito de planta alta. Luego de conexionar el fotocontrol quedo todo normalizado* En el sector quincho se agregó un retorno para separar los 2 apliques colocados en sector parrilla,para esto se desconecto y se reinstaló los 2 apliques y se agregó 1 modulo punto en llave ubicada sobre mesada de parrilla. *Normalización de cables subterráneos ubicado en cámara de inspección, se realizó un tramo de 2 metros de cañerías para reemplazar el cable dañado del timbre. *Verificación de artefactos que iluminan el jardin. *Cambio de 1 llave toma simple y 1 modulo toma de otra llave, más el reemplazo de una ficha macho en patio interno de la casa, sector lavadero y se reemplazó el artefacto tipo globo ubicado en pared de parrilla del patio interno. *Cambio de tablero general de la casa se reemplazó un gabinete de pvc por un gabinete metálico exterior, para realizar el cambio se desconectaron todos los circuitos y se conexionó todo nuevamente.* Se reemplazó cables y empalmes dañado dentro del trabajo; sobre el tablero se colocó una caja de conexión para concentrar los empalmes.* Colocación de una caja para instalar 1 llave de 3 puntos para comandar luces exteriores en sector cocina-habitación.* Se desconectó 1 aplique más 2 dicro para realizar control de cableado interno las 2 dicro requieren un cambio de zocalos, al aplique se le reemplazó el cableado de conexión de cada portalámpara.* Cambio de 2 zócalo dicro 12V en living y cocina.',1308,0,NULL,57.8,742.77,0,800.57,0,0),(44,38,21,'2014-07-16 08:14:48','2014-07-16 08:14:48','2014-07-15','*Falla en sector confitería por tornillo que rozaba el cable de neutro.* Cambio de balastos electrónicos en 2 artefactos en sector pastelería y en palier pastelería.* Se relevaron fallas en artefactos de dicho sector.* Se realizó logística para conseguir materiales.',1309,1,NULL,0,96.285,0,96.285,0,0),(45,32,15,'2014-07-16 08:24:26','2014-07-16 08:24:26','2014-07-15','(LOS ROBLES)* Verificación de bomba sumergible que no funciona.Se sacaron restos de silicona de la turbina, lo que pudo haber ocasionado que se queme la bomba.',1316,1,NULL,0,27.51,0,27.51,0,0),(46,73,56,'2014-07-16 18:17:37','2014-07-16 18:22:33','2014-07-16','12-07-2014* Cambio de artefactos en recepción-atención al público(2 artefactos 30x30 c/ lampara B.C. 15-07-2014* Traslado de 2 artefactos fluorescentes y colocación de 2 artefactos fluorescentes en sala de monitoreo.',1307,1,NULL,113.29,228.555,0,341.845,0,0),(47,74,57,'2014-07-16 18:35:01','2014-07-16 18:37:20','2014-07-16','14-07-2014* Relevamiento para instalación de fotocontrol en poste de acceso sobre pasaje Kenedy. 15-07-2014* Colocación de fotocontrol con morzetos nuevos en artefacto AºPº en poste sobre pasaje Kenedy.',1310,1,NULL,204.58,39.15,0,243.73,0,0),(48,77,60,'2014-07-17 16:04:32','2014-07-18 08:29:52','2014-07-18','EDIFICIO MORA*Verificación de fotocontrol iluminación cochera, se producia falso contacto en casquillo y zocalo del fotocontrol .* Se observaron artefactos de emergencia que no funcionan en paliers..EDIFICIO TORCUATO por indicaciones del portero de Edificio Mora se verificó luces en cochera y luces que quedan prendidas por reloj digital fallado.',1311,0,NULL,0,76.185,0,76.185,0,0),(49,76,59,'2014-07-17 17:00:07','2014-07-17 17:00:07','2014-07-16','*Reparación de cortocircuito en toma cocina. * Instalación de 3 apliques en baño,comedor,entrepiso.',1317,0,NULL,0,41.265,0,41.265,0,0),(50,75,58,'2014-07-17 17:16:51','2014-07-17 17:33:36','2014-07-17','14-07-2014* Verificación de artefacto AºPº.* Verificación de boyero, el transformador debe ser reemplazado.* Cambio de zócalo dicro 12v en baño planta baja y escalera. *Reconexión de artefacto AºPº. 16-07-2014 *Reconexionado de boyero. * Se re acondicionaron empalmes resecos.',1312,0,NULL,23.7,177.765,0,201.465,0,0),(51,78,61,'2014-07-17 19:00:39','2014-07-17 19:00:39','2014-07-16','*Cambio de portero del departamento.',1321,0,NULL,240,13.755,0,253.755,0,0),(52,55,39,'2014-07-18 08:33:53','2014-07-18 09:08:14','2014-07-18','*Cambio de cajas y cableado.*Colocación de llaves en lavadero.',1319,0,NULL,383.73,126.75,0,510.48,0,0),(53,43,26,'2014-07-18 18:44:09','2014-07-23 10:25:08','2014-07-23','SUCURSAL CORRIENTES: SAN LORENZO Y 9 DE JULIO. *Problemas de iluminación en circuito carteleria, provocado por artefacto de embutir en alero vereda.* Relevamiento y cambio de lampara y transformador en 3 artefactos en salón de exposición.* Relevamiento y cambio de transformadores en 2 spot dicro en sala de espera. *Se revisó aire acondicionado en oficina jefe de taller,se encontró baja una térmica. *Se revisó toma junto al portón de acceso taller y se encontró baja una térmica. *Se verificó circuito de carteleria y se encontró térmica baja, el cartel permaneció encendido a modo de prueba hasta que los operarios se retiraron del lugar. *Cambio de trafo dicro  en pasillo baño. *Colocación de caja y llave en banco de trabajo junto al tablero seccional.*Cambio de 2 lamparas mercurio 400w en campana taller.',1323,1,NULL,351.74,330.135,0,681.875,0,0),(54,26,9,'2014-07-19 10:18:49','2014-10-30 10:32:18','2014-10-30',NULL,0,0,NULL,8795.85,0,0,8795.85,0,0),(55,79,62,'2014-07-19 11:50:24','2014-07-19 11:50:37','2014-07-19','*Chequeo de circuito de bomba de agua y porteria(no se encontro ni una falla) *Ajuste completo de tablero P.B(servicios generales)',1325,1,NULL,0,27.51,0,27.51,0,0),(56,31,34,'2014-07-21 08:14:45','2014-07-21 08:19:56','2014-07-21','(INMOBILIARIA)17-07-2014 *Sondeo y relevamiento para cableado con cable UTP. 19-07-2014 Se cableo cable UTP desde oficina Irene , se dejó el cable preparado para que el técnico de informática coloque la ficha.',1322,0,NULL,120,105.72,0,225.72,0,0),(57,55,39,'2014-07-21 16:48:44','2014-07-21 16:50:41','2014-07-21','ESTA ORDEN FUE CREADA PARA DAR SALIDA DEL SISTEMA A UNA CURVA DE PVC 20 MM, LA CUAL ME OLVIDE DE HACERLO EN LA ORDEN Nº:1319',1,1,NULL,3.25,0,0,3.25,0,0),(58,51,35,'2014-07-22 16:28:43','2014-07-22 16:28:43','2014-07-22','Obra lavalle',891,0,NULL,0,0,0,0,0,0),(59,32,15,'2014-07-23 07:52:44','2014-07-23 07:52:44','2014-07-22','CASA JORGE VARGAS.*Revición de toma en la cocina.',1329,1,NULL,0,12.675,0,12.675,0,0),(60,46,29,'2014-07-23 08:35:52','2014-07-23 08:37:36','2014-07-23','EDIFICIO COLON 752 *Ajuste de lampara en palier 2º piso. * Cambio de lampara en aplique de terraza-lavadero. * Reparación  de 4 equipos fluorescentes en terraza-lavadero.',1330,1,NULL,333.79,38.025,0,371.815,0,0),(61,80,63,'2014-07-23 08:52:34','2014-07-23 08:52:34','2014-07-21','* Se revisó la instalación; no se encontró falla alguna, se probo con todos los circuitos y funcionan correctamente. *El Sr. Nicolás Espindola dice que los problemas ocurren los dias de lluvia. Se progamará visita cuando ellos indiquen que volvió el problema.',1326,1,NULL,0,25.395,0,25.395,0,0),(62,81,64,'2014-07-23 09:43:48','2014-07-23 09:43:48','2014-07-21','*Se produjo falla en cable subterráneo, se encuentra cable cortado pero no se encontró el corte(se aisló la falla en ese circuito). *Se realizó verificación de los artefactos los cuales no presentan falla. *Se conectaron los artefactos a circuito secundario; de esa forma funcionará provisoriamente. *Se indicó al Sr Juan Girari la tarea de descubrir el cable enterrado por indicación del Sr.Carrera.',1327,1,'Se demoró 30 minutos porque el Sr Juan Girari se encontraba con un cliente.',0,177.765,0,177.765,0,0),(63,43,26,'2014-07-23 10:37:08','2014-07-23 11:01:01','2014-07-23','SUCURSAL CORRIENTES. * Se revisó carteleria marquesina palabra \"SERVICIO\". * Se cambiaron tubos fluorescentes, zocalos, arrancadores S-10 y balastos mecanicos. *Se corroboró que el cartel funcionara.',1328,1,'Desde las 11 hasta las 12 logistica para comprar materiales. Desde las 14:00 hasta las 15:30 se lo esperó al encargado para entregarle la llave del local.',812.77,330.135,0,1142.905,0,0),(64,79,62,'2014-07-23 16:08:22','2014-07-23 16:12:07','2014-07-23','*Chequeo de fuga provocando disparo de disyuntor. *Cambio de lampara y balasto en artefacto afecto por agua. *Sellado con silicona de 3 artefactos y 1 caja de conexion.',1333,1,NULL,145.48,126.975,0,272.455,0,0),(65,33,16,'2014-07-23 16:17:56','2014-07-23 16:23:04','2014-07-23','*Se observa transformador de impresora desarmado y se observa en la plaqueta cables quemados.',1334,1,NULL,0,13.755,0,13.755,0,0),(66,75,58,'2014-07-23 16:29:06','2014-07-23 16:29:06','2014-07-23','*Al momento de la visita se encontraban las termicas y diferencial bajos en el tablero del quincho, se levantaron las termicas y no se produjo falla. *Se verificó que el boyero esté en funcionamiento y la bomba sumergible. *Se probó iluminación en deposito y baño sector quincho.',1331,1,NULL,0,27.51,0,27.51,0,0),(67,45,28,'2014-07-24 16:37:31','2014-07-24 16:37:31','2014-07-18','*Se revisó la instalación, se ajustaron bornes en tablero principal y bulones en morcetos. *Se verificó que las tensiones sean las normales.',1324,1,NULL,0,25.395,0,25.395,0,0),(68,82,65,'2014-07-24 17:48:17','2014-07-24 17:57:59','2014-07-24','*Colocación de caja de aluminio para alimentación de portón electrico. * Cableado para alimentación de porton electrico.',1302,0,NULL,569.16,186.225,0,755.385,0,0),(69,34,17,'2014-07-26 09:31:34','2014-07-29 09:03:21','2014-07-29','*Cambio de cables en corte general de 120mm se cambió a 240mm. *Se repararon los tramos a cambiar, en el deposito N3R. * Cambio de lampara en recepción de Edificio Las Heras Torre Terra(trabajo en doble altura). * Cambio de lampara dicro en acceso Torre terra. * Cambio de trafo 12V y zocalos en aplique acceso Torre Terra.',1341,0,NULL,1768.6,213.6,0,1982.2,0,0),(70,85,67,'2014-07-28 08:02:01','2014-07-29 18:00:55','2014-07-29','Venta de materiales.',1339,0,NULL,2325.55,0,0,2325.55,0,0),(71,54,38,'2014-07-28 15:59:30','2014-07-28 16:09:22','2014-07-28','TALLER\"CHAPA YA\"(RIO DE ORO 2805) *Colocación de 2 artefactos AºPº tipo campana con lampara mezcladora conectado a linea AºPº.',1338,0,'LOS ARTEFACTOS PROPORCIONÓ EL SR JUAN PABLO  AMERI.',449.48,50.79,0,500.27,0,0),(72,87,69,'2014-07-29 09:07:34','2014-07-29 09:07:52','2014-07-29','* Zondeo de cañerias debiles.',1340,1,NULL,0,27.51,0,27.51,0,0),(73,86,68,'2014-07-29 09:36:23','2014-07-29 09:36:23','2014-07-24','(GALPÓN 24-07-2014) *Cambio completo de artefacto AºPº. * Se probó fotocontrol y quedó en funcionamiento. (TALLER 25-07-2014) *Cambio de protector en artefacto AºPº sobre portón.',1337,0,'EL ARTEFACTO REEMPLAZADO SE DEJA EN DEPOSITO N3R.',139,52.905,0,191.905,0,0),(74,27,10,'2014-07-30 08:20:44','2014-07-30 08:35:15','2014-07-30','*Relevamiento de iluminación fachada. *Reparación de artefacto fluorescente en atención al publico. *Cambio de lampara  en iluminación fachada.',1342,0,NULL,415.16,79.29,0,494.45,0,0),(75,75,58,'2014-07-31 09:18:40','2014-07-31 09:18:40','2014-07-30','*Se reviso instalación eléctrica sin encontrar falla en sector quincho. *Se probaron luces circuito bomba, circuito pileta, fotocontroles y estan en normal funcionamiento.',1343,1,NULL,0,13.755,0,13.755,0,0),(76,88,70,'2014-07-31 09:29:50','2014-07-31 09:40:33','2014-07-31','*Instalación de nuevo portero visor. *Cambio de 2 llaves de ventilador en comedor. *Cableado de lavadero que se habia intervenido por filtración de agua.* Cambio de llave toma doble detras de mesa de luz dormitorio principal.',1318,1,NULL,422.52,221.145,0,643.665,0,0),(77,65,48,'2014-07-31 18:43:35','2014-07-31 18:47:51','2014-07-31','*Colocación de 3 tapas ciegas en salón de ventas y deposito.',1344,0,NULL,0,13.755,0,13.755,0,0),(78,55,39,'2014-08-02 09:07:47','2014-08-02 09:07:47','2014-08-01','*Chequeo general por disparo de disyuntor. *Se encontró un neutro en fuga en circuito dormitorios.',1347,1,'EL DISYUNTOR NO VOLVIÓ A SALTAR, NO SE ENCONTRÓ UNA FALLA CONCRETA. QUEDO TODO ENCHUFADO A MODO DE PRUEBA',0,27.51,0,27.51,0,0),(79,89,71,'2014-08-04 08:10:58','2014-08-04 08:11:33','2014-08-04','* Se desmontaron artefactos en local, deposito, cocina y baño. En total fueron 3 artefactos( dos arañas, y un estractor). * Desmontaje de tablero en deposito. *Desmontaje accesorios del baño. *Desmontaje de artefacto afuera.',1346,1,NULL,0,181.77,0,181.77,0,0),(80,90,72,'2014-08-04 08:29:44','2014-08-04 08:29:44','2014-08-01','* Reparación de empalmes en boca iluminación donde se habria producido un cortocircuito.* Se chequeo varias bocas, observando cables recalentados y mal empalmados.(no se toco nada)',1348,1,NULL,0,50.79,0,50.79,0,0),(81,88,70,'2014-08-04 15:35:06','2014-08-04 15:35:06','2014-08-02','*Desconexion de instalación eléctrica en vestidor matrimonial. * Re ubicación de aplique pasillo.',1349,1,NULL,0,52.86,0,52.86,0,0),(82,55,39,'2014-08-04 15:50:47','2014-08-04 15:58:20','2014-08-04','*Falla en diferencial PºAº se controló la instalación y se encontró en el pasillo de las habitaciones, cables resecos en un artefacto. *Se desinstalaron 2 ventiladores de techo.(1 en parrilla, y 1 en quincho). Los ventiladores se llevaron al taller de bovinado para que se haga un presupuesto de ellos. *Se colocó un portalamparas provisoriamente en la parrilla.',1350,1,NULL,11.43,68.775,0,80.205,0,0),(83,80,63,'2014-08-04 16:17:50','2014-08-04 16:17:50','2014-07-31','*Se corrobora instalación eléctrica y no se encuentra falla, se observa artefactos con agua en el circuito que el cliente indica que falla. * Se desconectan 15 artefactos en doble altura para corroborar que sean los mismos los que producen la falla.',1345,1,NULL,0,142.845,0,142.845,0,0),(84,55,40,'2014-08-04 18:11:22','2014-08-04 18:11:22','2014-08-04','*Se desinstalo ventilador de techo en quincho para su reparación.(tenia agua en el interior del bovinado) *El ventilador se retiró completo con paletas y apliques de luz.',1351,1,NULL,0,41.265,0,41.265,0,0),(85,91,73,'2014-08-06 15:38:23','2014-08-06 15:38:23','2014-08-02','*Ajuste en tablero seccional de la casa, se emprolijaron puentes y se fijó riel din suelto. * En tablero principal se corrigió extremo de cable recalentado.',1352,1,'EL NUMERO REAL DE ESTA O.T ES 1351.',0,52.86,0,52.86,0,0),(86,46,29,'2014-08-08 09:23:25','2014-08-08 09:23:25','2014-08-04','EDIFICIO BROWN 565 * Se revisó temporizador de escalera, no se encontro falla, se probó con el Sr.Pedro Vesconi y funciona con normalidad. * Se reemplazó 2 lamparas en el palier 1º piso.',1353,1,NULL,0,13.755,0,13.755,0,0),(87,46,29,'2014-08-08 09:26:58','2014-08-08 09:27:13','2014-08-08','EDFICIO BROWN 565 *Se verificó funcionamiento de temporizador escalera. * Se encontraron 2 pulsadores presionados por el mal ajuste de tornillos en bastidor. *Se corroboro nuevamente el funcionamiento con el Sr.Sergio Vesconi.',1354,1,NULL,0,13.755,0,13.755,0,0),(88,61,44,'2014-08-08 10:19:00','2014-08-08 10:21:06','2014-08-08','*Relevamiento de luces en acceso cochera. * Prueba funcionamiento de fotocontrol cochera , no se activa el mismo. * Limpieza de artefactos centrales paliers 1º,2º y 3º piso. * Se colocó spot dicro en acceso 2º puerta de acceso, se encontraba caido.* Colocación de rejilla en artefacto de rampa descapacitados cochera.',1355,1,NULL,369.19,96.285,0,465.475,0,0),(89,70,53,'2014-08-11 08:17:06','2014-08-11 08:25:08','2014-08-11','* Cambio de equipo auxiliar y lampara en 3 artefactos en doble altura en salon de ventas. *Reparación de empalmes al circuito de totem este fue probado y mostrado que quedo funcionando al Sr.Carlos Bondar . *Modificación de horario en interruptor horario que comanda el contactor que alimenta al circuito del totem.(Los materiales extraidos se les entrego al Sr.Carlos Bondar.',1361,1,'LA O.T NO FUE FIRMADA PORQUE NO SE ENCONTRABA EL SR BARBOSA.',2394.93,68.775,0,2463.705,0,0),(90,77,60,'2014-08-11 08:39:44','2014-08-11 08:39:44','2014-07-31','*Se reconectó circuito de emergencia antes desconectado. *Prueba de funcionamiento sistema temporizador de escalera.',1336,1,NULL,0,110.04,0,110.04,0,0),(91,36,19,'2014-08-11 08:46:53','2014-08-11 08:46:53','2014-08-06','LOS FRENTONES *Cambio de baliza en antena de transmisión , colocación de fusibleras para protección de balizas. * Cambio de transformador en carteleria YPF. * Se realizó zanjeo, cableado y colocación de tablero de comando para bomba para sistema de riego.',1359,1,NULL,0,660.27,0,660.27,0,0),(92,36,19,'2014-08-11 09:00:00','2014-08-11 09:00:00','2014-07-21','LOGÍSTICA 21/07/2014*Verificación funcionamiento iluminación cartel YPF, se corroboró que no se encuentra UPS que comanda el cartel. *Instalación de tablero y presostato para arenadora. 23/07/2014*Prueba de funcionamiento en arenadora. 29/07/2014* Prueba de funcionamiento en arenadora.',1332,1,NULL,0,276.075,0,276.075,0,0),(93,39,22,'2014-08-11 15:35:50','2014-08-12 15:23:37','2014-08-12','OBRA SORIENTE: *Seguimiento de circuito que alimentan A.A planta alta, se encontró que el tablero ubicado en la escalera tiene una linea monofásica y térmicas unipolares que cortan los circuitos de toda la casa. * Canalización embutida en balcones .* Desconexión de caja de conexión en balcón que da a la calle Julio A Roca. *Cableado y colocación de llave toma en balcón mas una llave de 1 punto para encender luz de balcón. *Desconexión de circuitos que estaban conexionados con cable TPR, esos cables fueron reemplazados por cables unipolares que van dentro de cañerias. *Arreglo de tablero general, se reemplazo cableado interno que alimentan las termicas de cada circuito, y se reparó un retazo de cable neutro por estar en malas condiciones.*Colocación de tapas bastidor.*Colocación de termica para A.A balcón. *Canalización y colocación de una caja para toma A.A balcón por modificación de equipo hubo que dejar la alimentación adentro de el A.A.',1314,0,NULL,806.44,629.61,0,1436.05,0,0),(94,67,51,'2014-08-12 08:13:13','2014-08-12 08:15:46','2014-08-12','*Colocación de bastidor en llave A.A habitación hijos.',1362,0,NULL,14.1,13.755,0,27.855,0,0),(95,29,12,'2014-08-12 08:21:27','2014-08-12 08:21:27','2014-08-08','*Verificación de linea Aº.Pº, no se encontró falla en las lineas. *Se verificaron los fotocontroles y funcionan normalmente.',1363,1,NULL,0,76.185,0,76.185,0,0),(96,83,66,'2014-08-12 15:42:19','2014-08-12 15:42:19','2014-08-12','EDIFICIO DON RUBIO * Se reviso el sistema de automatico de tanque del sistema viejo 1º edificio y se encontro que falla el automatico. *Cambio de automatico de tanque en sistema viejo 1º edificio.',1365,0,NULL,127.94,0,0,127.94,0,0),(97,93,75,'2014-08-13 16:25:17','2014-08-13 16:33:23','2014-08-13','*Se revisó termotanque y se encontro que el mismo se encontraba pinchado.',1364,1,NULL,0,25.395,0,25.395,0,0),(98,92,74,'2014-08-13 16:31:48','2014-08-13 16:32:32','2014-08-13','*Se reviso termotanque y se encontró el boton de resistencia activado. * Se normalizo y quedo en funcionamiento',1366,1,NULL,0,13.755,0,13.755,0,0),(99,26,9,'2014-08-13 16:59:34','2015-01-09 18:39:57','2015-01-09',NULL,2,0,NULL,18808.03,0,0,18808.03,0,0),(101,51,35,'2014-08-14 09:59:24','2014-08-27 15:50:35','2014-08-27',NULL,1223,0,NULL,10548.94,0,0,10548.94,0,0),(102,54,38,'2014-08-14 11:00:51','2014-08-15 09:02:58','2014-08-15','14/07/2014*Relevamiento para instalación de artefacto iluminación en sector repuestos.* Ajuste de lamparas en oficina atención post venta. 17/07/2014 * Se desconectó cañeria de vestuarios por modificación. * Cañeria para tomas y luces en nueva oficina sector vestuario. *Reemplazo de 2 artefactos fluorescentes dobles. * Colocación de 4 artefactos TOP1 con portalampara rosca edison. * Colocación de tapas ciegas.',1320,0,NULL,8.66,587.79,0,596.45,0,0),(103,32,15,'2014-08-15 09:49:36','2014-09-24 09:38:21','2014-09-24','(QUINCHO) * Canalización embutida para tomas, llaves de luces y ventiladores, cañería aérea por cielorraso para circuito de luces ,.A.A y ventiladores.',1367,0,NULL,559.88,1172.385,0,1732.265,0,0),(104,64,47,'2014-08-15 11:24:54','2014-09-05 12:00:25','2014-09-05','*Verificación de corto circuito en dpto nº:2, se anulo los cortes seccionales ubicados dentro del mismo, por sufrir quemaduras a causa del corto. *Se conexionó provisoriamente directo a la linea que viene del tablero general, esta linea cuenta con una termica de corte de 2x40A. *Se reparó unos empalmes deteriorados.28/08/2014 * Colocación de cajas y llaves.29/08/2014 * Armado de cañeria y cableado.02/09/2014 *Cableado y armado de llaves tomas y luces.03/08/2014 * Terminaciones, cableado de alimentación desde el medidor hacia el tablero.',1368,0,NULL,3220.44,4405.02,0,7625.46,0,0),(105,46,29,'2014-08-15 11:29:47','2014-08-15 11:29:47','2014-08-14','(ESCUELA) * Seguimiento de circuito de ventiladores en aula. * Se verificó el circuito y encontró que dos ventiladores estaban en cortocircuito, los mismos fueron reemplazados quedando normalizado y funcionando.',1369,1,NULL,0,64.545,0,64.545,0,0),(106,88,70,'2014-08-15 15:39:22','2014-09-24 10:47:33','2014-09-24','*Seguimiento de cañeria de alarma para vincular planta alta con planta baja.',1370,0,NULL,718.49,55.02,0,773.51,0,0),(107,31,34,'2014-08-15 15:46:38','2014-08-20 16:36:05','2014-08-20','*Verificación de circuito en planta alta para alimentar A.A que están por colocar, se comprobó que el circuito existente en caja octogonal se puede utilizar para el A.A. 20-08-2014 *Colocación de caja y llave para A.A en oficina planta alta.',1371,1,'ESTA ORDEN NO FUE FIRMADA PORQUE HAY QUE LLAMAR A FELIPE PARA PREGUNTAR SI HAY QUE COLOCAR UN TOMA UNA VEZ INSTALADO EL AIRE.',44.65,41.265,0,85.915,0,0),(108,51,35,'2014-08-15 15:54:09','2014-08-21 18:46:03','2014-08-21','OBRA LAVALLE * Colocación de tomas en bastidor de 6 bocas por caja 10x10 en oficina . * Verificación de artefacto 60x60, se encontró que el balasto electrónico no funciona. 20/08/2014 *Cambio de balasto electronico 2x36W en sala de espera.',1372,0,NULL,55.34,41.265,0,96.605,0,0),(109,94,76,'2014-08-15 15:55:36','2014-09-24 11:12:32','2014-09-24','OBRA',1374,0,NULL,1191.82,0,0,1191.82,0,0),(110,95,77,'2014-08-20 10:36:47','2014-08-20 10:38:47','2014-08-15','*Alimentación para televisor en sala espera. *Colocación de soporte para LCD.',1375,0,NULL,149.38,179.88,0,329.26,0,0),(111,71,54,'2014-08-20 11:01:12','2014-08-20 15:08:13','2014-08-20','07-08-2014*Relevamiento de artefactos varios en domicilio. 11-08-2014 * Reparación de artefacto fluorescente 36W en acceso cochera. * Colocación de arrancadores en artefactos fluorescentes cochera. *Cambio de lampara cuarzo 100W en vidriera. * Se desinstaló ventilador en comedor. * Colocación de artefacto Comfort con lampara(ESTE ARTEFACTO QUEDA COLOCADO Y A RESPONSABILIDAD DEL CLIENTE HASTA EL DIA 15/08/2014 PARA SU APROBACIÓN) 19-08-2014 *Colocación de 1 artefacto Comfort en comedor',1356,0,NULL,126.11,123.795,0,249.905,0,0),(112,96,79,'2014-08-21 17:16:32','2014-08-21 17:16:32','2014-08-20','* Cambio de temporizador escalera. El problema por el cual se cambio el mismo es que la luz no permanecia encendida.',1377,0,NULL,211.2,20.6325,0,231.8325,0,0),(113,28,11,'2014-08-21 18:10:12','2014-08-21 18:13:13','2014-08-21','*Cambio de fusible NH en corte general cochera.',1380,0,NULL,87.28,7.7945,0,95.0745,0,0),(114,97,80,'2014-08-22 15:25:05','2014-08-22 15:25:05','2014-08-22','20-08-2014 * Relevamiento de lamparas en acceso casa y baño planta alta. 22-08-2014 * Colocación de artefacto AºPº con fotocontrol. *Cambio de lampara bajo consumo en  baño planta alta. * Cambio de lampara dicro en artefacto acceso casa.',1378,0,NULL,289.09,93.045,0,382.135,0,0),(115,30,13,'2014-08-22 15:35:44','2014-08-22 15:36:06','2014-08-22','* Cambio de lamparas AR-111 en recepción(doble altura). *Los artefactos intervenidos son 2A Y 3A.',1381,0,NULL,255.64,13.755,0,269.395,0,0),(116,99,82,'2014-08-26 16:19:12','2014-08-26 16:32:29','2014-08-26','*Relevamiento para traslado de toma corrientes de A.A. *Colocación de caja y cablecanal para alimentación de aire acondicionado.',1360,1,NULL,196.06,0,0,196.06,0,0),(117,100,83,'2014-08-26 17:52:14','2014-08-27 18:23:58','2014-08-27','TRINOR 24-07-2014 * Relevamiento y verificación de iluminación. 29-07-2014 *Cambio de lampara a equipo auxiliar mercurio 150W en alero taller. *Cambio de contactor en tablero iluminación en oficina Rotanort. * Se colocó cañería y cableado p/instalación de proyector cuarzo con sensor de movimiento en deposito Rotanort. * Se anularon 2 artefactos de pared en fachada Rotanort. * Relevamiento de carteleria marquesina y totem.',1303,0,NULL,1213.52,0,0,1213.52,0,0),(118,71,54,'2014-08-27 18:45:14','2014-08-27 18:53:38','2014-08-27','* Se revisó fluorescente en taller costura. * Se reemplazó lampara  en ventilador en taller de costura.',1383,1,NULL,79.94,0,0,79.94,0,0),(119,28,11,'2014-08-27 18:58:29','2014-08-27 18:59:22','2014-08-27','*Cambio de llave en escalera y verificación de linea temporizador.',1387,1,NULL,33.44,0,0,33.44,0,0),(120,97,80,'2014-08-29 08:28:57','2014-08-29 08:28:57','2014-08-27','* Desinstalación  de artefacto AºPº el artefacto completo con fotocontrol se le entregó a la Sra Mabel.',1384,1,NULL,0,0,0,0,0,0),(121,97,80,'2014-08-29 08:33:24','2014-09-01 16:57:53','2014-09-01','* Instalación de artefacto AºPº en acceso portón.',1388,0,NULL,123.34,0,0,123.34,0,0),(122,55,39,'2014-09-01 08:44:30','2014-09-01 17:00:48','2014-09-01','19-08-2014 *Colocación de ventilador en parrilla con aplique iluminación. 27-08-2014 * Colocación de ventilador en quincho con aplique iluminación. 30-08-2014 * Colocación de ventilador en casa Colonia Benitez en el quincho. *Se realizaron bovinados y cambio de rulemanes y capacitor  a los 3 ventiladores.',1376,0,NULL,0,0,0,0,0,0),(123,38,21,'2014-09-01 11:54:57','2014-09-01 17:01:04','2014-09-01','* Relevamiento para alimentación de nuevo A.A en sector pastelería. * Relevamiento reparación de luces en cocina y pastelería. *  Logística para compra de materiales para instalación de alimentación  A.A y luces en cocina. * Cableado y conexión de llave en tablero seccional A.A. * Reparación de 3 artefactos tipo Halley en cocina.* Se demoró en la reparación de uno de ellos porque se tuvieron que hacer los cambios con el equipo colocado.',1386,0,NULL,0,0,0,0,0,0),(124,29,12,'2014-09-02 17:42:34','2014-09-02 17:42:34','2014-09-01','*Cambio de fotocontrol en linea(A) AºPº. *Se probó el fotocontrol y funcionó normalmente, el que se reemplazó se lo entregó al guardia.',1392,0,NULL,123.34,75,0,198.34,0,0),(125,34,17,'2014-09-04 10:54:36','2014-09-04 10:55:27','2014-09-04','ESTACIONAMIENTO CECUPO *Reconexión de alimentación en pilar. Cambio de termicas en tablero de mando en casilla de guardia.',1394,1,NULL,315.74,300,0,615.74,0,0),(126,103,85,'2014-09-04 16:07:08','2014-09-08 10:18:54','2014-09-08','*Cambio de lampara dicro 12V y zocalos. * Cambio de equipos auxiliares y lamparas en artefacto vidriera. *Cambio de lamparas y arrancadores en artefacto halley en sector espera. *Cambio de lampara fluorescente en cocina.',1391,0,NULL,879.44,450,0,1329.44,0,0),(128,38,21,'2014-09-05 18:55:19','2014-09-05 18:55:19','2014-09-05','* Cambio de lampara dicro 12V en sector caja.* Cambio de lampara dicro y transformador en baño hombres PºAº. *Cambio de lampara en artefacto bajo piso sector terraza.*Se revisó artefacto AºPº sobre calle Cervantes.*Ajuste y revisión de tablero seccional confiteria.*Demora en compra de materiales.*Cambio de lampara en calle Cervantes junto a cochera Edificio Las Heras.',1400,1,NULL,0,1050,0,1050,0,0),(130,89,71,'2014-09-09 08:23:58','2014-09-09 09:19:36','2014-09-09','03-07-2014 * Relevamiento y cambio de lampara en muro patio(3 artefactos cuarzo 100W). 08-07-2014 * Reemplazo de lampara bipin por lampara bajo consumo en artefacto colgante en comedor, se reemplazaron portalamparas y se cambiaron cables internos. * Conexión de fotocontrol en aplique exterior planta alta sobre cochera. * Cambio de llave toma mignon en galería afuera habitación de Alexis. * Cambio de lampara dicro en pasillo habitaciones. * Cambio de llaves tomas en planta alta, se reemplazaron modulos de 2 polos por módulos de 3 polos. Se revisó portero electrico y los cables del mismo se encuentran en buen estado. 02-09-2014 * Colocación de portero con 2 equipos. * Cableado y colocación de cañería para cámara en vereda. * Cambio de bastidor en toma galería habitación Alexis. * Colocación de espejo en comedor. *Colocación de led bajo alacena. * Cambio de artefacto en planta alta artefacto colgante.',1291,0,NULL,725.27,2625,0,3350.27,0,0),(131,94,76,'2014-09-09 09:31:49','2014-09-09 09:31:49','2014-09-08','Sucursal Av.Italia * Relevamiento de lamparas quemadas y portalamparas. 03-09-2014 * Cambio de lamparas y portalamparas. 08-09-2014 * Cambio de portalampara por falso contacto.',1395,1,NULL,0,600,0,600,0,0),(132,96,79,'2014-09-10 08:21:14','2014-09-10 08:30:02','2014-09-10','Cambio de artefacto tipo aplique en cocina.',1402,1,NULL,184.94,75,0,259.94,0,0),(133,94,76,'2014-09-10 17:14:22','2014-09-10 17:14:22','2014-09-10',NULL,5,0,NULL,595.5,0,0,595.5,0,0),(134,70,53,'2014-09-11 11:10:21','2014-09-15 17:47:49','2014-09-15','10/09/2014*Relevamiento para instalación de proyector y reparación de artefacto en deposito. 11/09/2014 * Instalación de proyector mercurio halogenado en sector Entrega 0km. * Cañeria para alimentación de proyector en el sector antes mencionado. *Reparación de artefacto fluorescente en deposito. * Se reparó cortocircuito en deposito.',1397,0,NULL,827.17,975,0,1802.17,0,0),(135,105,88,'2014-09-15 16:06:25','2014-09-15 16:20:29','2014-09-15','Colocación de 2 artefactos colgantes en sector\"barra\" planta baja. * Se trabajó en conjunto con los carpinteros, para desmontar cajón sobre \"barra\" para el conexionado de los artefactos colgantes.* 1 de los artefactos presentaba falla, no se pudo reparar en el momento por cuestiones de tiempo. 09/09/2014 * Reparación de artefacto colgante que no funciona en la visita de colocación.',1390,1,NULL,13.4,375,0,388.4,0,0),(136,81,64,'2014-09-15 16:19:51','2014-09-15 16:19:51','2014-08-07','* Cambio de fotocontrol en acceso domicilio(el cliente proporcionó el fotocontrol). 11/08/2014 * Relevamiento para cableado y reparación de circuito iluminación proyectores.-Se esperó al Sr Carrera para consultar la forma del trabajo',1357,1,NULL,0,600,0,600,0,0),(137,36,19,'2014-09-15 18:03:29','2014-09-15 18:03:29','2014-09-04','SECTOR ADMINISTRACIÓN. 04/09/2014 * Relevamiento para cambio de lamparas en muro lateral administración. 12/09/2014 * Cambio de lamparas en muro lateral administración 6 tortugas en pared. *Cambio de zocalo en dicro oficina Sr.Sergio Prpik.',1398,1,NULL,0,450,0,450,0,0),(138,106,89,'2014-09-15 18:17:47','2014-09-15 19:13:10','2014-09-15','PENSIÓN. * Colocación de pulsador en portero electrico del dpto\"C\", se corrobora el funcionamiento con la inquilina.',1403,1,NULL,35,75,0,110,0,0),(139,98,81,'2014-09-15 19:12:28','2014-09-15 19:13:26','2014-09-15','*Colocación de parlantes en oficina.',1409,1,NULL,181.5,525,0,706.5,0,0),(140,46,29,'2014-09-16 10:14:32','2014-09-16 10:14:32','2014-09-16','ESCUELA PRIVADA *Reparación de cortocircuito en aula planta baja. *Desconexión de ventilador de techo en aula planta baja por encontrarse en corto.',1411,1,NULL,0,1500,0,1500,0,0),(141,27,10,'2014-09-16 11:13:29','2014-09-16 11:41:02','2014-09-16','*Colocación de puesta a tierra. * Emprolijamiento de tablero seccional. * Canalización y colocación puesto de trabajo oficina Sr.Mariano. *Se colocó contrafrente en tablero seccional.',1401,0,NULL,2202.66,2625,0,4827.66,0,0),(142,72,55,'2014-09-17 15:38:57','2014-09-18 10:18:40','2014-09-18','*Colocación de 12 mts de cañeria embutida p/ alimentación de luces y motor pileta.* Cableado e instalación de 5 bocas',1412,0,NULL,560.29,2700,0,3260.29,0,0),(143,46,29,'2014-09-18 09:46:20','2014-09-23 16:48:39','2014-09-23','OBRA AV.SAN MARTIN',1210,0,NULL,5314.15,0,0,5314.15,0,0),(144,31,34,'2014-09-18 16:07:48','2014-09-18 16:07:48','2014-09-18','CASA * Cambio de toma del termotanque.Se lo subió más arriba. * Cambio de caja de la central de alarma. Se la subió más arriba.',1413,1,NULL,0,225,0,225,0,0),(145,38,21,'2014-09-18 16:13:49','2014-09-18 16:13:49','2014-09-18','*17/09/2014 *Atención por urgencia por cortocircuito en baño planta alta  18/09/2014 *Reparación de tres artefactos para dicro en el baño planta alta.* Se cambió 3 trafo y 3 lampara dicro',1414,1,NULL,0,225,0,225,0,0),(146,38,21,'2014-09-19 08:27:31','2014-09-22 07:42:03','2014-09-22','*Cambio de modulo punto en baño de hombres en planta alta.',1415,1,NULL,19.09,75,0,94.09,0,0),(147,27,10,'2014-09-19 08:45:37','2014-09-22 07:41:49','2014-09-22','Relevamiento de iluminación exterior en carteleria y fachada. 18/09/2014 * Cambio de equipo auxiliar y lampara en artefactos de carteleria y fachada.',1410,1,NULL,1174.14,375,0,1549.14,0,0),(148,30,13,'2014-09-19 18:27:04','2014-09-22 07:41:27','2014-09-22','TORRE TERRA 13/09/2014 * Relevamiento para cambio de caja derivación en deposito piso 16. * Cambio de modulo toma en acceso sala de motores ascensores. 16/09/2014 * Cambio de caja derivación en deposito piso 16. * Cambio modulo toma 10A en acceso sala de motores ascensor.',1404,1,NULL,82.35,600,0,682.35,0,0),(149,34,17,'2014-09-19 18:52:46','2014-09-22 07:41:10','2014-09-22','OBRA TORRE AMBAR. *Colocación de zapatilla a prolongador en escalera piso 17.(pedido realizado por el arquitecto Gastón Luna.',1416,1,NULL,0,75,0,75,0,0),(150,107,90,'2014-09-22 08:37:58','2014-09-22 09:49:25','2014-09-22','* Falla en diferencial porque la sra Beveraggi mojó una derivación. *Se reconectaron los empalmes y normalizó caja.',1417,1,NULL,0,600,0,600,0,0),(151,36,19,'2014-09-22 09:08:52','2014-09-22 09:08:52','2014-09-22','*Problema con artefacto AºPº, se encontró morzetos flojod, se ajustaron los mismos y se probó el artefacto y funciona normalmente.',1418,1,NULL,0,150,0,150,0,0),(152,32,15,'2014-09-22 18:53:20','2014-09-23 07:31:01','2014-09-23','OBRA RUTA 11 * Armado de bajada trifásica en obra Ruta 11',1419,1,NULL,22.54,900,0,922.54,0,0),(153,109,92,'2014-09-23 09:24:37','2014-09-29 18:43:15','2014-09-29','OBRA',1420,1,NULL,1659.99,4125,0,5784.99,0,0),(154,28,11,'2014-09-23 17:04:03','2014-09-29 18:42:48','2014-09-29','13/09/2014 *Relevamiento para colocación de tomas en deposito bajo escalera. *Colocación de luces de emergencia. 22/09/2014 *Cambio de lampara mercurio 150W en fachada.(demora por espera de llaves allen). 23/09/2014 * Cambio de luces emergencia:\r\nPiso 15: palier y escalera(2)\r\nPiso 14: escalera(1)\r\nPiso 10: palier(1)\r\nPiso 9: escalera(1)\r\n*Colocación de 2 luces de emergencia nuevas en acceso, y una en cochera. * Colocación de llave toma doble en deposito escalera. * Reparación de toma en acceso escalera.',1405,1,NULL,321.07,1425,0,1746.07,0,0),(155,72,55,'2014-09-25 07:51:17','2014-09-25 08:18:02','2014-09-25','Cambio de fotocontrol en proyector patio delantero.',1421,1,NULL,0,227.5,0,227.5,0,0),(156,95,78,'2014-09-25 08:21:50','2014-09-25 08:21:50','2014-09-24','Se revisó falla en mostrador y no se encontró ningún problema, el trabajo lo verificó la Sra Aldana.',1424,1,NULL,0,75,0,75,0,0),(157,110,93,'2014-09-30 18:29:34','2014-09-30 18:37:02','2014-09-30','* Cambio de lampara dicro en acceso cochera. * Cambio de lampara en baño habitación matrimonial. * Cableado de telefono en oficina desde planta alta a planta baja. * Cambio lampara en acceso oficina.',1423,1,NULL,202.9,750,0,952.9,0,0),(158,83,66,'2014-10-01 07:57:24','2014-10-03 08:05:46','2014-10-03','*Relevamiento por falla en fotocontrol. *Cambio fotocontrol en cochera y  pasillo planta alta.',1422,1,NULL,191.22,450,0,641.22,0,0),(159,46,29,'2014-10-01 15:49:30','2014-10-01 16:38:05','2014-10-01','EDIFICIO COLON Nº:752',1429,0,NULL,4041.21,2100,0,6141.21,0,0),(160,38,21,'2014-10-03 07:59:38','2014-10-03 07:59:38','2014-10-02','*Cambio de 4 lamparas en artefacto acceso rampa discapacitados.* Cambio de 9 lamparas en aplique vereda, se realizó siliconado en todos los artefactos. *Logistica para compra de materiales.',1382,1,NULL,0,450,0,450,0,0),(161,112,95,'2014-10-06 09:28:40','2014-10-06 17:25:51','2014-10-06','*Cambio de zocalo y transformador de ventilador en cocina. *Cambio de lámparas cuarzo en doble altura de fachada y en escalera.\r\n*Extracción de ventilador en dormitorio y colocación de portalámpara como luz central.',1396,1,NULL,179.72,300,0,479.72,0,0),(162,95,78,'2014-10-06 11:14:37','2014-10-06 17:26:20','2014-10-06','* Cambio de 2 luces de emergencia en sector atención al público y acceso.',1430,1,NULL,1078.8,450,0,1528.8,0,0),(163,104,87,'2014-10-06 17:24:04','2014-10-06 17:26:32','2014-10-06','*Reparación de cortocircuito en cañeria de luces del patio.',1427,1,NULL,194.99,525,0,719.99,0,0),(164,89,71,'2014-10-06 18:52:42','2014-10-06 18:52:42','2014-10-06','* Cambio de llave en sala de juegos planta alta. * Reparación de zapatilla en habitación principal. * Cambio de lampara en lavadero planta alta.',1433,1,NULL,0,75,0,75,0,0),(165,51,35,'2014-10-07 10:27:45','2014-10-15 08:33:07','2014-10-15','* Colocación de 2 extractores en baño de mujeres y hombres en cielorraso. * Cableado para alimentación de ambos tanques . *Canalizado y colocación de cajas. * Colocación de 2 automáticos de tanque.(los extractores los proporcionó el arq. Flavio Casañas)',1431,0,NULL,3010.75,2400,0,5410.75,0,0),(166,113,96,'2014-10-09 09:59:42','2014-10-15 08:32:13','2014-10-15','* Cambio de morzeto con portafusible en bajada. * Verificación de cortocircuito en oficina 1(No se encontró falla, sí una lampara dicro quemada)',1437,1,NULL,62.23,300,0,362.23,0,0),(167,114,97,'2014-10-14 09:10:20','2014-10-14 09:10:20','2014-10-09','*Asistencia por urgencia, se puenteó fusible de porcelana.',1444,1,NULL,0,75,0,75,0,0),(168,54,38,'2014-10-14 09:25:58','2014-10-14 09:26:34','2014-10-14','* Se normalizó tablero en stand Hiper Libertad. * Colocación de llave térmica en tablero de bomba para bomba sumergible.',1406,1,NULL,62.4,300,0,362.4,0,0),(169,113,96,'2014-10-14 09:44:11','2014-10-14 09:44:51','2014-10-14','* Cambio de lamparas, transformador y zocalos en 2 spot dicro en estudio.',1442,1,NULL,176.12,75,0,251.12,0,0),(170,115,98,'2014-10-14 10:08:55','2014-10-14 10:18:20','2014-10-14','* Cambio de lampara en habitación. * Cambio de llave toma doble JBO en habitación . Reconexión de aplique en acceso. * Colocación de tapas en pasillo acceso. * Cambio de casquillo de fotocontrol iluminación pasillo. * Colocación de llave estanco para comando fotocontrol. * Cambio de modulo punto en llave acceso casa. * Se verificó funcionamiento de toda la instalación de la vivienda. * Ajuste en tablero seccional.',1441,1,NULL,223.39,600,0,823.39,0,0),(171,116,99,'2014-10-15 10:09:19','2014-10-15 17:11:22','2014-10-15','* Cambio de lampara bipin en baño planta alta. * Cambio de fotocontrol en poste AºPº vereda. * Cambio de portalámpara en artefacto balcón patio trasero. * Cambio de ficha en velador estudio. *Canalización y cableado en trayecto desde el estudio a la primera boca en patio delantero.',1447,0,NULL,609.55,2475,0,3084.55,0,0),(172,46,29,'2014-10-15 10:39:48','2014-10-28 08:54:46','2014-10-28','SANTIAGO VESCONI. * Colocación de 2 ventiladores de techo en departamento 2ºD. * Modificación en forma de encendido de luces. * Cambio de modulo toma 10A en cocina.',1440,1,NULL,39.4,900,0,939.4,0,0),(173,54,38,'2014-10-15 10:45:47','2014-10-28 08:54:18','2014-10-28','ROTONDA *Asistencia por falla en llave seccional en tablero sector talleres.',1443,1,NULL,0,150,0,150,0,0),(174,32,15,'2014-10-17 15:44:16','2014-10-17 15:47:21','2014-10-17','BAJADA FORMOSA * Armado de bajada en deposito Emprendimientos, para obra Formosa.',1432,1,NULL,1043.59,750,0,1793.59,0,0),(175,27,10,'2014-10-20 09:06:56','2014-10-20 18:05:27','2014-10-20','*Reparación de falla en fusible aéreo.\r\n*Reemplazo de dichos fusibles por morzetos PKD 16.',1451,1,NULL,96,300,0,396,0,0),(176,54,38,'2014-10-20 09:46:59','2014-10-28 08:54:01','2014-10-28','SUCURSAL ROTONDA: Asistencia por falla en fusible seccionador principal. Reemplazo de dichos fusibles de 160 A. por dos NH de 200 A.',1448,1,NULL,620.43,400,0,1020.43,0,0),(177,117,100,'2014-10-20 09:55:28','2014-10-28 08:53:20','2014-10-28','*Atención de urgencia por falla en llave térmica de aire acondicionado. *Se subdividió entre las térmicas existentes.',1452,1,NULL,0,100,0,100,0,0),(178,118,101,'2014-10-20 10:09:06','2014-10-28 08:52:59','2014-10-28','UNNE Extensión Dpto. Idiomas (Ameghino y Saenz Peña):  Falla en fase P.A. por fusible quemado en tablero medidores. Reemplazo de los 03 fusibles por calibres de 125 A.',1453,1,NULL,200.13,300,0,500.13,0,0),(179,35,18,'2014-10-21 08:43:34','2014-10-21 08:43:34','2014-10-20','RUTA 16 * Corrimiento de cañería de corrientes débiles doble altura. * Cableado y reconexión de sensor de humo. *Reubicación de caja derivación de corrientes debiles.',1458,1,NULL,0,1600,0,1600,0,0),(180,119,102,'2014-10-21 08:58:59','2014-10-28 08:50:11','2014-10-28','* Falta de fase en linea de red, se realizó cambio de fase por orden del sr. Massimino.',1454,1,NULL,0,100,0,100,0,0),(181,113,96,'2014-10-21 09:25:32','2014-10-28 08:49:50','2014-10-28','* Problema con artefacto tipo tortuga en cochera acceso estudio. *Se reemplazó con un artefacto tipo tortuga nuevo.',1455,1,'DEMORA POR PROVISIÓN DE MATERIALES.',123.49,300,0,423.49,0,0),(182,26,9,'2014-10-21 09:34:58','2014-10-28 08:49:32','2014-10-28','EDIFICIO CONTADORES. 04-10-2014 * Se visitó al cliente pero se encontró al plomero trabajando en el lugar. * Verificación de tablero de bomba, se realizaron ajustes de bombas.',1435,0,NULL,0,400,0,400,0,0),(183,83,66,'2014-10-21 18:41:59','2014-10-28 08:49:11','2014-10-28','PASO DE LA PATRIA * Cambio de tablero principal. *Cambio de termica en quincho. * Colocación de artefacto fluorescente en taller de lancha. *Verificación de funcionamiento de casa principal.',1457,1,NULL,809.04,1200,0,2009.04,0,0),(184,116,99,'2014-10-21 19:05:10','2014-10-28 08:48:51','2014-10-28','* Asistencia por falla en circuito habitación hijos planta alta. * No se encontro falla alguna. *Cambio de lampara en aplique piletas, se cambiaron 2 lamparas y falta 1, el cliente no tenia mas lamparas.21-10-2014 *Cambio de lampara bipin en piscina.',1449,1,NULL,18.72,500,0,518.72,0,0),(185,29,12,'2014-10-23 08:26:26','2014-10-28 08:48:34','2014-10-28','* Cambio de fotocontrol AºPº.',1460,1,NULL,165.1,200,0,365.1,0,0),(186,121,105,'2014-10-23 10:29:02','2014-10-28 08:48:08','2014-10-28','* Se retiraron luces de emergencia para su reparación. * Se realizó verificación y cambio de baterias a 8 artefactos en deposito Neon 3R. * Se reinstalaron 8 luces de emergencia.',1459,1,NULL,1042.5,500,0,1542.5,0,0),(187,54,38,'2014-10-24 08:27:54','2014-10-28 08:47:39','2014-10-28','SUCURSAL ROTONDA. * Cableado y conexionado para tres aires acondicionados. * Instalación de un toma de trabajo en sector casilla de bomba.',1462,1,NULL,0,2800,0,2800,0,0),(188,80,63,'2014-10-27 16:08:35','2014-10-28 08:47:08','2014-10-28','* Asistencia por urgencia en sector habitación planta alta, al momento de la visita no se encontró falla. El sector afectado se encontraba normal, se probaron luces luces y AA. 24/10/2014 * Colocación de tapas mignon y octogonales en las bocas de las cuales se extrajeron artefactos afectados por el agua.',1445,1,NULL,101.12,1200,0,1301.12,0,0),(189,120,104,'2014-10-27 17:05:53','2014-10-28 08:46:45','2014-10-28','* Verificación y seguimiento de cable TV. * Instalación de 4 artefactos sector patio. * Reparación de artefacto ubicado en muro. * Instalación de telefono inalambrico. * Instalación de portero inalambrico.',1385,1,NULL,11.43,1400,0,1411.43,0,0),(190,122,106,'2014-10-27 18:05:25','2014-10-28 08:46:26','2014-10-28','* Reparación de 2 luces de emergencia. * Cambio de 3 luces de emergencia a leds.',1463,1,'LAS LUCES NUEVAS DE EMERGENCIA SE COLOCARON EN EL 3º PISO ,ESCALERA, PALIERS Y PLANTA BAJA.',2187.78,800,0,2987.78,0,0),(191,123,107,'2014-10-27 18:40:38','2014-10-28 08:45:48','2014-10-28','*Reparación de artefacto AºPº.',1464,1,NULL,230.34,200,0,430.34,0,0),(192,32,15,'2014-10-29 08:58:50','2015-01-08 18:25:29','2015-01-08','CETROGAR GENERAL SAN MARTIN CHACO.',1481,0,NULL,69629.32,0,0,69629.32,0,0),(193,117,100,'2014-10-29 15:23:08','2014-11-06 12:15:08','2014-11-06','* Instalación de acometida por falla en cableado externo.* Se realizó acometida exterior hasta dpto 2°B.',1471,0,NULL,3630.66,800,0,4430.66,0,0),(194,36,19,'2014-10-30 07:52:43','2014-10-30 07:56:50','2014-10-30','SECTOR ADMINISTRACIÓN 28/10/2014 * Relevamiento por falla en modulo punto sector sala de espera. 29/10/2014 * Cambio de modulo punto en sector sala de espera.',1469,0,NULL,12.99,100,0,112.99,0,0),(195,54,38,'2014-10-30 08:02:25','2014-10-30 08:03:02','2014-10-30','SUCURSAL ROTONDA *Reconexión de bomba sumergible y cambio de tablero.',1472,0,NULL,0,200,0,200,0,0),(196,54,38,'2014-10-30 08:15:41','2014-10-30 08:15:41','2014-10-29','SUCURSAL SARMIENTO 28/10/2014 * Se revisó tablero seccional y se encontró falla en térmica de bomba sumergible y planta alta. * Se realizó cambio de térmica en planta alta. *Se desconectó bomba sumergible y se llevo a Sucursal rotonda se le entregó al señor Daniel. 29/10/2014 * Cambio de térmica en planta alta.',1473,0,NULL,194.66,300,0,494.66,0,0),(197,124,108,'2014-10-30 11:23:54','2014-10-30 11:23:54','2014-10-28','* Reparación de 10 artefactos fluorescentes de 105W (a uno de ellos se lo bajó 2 metros).',1467,0,NULL,27.54,5400,0,5427.54,0,0),(198,72,55,'2014-11-03 16:50:03','2014-11-03 16:58:14','2014-11-03','28/10/2014 *Relevamiento para reparaciones varias. 29/10/2014 *Colocación de cañeria para alimentar freezer y heladera en quincho. 31/10/2014 * Cambio de automaticos de tanque en cisterna y tanque. * Cambio de modulo pulsador en llave timbre. * Cambio de bastidor en toma escalera.',1470,0,NULL,635.06,700,0,1335.06,0,0),(199,123,107,'2014-11-03 17:52:56','2014-11-03 18:43:33','2014-11-03','MARTIN JUSTET * Canalización y colocación de caja octogonal en baño P°A°.',1446,0,NULL,145.44,800,0,945.44,0,0),(200,32,15,'2014-11-04 08:20:51','2014-11-04 08:25:12','2014-11-04','OBRA CALLE N°:60 * Conexión de prolongador a diferencial 4x40A Siemens.',1477,0,NULL,0,100,0,100,0,0),(201,61,44,'2014-11-04 08:37:15','2014-11-04 08:37:15','2014-10-31','* Se revisó funcionamiento de porton acceso, no presenta falla.',1475,0,'TIENE UN CONSUMO DE 1.0A Y TERMICAS BIPOLAR DE 10A.',0,100,0,100,0,0),(202,32,15,'2014-11-04 08:45:23','2014-11-04 08:45:23','2014-10-30','CASA JORGE VARGAS * Colocación de dos ventiladores de techo, uno con artefacto.',1466,0,'POR LA TARDE SE CAMBIÓ DE LUGARES LOS VENTILADORES.',0,1600,0,1600,0,0),(203,32,15,'2014-11-04 08:57:16','2014-11-04 08:57:16','2014-10-30','* Relevamiento e instalación para automatico para tanque. * Retiro de materiales.',1476,0,NULL,0,1600,0,1600,0,0),(204,111,94,'2014-11-04 10:55:50','2014-12-11 18:11:34','2014-12-11','* 60 metros de sanjeo para alimentación por subterraneo. * Se reemplazó el cable prensamblado.',1428,0,NULL,14068.45,24600,0,38668.45,0,0),(205,31,34,'2014-11-05 15:47:27','2014-11-05 16:04:00','2014-11-05','CASA PASO DE LA PATRIA * Se relizó nueva canalización y cableado en sector quincho por reubicación canaleta nueva.',1479,0,NULL,340.45,1600,0,1940.45,0,0),(206,34,17,'2014-11-05 18:23:11','2014-11-11 15:19:52','2014-11-11','* Cañeria y cableado para comando del porton de acceso.',1484,0,NULL,0,2700,0,2700,0,0),(207,40,23,'2014-11-05 18:31:43','2014-11-05 18:34:20','2014-11-05','PODER JUDICIAL * Cañerias para alimentación de tomas estabilizados y colocación de unicanales.',1487,0,NULL,0,3200,0,3200,0,0),(208,126,111,'2014-11-07 09:44:29','2014-11-07 09:48:33','2014-11-07','* Verfificación y relevamiento para cambio de cable de circuito A.A entrepiso. * Recableado de circuito A.A entrepiso.',1478,0,NULL,166.64,100,0,266.64,0,0),(210,34,17,'2014-11-10 08:06:44','2014-11-19 09:41:49','2014-11-19','EDIFICIO LAS HERAS TORRE AMBAR. *Colocación de proyector sodio 400W con fotocontrol. * Armado y colocación de tablero provisorio para prueba de acensores.',1491,0,NULL,2125.24,2000,0,4125.24,0,0),(211,128,113,'2014-11-10 08:46:23','2014-11-10 11:31:19','2014-11-10','* Asistencia en prueba de funcionamiento grupo electrogeno.',1426,0,NULL,42.45,1400,0,1442.45,0,0),(212,93,75,'2014-11-10 10:40:41','2014-11-13 08:21:31','2014-11-13','* Colocación de llaves en cocina y comedor. * Cambio de lampara en acceso comedor. * Colocación de fotocontrol en iluminación perimetral.',1485,0,NULL,643.86,1000,0,1643.86,0,0),(213,139,126,'2014-11-10 11:21:20','2014-12-03 15:53:20','2014-12-03','* Reparación de corto circuito en galeria de atras. * Se detectó y notifica al dueño de casa llaves y tomas deteriorados.',1486,0,NULL,0,800,0,800,0,0),(214,54,38,'2014-11-10 11:30:41','2014-11-10 11:30:41','2014-11-04','SUCURSAL SARMIENTO* Corto circuito luces del frente.',1483,0,NULL,0,1300,0,1300,0,0),(215,27,10,'2014-11-10 16:19:31','2014-11-10 17:19:30','2014-11-10','* Se realizó puesta a tierra que va. *Se encamizo la jabalina y se colocó carbonilla y sal. * Cambio de automatico de tanque de cisterna. * Prueba de capacitor en bomba de agua, se comprobó que la bomba se encuentra en corto. 31/10/2014 * Reinstalación de bomba de agua.Se realizó pruebas de funcionamiento y trabajó con normalidad. 01/11/2014 * Verificación de cambio de lamparas en artefacto carteleria frente.(demora por compra de materiales 1 hora) 03/11/2014 *Se revisó problema en contactor que comanda iluminación, el mismo no funciona. 04/11/2014 * Cambio de alimentación para iluminación artefacto comandado desde planta baja.',1465,0,NULL,624.43,1800,0,2424.43,0,0),(216,130,115,'2014-11-11 08:00:48','2014-11-20 07:41:54','2014-11-20','30/11/2014* Se sacó una luz de emergencia en el tercer piso palier. 18/11/2014 *Colocación de luz de emergencia en palier 3° piso.',1474,0,NULL,443.76,400,0,843.76,0,0),(217,46,29,'2014-11-12 09:35:39','2014-11-12 09:35:39','2014-11-11','VESCONI SERGIO * Cableado para alimentación de A.A living.',1495,0,NULL,1405.28,0,0,1405.28,0,0),(218,114,97,'2014-11-12 10:11:27','2014-11-12 10:30:03','2014-11-12','08/11/2014 *Relevamiento para colocación de térmica y cableado para telefono. 10/11/2014 * Colocación de termica en tablero P.B. * Cableado por 3 bocas para telefono. * Medición de consumo total del dpto:( 35 a 40A contados artefactos encendidos).',1493,0,NULL,175.93,1000,0,1175.93,0,0),(219,120,104,'2014-11-12 11:35:36','2014-11-12 11:47:45','2014-11-07','* Cableado y colocación de artefacto fluorescente en vereda.',1492,0,NULL,394.39,400,0,794.39,0,0),(220,34,17,'2014-11-12 15:48:00','2014-11-12 15:49:44','2014-11-12','DNH 07/11/2014 * Relevamiento, chequeo de instalación existente. * Colocación de artefactos(se corrigió retornos y alineamientos de agujeros existentes) * Colocación de llaves, tapas llaves,tapas ciegas. * Alimentación para artefacto de jardin de patio enfrente. * Sonda por durlock para cable tv. *Cableado y alimentación para colocación de artefacto entrada oficina(Se desconectó 8 artefactos)',1494,0,NULL,0,5800,0,5800,0,0),(221,129,114,'2014-11-17 17:40:39','2014-11-17 17:40:39','2014-11-14','* Cambio de fusible en seccionador ACR normalización de puente realizado en seccionador.',1501,0,NULL,216.42,100,0,316.42,0,0),(223,110,93,'2014-11-17 18:39:27','2014-11-17 18:39:27','2014-11-15','* Cambio de llaves en cocina. * Se revisó el termotanque y se corroboro el consumo 8,5A. * Se cambió llave del termotanque.',1503,0,NULL,62.73,200,0,262.73,0,0),(224,35,18,'2014-11-17 18:46:22','2014-11-17 18:46:22','2014-11-17','* Remplazo de balasto electronico en oficina.',1504,0,NULL,161.99,100,0,261.99,0,0),(225,93,75,'2014-11-18 08:14:55','2014-11-18 08:17:56','2014-11-18','* Se revisa circuito de iluminación perimetral porque presenta falla con respecto a un fotocontrol el circuito tenia un cortocircuito que produjo que se quemara el fotocontrol. *Se encontró y corrigió el empalme afectado y se cambio fotocontrol. * La iluminación perimetral quedo en funcionamiento.(consumo actual 1,8A)',1505,0,NULL,95.61,600,0,695.61,0,0),(226,104,87,'2014-11-18 15:44:28','2014-11-18 15:44:28','2014-11-13','Se revisaron linea de iluminación pasillo y no se encontro falla. Cambio de lampara en patio frente.',1399,0,NULL,0,0,0,0,0,0),(227,83,66,'2014-11-18 15:46:12','2014-11-18 15:46:40','2014-11-18','EDIFICIO DON RUBIO. *Cambio de fotocontrol en cochera.',1499,0,NULL,123.34,200,0,323.34,0,0),(228,29,12,'2014-11-19 08:08:36','2014-11-19 08:08:36','2014-11-18','* Cambio de proyector de 1000W en garita de guardia(acceso).',1488,0,'SE LE ENTREGÓ AL GUARDIA ALVARES DANIEL EL PROYECTOR RETIRADO.',711.05,200,0,911.05,0,0),(229,51,35,'2014-11-19 16:54:08','2014-11-19 16:54:08','2014-11-19','TODO MODA * Cambio de tubo fluorescente 58W de luz calida a luz dia.(ENCARGADO RESPONSABLE:SEBASTIAN CASSELA)',1506,0,NULL,2241.3,600,0,2841.3,0,0),(230,51,35,'2014-11-20 07:50:51','2014-11-20 08:04:00','2014-11-20','Marrotex * Falla en medidor, el mismo entro en corto dejando sin 2 fases y quemando fusibles en seccionador ACR. * Se reemplazaron los fusibles del seccionador ACR.',1508,0,NULL,400.24,500,0,900.24,0,0),(231,35,18,'2014-11-20 08:48:05','2014-11-20 08:48:05','2014-11-19','RUTA 16 * Se reemplazo 2 artefactos tipo campana en el deposito. *Se reviso un medidor que estaba suelto.',1509,0,NULL,0,300,0,300,0,0),(232,44,27,'2014-11-20 09:57:39','2014-11-28 09:03:59','2014-11-28','FARMACIA PALERMO* Instalación de 2 proyectores mercurio 150W en esquina para iluminación lateral.',1497,0,NULL,2219.18,400,0,2619.18,0,0),(233,131,116,'2014-11-21 16:32:30','2014-11-21 16:32:30','2014-11-20','*Verificación de carteleria, no se encontró falla en la visita.( El consumo del circuito es de 1,9A tiene una termica unipolar de 10A fuera del diferencial.',1507,0,NULL,0,100,0,100,0,0),(234,104,87,'2014-11-27 07:50:52','2014-11-27 07:50:52','2014-11-25','25/11/2014 * Cortocircuito en toma debajo del tablero seccional en el toma se encontró tierra de hormiguero y filtra agua en la pared. 26/11/2014 *Cambio de llave toma doble en comedor.',1512,0,NULL,32.63,400,0,432.63,0,0),(235,127,112,'2014-11-27 15:55:51','2014-11-27 17:21:59','2014-11-27','* Se realizó verificación y control en tablero principal y analisis de carga. * Se realizó equilibrio de fases y se redistribuyó cableado en tablero, se colocó barra de distribución para puentes fuera del diferencial. * Se retiró variadores de ventilador y se colocó barra de distribución para dos circuitos por diferencial',1480,0,NULL,2323.85,4200,0,6523.85,0,0),(236,132,118,'2014-11-28 09:42:59','2014-11-28 09:42:59','2014-10-10','* Colocación de cajas y caños para la bajada trifasica. * Instalación de artefacto tipo campana con fotocontrol. * Instalación de tablero de trabajo.',1439,0,NULL,153.63,4600,0,4753.63,0,0),(237,120,104,'2014-12-01 08:09:03','2014-12-01 08:25:55','2014-12-01','ALQUILER SAN LORENZO 1.90018/11/2014 *Se revisó la instalación y no se encontró falla, el consumo del termotanque es de 6,5A y el del aire es de 7,1A. 21/11/2014 * Cambio de llave toma simple 10A en habitación. * Cambio de llave toma en cocina. \r\nOFICINA DE SEGUROS POR AV.25 DE MAYO * Instalación de fotocontrol para iluminación carteleria y fluorescente vereda.',1511,0,NULL,200.05,800,0,1000.05,0,0),(239,54,38,'2014-12-01 16:11:01','2014-12-01 16:26:40','2014-12-01','ROTONDA 25/11 * Se realiza un pedido de urgencia, porque al levantar cortina de taller se desprende cable que queda con tensión. *El cable corresponde a cartel de \"SALIDA\". Se lo fija a dintel del porton con pegamento y en tablero se saca aguas arriba del disyuntor y se coloca provisoriamente debajo de térmica de cortina. 01/12 * Colocación de térmica en tablero seccional taller para corte luces de emergencia.',1522,0,NULL,177.6,800,0,977.6,0,0),(240,110,93,'2014-12-01 17:10:42','2014-12-01 17:10:42','2014-11-27','* Verificación de tablero por corto circuito. * Limpieza de humedad y cambio de lampara en artefacto exterior ubicado sobre puerta de acceso.',1517,0,NULL,79.94,300,0,379.94,0,0),(241,138,125,'2014-12-01 18:50:50','2014-12-02 09:58:52','2014-12-02','* Corto circuito en tablero seccional por recalentamiento de cables. * Se cambio las térmicas y diferencial recalentados, por llave térmica Baw 2x40A. * Se probó toda la instalación y funcionó con normalidad.',1516,0,'LOS MATERIALES LOS COMPRÓ EL CLIENTE.',0,400,0,400,0,0),(242,54,38,'2014-12-02 08:42:54','2014-12-02 08:42:54','2014-11-13','ROTONDA * Canalización con unicanal en nuevo mueble atención post venta. * Se colocaron llaves tomas doble(3) y se cableo para conexión de datos. * Se retira periscopio que se encontraba en pasillo de oficina 1° piso. * Se resolvio cortocircuito en artefacto ubicado sobre mueble oficina post venta.',1498,0,NULL,0,1400,0,1400,0,0),(243,54,38,'2014-12-02 08:52:00','2014-12-02 08:53:06','2014-12-02','ROTONDA * Cambio de 6 artefactos en atención post ventas.* Cambio de lamparas en sector lavadero y acceso por colectora.',1434,0,NULL,0,1200,0,1200,0,0),(244,91,73,'2014-12-02 09:30:44','2014-12-02 09:30:44','2014-11-27','* Por pedido del cliente, se invierte 2 fases en tablero del medidor. * Por no funcionar adecuadamente el final de carrera de la maquina planchadora se aumentó de 0,1 segundos a 0,35 segundos la inversión de giro del motor principal.',1518,0,NULL,0,300,0,300,0,0),(245,133,121,'2014-12-02 10:01:46','2014-12-02 11:49:57','2014-12-02','* Traslado de tablero seccional desde local 1 hasta hall acceso casa. * Canalización para acometida independiente local 1 y vivienda familiar.',1510,0,NULL,3431.24,10500,0,13931.24,0,0),(246,139,126,'2014-12-02 15:56:51','2014-12-02 16:14:48','2014-12-02','* Cableado y conexión de llaves en sala de bomba,se probó funcionamiento de las bombas de pileta y riego y funcionan correctamente.',1521,0,NULL,313.12,600,0,913.12,0,0),(247,136,124,'2014-12-02 18:16:29','2014-12-02 18:16:29','2014-11-26','26/11/2014* Por no subir agua al tanque elevado se controla los automáticos y alimentación al motor constatando que el problema se debe al bloqueo del mismo(no gira). 27/11/2014 * Se coloca motor nuevo(electrobomba).* Por deterioro se reemplaza por nuevo el automático de la cisterna. * Cambio de automático de tanque en cisterna.',1514,0,NULL,137.54,600,0,737.54,0,0),(248,139,126,'2014-12-02 18:27:42','2014-12-02 18:28:20','2014-12-02','* Verificación de cableado en sala de bomba. * El cableado fue anulado y desconectado desde el tablero por mal estado de los circuitos.',1513,0,NULL,0,200,0,200,0,0),(249,140,127,'2014-12-03 15:30:44','2014-12-03 15:30:44','2014-11-27','27/11/2014* Se intervino por una cañeria de TV desconectada, se realizó un agujero en cielorrazo de living.28/11/2014 * Colocación de tapa 15x15 en living.',1519,0,NULL,30,300,0,330,0,0),(250,94,76,'2014-12-03 18:49:47','2014-12-03 18:49:47','2014-11-27','DEPOSITO ITALIA 901. * Desinstalación de camaras de seguridad, oficina, deposito, carteleria e iluminación exterior. * Se desmontó marquesina.',1515,0,NULL,0,2200,0,2200,0,0),(251,103,85,'2014-12-04 07:37:07','2014-12-04 07:37:07','2014-12-02','* Se realizó verifación de tablero seccional para corroborar si es apto para recibir alimentación de grupo electrogeno.',1527,0,NULL,0,200,0,200,0,0),(252,29,12,'2014-12-04 07:59:06','2014-12-09 09:27:19','2014-12-09','* Desconexión de tensor que estrangula el cable de acometida de la UF 178(Diego Diez) y se lo recogió en poste siguiente.(A)',1530,0,NULL,0,200,0,200,0,0),(253,44,27,'2014-12-05 08:10:13','2014-12-10 10:58:06','2014-12-10','* Cambio de zocalo en artefacto fluorescente por Av.San Martin.',1534,0,NULL,49.15,200,0,249.15,0,0),(254,141,128,'2014-12-05 16:00:52','2014-12-05 16:00:52','2014-12-01','* Reemplazo de artefacto en el comedor(artefacto con riel).',1525,0,NULL,36.72,1200,0,1236.72,0,0),(255,142,129,'2014-12-05 17:34:15','2014-12-05 17:41:09','2014-12-05','* Se realizo canalización exterior y cableado en patio interno 1er piso para alimentación de A.A en sala de estar. * El A.A fue provado y presenta normal funcionamiento.',1529,1,NULL,384.95,400,0,784.95,0,0),(257,143,130,'2014-12-05 18:23:48','2014-12-06 09:25:17','2014-12-06','* Se revisó instalación en dpto 4°C, se encontró falla en toma de cocina y llaves combinación en escalera. *Instalación de sensores de movimiento en pasillo 4°piso.* Se resolvio falla en sistema de iluminación palier 4°piso y asensor.  03/12/2014 * Instalación de sensores de movimiento en 5°piso. *Colocación de artefacto bidireccional en acceso escalera planta baja.* Verificación de sonda en cañeria dpto 3°C.',1528,0,NULL,3421.1,1300,0,4721.1,0,0),(258,46,29,'2014-12-06 08:52:55','2014-12-06 08:52:55','2014-12-05','OBRA AV.SAN MARTIN * Traslado de medidor provisoriamente.',1535,0,NULL,0,300,0,300,0,0),(259,141,128,'2014-12-06 09:00:49','2014-12-06 09:00:49','2014-12-05','* Cambio de 2 lamparas en artefacto de comedor.',1538,0,NULL,0,200,0,200,0,0),(260,144,131,'2014-12-06 09:55:49','2014-12-06 09:55:49','2014-11-17','* Espera de materiales y definiciones. *Espera de definiciones. * Colocación de 3 bandejas perforadas suspendidas del cielorazo.',1539,0,NULL,0,2200,0,2200,0,0),(261,32,15,'2014-12-06 10:13:32','2014-12-06 10:13:32','2014-12-05','EDIFICIO CORRIENTES 454. *Retiro y espera de materiales. * Tendido de 65 mts de sintenax exterior desde planta baja a sala de acensores. *Armado de tablero en sala de maquina . *Colocación de termica en tablero planta baja .*Cambio de conductores desde medidor a tablero planta baja. *Colocación de jabalina en planta baja.',1540,0,NULL,0,1700,0,1700,0,0),(262,112,95,'2014-12-06 11:31:03','2014-12-06 11:48:45','2014-12-06','* Instalación de ventilador con aplique. *Cambio de modulo dimer para ventilador en habitación hijo.* Cambio de trafo 12V. (1° de la isquierda) en habitación matrimonial.* Cambio de lampara cuarzo en 2 artefactos ubicados en fachada(doble altura).',1533,0,NULL,223.66,600,0,823.66,0,0),(263,93,75,'2014-12-09 08:03:07','2014-12-16 08:09:00','2014-12-16','* Se revisó circuito iluminación perimetral. Se encontró cortocircuito en cable subterraneo. * No fue falla de la fotocelula. *Se desconecto fotocontrol y se dejó de forma directa para prueba de funcionamieno.',1531,0,NULL,0,400,0,400,12.5,0),(264,121,105,'2014-12-09 08:52:25','2014-12-10 18:09:32','2014-12-10','* Reparación de cortocircuito en neutro del tablero principal.',1545,0,NULL,0,400,0,400,0,0),(265,145,132,'2014-12-09 09:37:07','2014-12-09 09:37:07','2014-12-08','* Se verificó tensión en medidor y tablero seccional, al momento de la visita presenta tensión  387V. *Se probó A.A y funciona con normalidad(consumo 12A). *Analizar posible caida de tensión al medio dia cuando se presenta la falla.',1524,0,NULL,0,200,0,200,0,0),(266,103,85,'2014-12-09 09:57:41','2014-12-09 11:12:24','2014-12-09','* Reparación de iluminación en marquesin. *Cambio de lampara PL-L en sector caja fuerte. *Cambio de lampara dicro y zocalo en atención al público.',1544,0,NULL,2370.63,2600,0,4970.63,0,0),(267,147,133,'2014-12-09 11:38:32','2014-12-10 17:36:14','2014-12-10','01/12/2014 * Prueba de iluminación en fachada local. 06/12/2014 * Instalación de artefactos en fachada( 2 apliques y 2 proyectores). * Cableado para iluminación fachada. * Cableado para artefacto bajo piso iluminación palmera. * Instalación de artefacto bajo piso iluminación plamera.',1532,0,NULL,72.56,2200,0,2272.56,0,0),(268,130,115,'2014-12-11 15:26:28','2014-12-13 09:28:04','2014-12-13','* Verificación de luz de emergencia, se encuentra mal presionado boton de encendido de la misma.(palier 3er piso).',1547,1,NULL,0,100,0,100,100,0),(269,54,38,'2014-12-11 15:36:50','2014-12-16 08:05:53','2014-12-16','SUCURSAL AV.SARMIENTO 05/12/2014 * Asistencia por falla en iluminación exterior. 10/12/2014 * Se revisó nuevamente iluminación exterior, se explicó a la sra gerente el procedimiento para falla en iluminación. *Se realizó conexionado para iluminación de navidad en boxes av.Sarmiento.',1549,0,NULL,0,800,0,800,12.5,0),(270,33,16,'2014-12-12 15:42:36','2014-12-13 09:17:25','2014-12-13','11/12/2014* Cambio de lampara dicro en vidriera y pasillo. * Cambio de lampara en proyector vereda(artefacto bajo consumo) * Cambio de 4 lamparas PL-C en artefactos TOP I. 12/12/2014 *Cambio de 4 lamparas PL-C en reflector TOP I.',1551,0,NULL,704.14,400,0,1104.14,0,0),(271,38,21,'2014-12-15 07:51:13','2014-12-15 07:51:13','2014-12-13','* Se realizó cambio de diferencial en tablero seccional, se desconectó circuito de termica bipolar 32A Sica y se conectó a barra de distribución.* Queda desconectado maquina cafetera(isquierda). Se verificó funcionamiento de la instalación por 30 minutos y no presenta falla.',1555,0,NULL,0,962.5,0,962.5,0,0),(272,147,133,'2014-12-15 08:02:12','2014-12-15 08:02:12','2014-12-13','* Colocación y conexión de cerradura electrica. *Colocación de interruptor horario. * Colocación de timbre inalambrico.',1542,0,NULL,0,787.5,0,787.5,0,0),(273,121,105,'2014-12-15 16:00:45','2014-12-16 10:52:31','2014-12-16','10/12/2014 * Se veriicó luces de emergencia. * Cambio de automaticos en tanque. 13/12/2014 * Cambio de automatico en cisterna.',1546,0,NULL,387.72,350,0,737.72,0,0),(274,75,135,'2014-12-15 16:36:34','2014-12-15 16:40:13','2014-12-15','* Instalación de proyectores en carteleria vereda. * Se cableo alimentación para carteleria, se utilizó cable porque el que el cliente proporcionó no alcanzaba.',1553,0,NULL,90.29,262.5,0,352.79,0,0),(275,110,93,'2014-12-17 10:21:43','2014-12-19 15:32:43','2014-12-19','* Conexion para A.A en quincho con cablecanal y base exterior. * Se utilizó el mismo circuito de calefacción que comanda termotanque que no esta en uso.',1558,0,NULL,131.22,437.5,0,568.72,0,0),(276,115,98,'2014-12-17 11:10:39','2014-12-17 11:16:55','2014-12-17','* Instalación de sistema automatico para tanque con llave conmutadora. * Cambio de casquillo fotocontrol en luces pasillo.',1556,0,NULL,865.24,1137.5,0,2002.74,0,0),(277,28,11,'2014-12-18 09:16:15','2014-12-19 16:02:29','2014-12-19','* Para conmutar entre ascensores estando trabajndo el grupo electrogeno se coloca llave conmutadora 45A para elegir entre LINEA-GRUPO ELECTROGENO y un contactor como\"puente\". Luego de las conexiones correspondientes, se prueba el funcionamiento con las dos fuentes(LINEA- GRUPO). Para este trabajo se dezplazó llave termica.',1561,0,NULL,3189.58,1225,0,4414.58,0,0),(278,141,128,'2014-12-19 18:09:13','2014-12-19 18:09:13','2014-12-19','* Reparación de cortocircuito en cocina por cable recalentado por artefacto de cuarzo sobre heladera.',1567,0,NULL,0,175,0,175,0,0),(279,148,136,'2014-12-20 08:50:38','2014-12-20 08:50:38','2014-12-15','* Cambio de balastos electronicos en artefactos Halley en atención al publico.',1557,0,NULL,565.98,262.5,0,828.48,0,0),(280,143,130,'2014-12-20 11:28:50','2015-01-08 09:24:37','2015-01-08','* Cambio de automatico de tanque en cisterna y fotocontrol en sector cochera.',1566,0,NULL,370.85,175,0,545.85,0,0),(281,52,36,'2015-01-08 08:50:55','2015-01-08 08:54:06','2015-01-08','05/01/2015 * Verificación de mal funcionamiento de bomba de agua. 06/01/2015 *Cambio de contactor de bomba. Se verificó y funciona normalmente.',1568,0,NULL,229.94,350,0,579.94,0,0),(282,149,138,'2015-01-08 09:03:14','2015-01-08 09:03:14','2014-12-18','* Cableado de tv y datos, desde dormitorio al living.',1562,0,NULL,0,612.5,0,612.5,0,0),(283,32,15,'2015-01-08 09:34:36','2015-01-08 09:34:36','2015-01-06','* Cortocircuito en artefacto pasarella deposito.',1574,0,NULL,0,87.5,0,87.5,0,0),(284,54,38,'2015-01-08 09:41:16','2015-01-08 09:41:16','2015-01-05','SUCURSAL AV SARMIENTO. *Cortocircuito de luces de afuera. * Cambio de un puente recalentado en termica de iluminación.',1573,0,NULL,0,525,0,525,0,0);
/*!40000 ALTER TABLE `Orden` ENABLE KEYS */;
UNLOCK TABLES;

--
-- Table structure for table `OrdenEntrada`
--

DROP TABLE IF EXISTS `OrdenEntrada`;
/*!40101 SET @saved_cs_client     = @@character_set_client */;
/*!40101 SET character_set_client = utf8 */;
CREATE TABLE `OrdenEntrada` (
  `id` int(11) NOT NULL AUTO_INCREMENT,
  `orden_salida_id` int(11) DEFAULT NULL,
  `created` datetime NOT NULL,
  `updated` datetime NOT NULL,
  PRIMARY KEY (`id`),
  UNIQUE KEY `UNIQ_F6D93223EC843A5` (`orden_salida_id`),
  CONSTRAINT `FK_F6D93223EC843A5` FOREIGN KEY (`orden_salida_id`) REFERENCES `OrdenSalida` (`id`)
) ENGINE=InnoDB AUTO_INCREMENT=63 DEFAULT CHARSET=utf8 COLLATE=utf8_unicode_ci;
/*!40101 SET character_set_client = @saved_cs_client */;

--
-- Dumping data for table `OrdenEntrada`
--

LOCK TABLES `OrdenEntrada` WRITE;
/*!40000 ALTER TABLE `OrdenEntrada` DISABLE KEYS */;
INSERT INTO `OrdenEntrada` VALUES (1,10,'2014-06-26 08:26:18','2014-06-26 08:26:18'),(2,17,'2014-07-01 17:01:27','2014-07-01 17:01:27'),(3,21,'2014-07-07 09:05:33','2014-07-07 09:05:33'),(4,23,'2014-07-11 10:52:57','2014-07-11 10:52:57'),(5,25,'2014-07-11 16:55:18','2014-07-11 16:55:18'),(6,30,'2014-07-15 08:15:37','2014-07-15 08:15:37'),(7,31,'2014-07-16 18:22:14','2014-07-16 18:22:14'),(8,33,'2014-07-17 17:36:03','2014-07-17 17:36:03'),(9,35,'2014-07-18 09:02:33','2014-07-18 09:02:33'),(10,36,'2014-07-18 09:03:47','2014-07-18 09:03:47'),(11,37,'2014-07-19 10:01:48','2014-07-19 10:01:48'),(12,44,'2014-07-23 08:36:45','2014-07-23 08:36:45'),(13,49,'2014-07-29 08:58:35','2014-07-29 08:58:35'),(14,57,'2014-07-29 16:17:22','2014-07-29 16:17:22'),(15,59,'2014-07-29 16:50:15','2014-07-29 16:50:15'),(16,60,'2014-07-29 16:50:57','2014-07-29 16:50:57'),(17,61,'2014-07-29 17:26:41','2014-07-29 17:26:41'),(18,86,'2014-08-11 17:08:00','2014-08-11 17:08:00'),(19,90,'2014-08-14 08:55:48','2014-08-14 08:55:48'),(20,93,'2014-08-14 10:00:22','2014-08-14 10:00:22'),(21,97,'2014-08-15 09:04:27','2014-08-15 09:04:27'),(22,107,'2014-08-25 17:34:43','2014-08-25 17:34:43'),(23,118,'2014-09-04 16:24:53','2014-09-04 16:24:53'),(24,119,'2014-09-05 11:58:51','2014-09-05 11:58:51'),(25,120,'2014-09-05 12:01:16','2014-09-05 12:01:16'),(26,121,'2014-09-09 09:14:51','2014-09-09 09:14:51'),(27,146,'2014-09-15 17:51:08','2014-09-15 17:51:08'),(28,149,'2014-09-16 11:49:00','2014-09-16 11:49:00'),(29,160,'2014-09-24 08:55:51','2014-09-24 08:55:51'),(30,165,'2014-09-24 10:37:56','2014-09-24 10:37:56'),(31,166,'2014-09-24 10:38:18','2014-09-24 10:38:18'),(32,169,'2014-09-24 10:53:12','2014-09-24 10:53:12'),(33,161,'2014-09-26 10:50:40','2014-09-26 10:50:40'),(34,175,'2014-09-30 18:36:45','2014-09-30 18:36:45'),(35,177,'2014-10-01 16:22:08','2014-10-01 16:22:08'),(36,182,'2014-10-07 15:43:13','2014-10-07 15:43:13'),(37,187,'2014-10-15 10:10:43','2014-10-15 10:10:43'),(38,189,'2014-10-17 15:45:39','2014-10-17 15:45:39'),(39,195,'2014-10-21 18:53:24','2014-10-21 18:53:24'),(40,196,'2014-10-21 19:05:49','2014-10-21 19:05:49'),(41,206,'2014-10-27 17:00:09','2014-10-27 17:00:09'),(42,178,'2014-10-27 17:58:00','2014-10-27 17:58:00'),(43,209,'2014-10-27 18:06:33','2014-10-27 18:06:33'),(44,213,'2014-10-29 15:49:26','2014-10-29 15:49:26'),(45,222,'2014-11-04 07:47:10','2014-11-04 07:47:10'),(46,223,'2014-11-05 16:05:56','2014-11-05 16:05:56'),(47,224,'2014-11-07 09:49:11','2014-11-07 09:49:11'),(48,227,'2014-11-10 17:21:45','2014-11-10 17:21:45'),(49,228,'2014-11-12 09:39:13','2014-11-12 09:39:13'),(50,230,'2014-11-12 11:49:26','2014-11-12 11:49:26'),(51,240,'2014-11-19 17:00:16','2014-11-19 17:00:16'),(53,245,'2014-11-27 17:24:51','2014-11-27 17:24:51'),(54,251,'2014-12-02 11:20:46','2014-12-02 11:20:46'),(55,268,'2014-12-05 08:10:51','2014-12-05 08:10:51'),(56,271,'2014-12-05 17:40:12','2014-12-05 17:40:12'),(57,276,'2014-12-09 11:39:45','2014-12-09 11:39:45'),(59,277,'2014-12-09 15:58:52','2014-12-09 15:58:52'),(60,278,'2014-12-11 18:13:42','2014-12-11 18:13:42'),(61,282,'2014-12-17 10:37:11','2014-12-17 10:37:11'),(62,288,'2015-01-09 09:07:05','2015-01-09 09:07:05');
/*!40000 ALTER TABLE `OrdenEntrada` ENABLE KEYS */;
UNLOCK TABLES;

--
-- Table structure for table `OrdenSalida`
--

DROP TABLE IF EXISTS `OrdenSalida`;
/*!40101 SET @saved_cs_client     = @@character_set_client */;
/*!40101 SET character_set_client = utf8 */;
CREATE TABLE `OrdenSalida` (
  `id` int(11) NOT NULL AUTO_INCREMENT,
  `orden_entrada_id` int(11) DEFAULT NULL,
  `empleado_id` int(11) DEFAULT NULL,
  `created` datetime NOT NULL,
  `updated` datetime NOT NULL,
  `Orden_id` int(11) DEFAULT NULL,
  PRIMARY KEY (`id`),
  UNIQUE KEY `UNIQ_BD1C23721C407F02` (`orden_entrada_id`),
  KEY `IDX_BD1C23726E26E749` (`Orden_id`),
  KEY `IDX_BD1C2372952BE730` (`empleado_id`),
  CONSTRAINT `FK_BD1C23721C407F02` FOREIGN KEY (`orden_entrada_id`) REFERENCES `OrdenEntrada` (`id`),
  CONSTRAINT `FK_BD1C23726E26E749` FOREIGN KEY (`Orden_id`) REFERENCES `Orden` (`id`),
  CONSTRAINT `FK_BD1C2372952BE730` FOREIGN KEY (`empleado_id`) REFERENCES `Empleado` (`id`)
) ENGINE=InnoDB AUTO_INCREMENT=290 DEFAULT CHARSET=utf8 COLLATE=utf8_unicode_ci;
/*!40101 SET character_set_client = @saved_cs_client */;

--
-- Dumping data for table `OrdenSalida`
--

LOCK TABLES `OrdenSalida` WRITE;
/*!40000 ALTER TABLE `OrdenSalida` DISABLE KEYS */;
INSERT INTO `OrdenSalida` VALUES (9,NULL,13,'2014-06-25 18:35:09','2014-06-25 18:35:09',13),(10,1,12,'2014-06-26 08:22:00','2014-06-26 08:26:18',15),(11,NULL,13,'2014-06-27 10:28:05','2014-06-27 10:28:05',16),(12,NULL,18,'2014-06-27 11:11:11','2014-06-27 11:11:30',9),(13,NULL,13,'2014-06-27 15:28:47','2014-06-27 15:28:47',16),(14,NULL,13,'2014-06-27 18:33:44','2014-06-27 18:33:44',18),(15,NULL,13,'2014-06-30 10:55:54','2014-06-30 10:55:54',20),(16,NULL,18,'2014-07-01 09:46:57','2014-07-01 09:46:57',19),(17,2,59,'2014-07-01 16:57:04','2014-07-01 17:01:27',9),(18,NULL,59,'2014-07-01 17:13:04','2014-07-01 17:13:04',21),(19,NULL,18,'2014-07-02 10:59:28','2014-07-02 10:59:28',22),(20,NULL,13,'2014-07-02 19:02:26','2014-07-02 19:02:26',24),(21,3,12,'2014-07-07 09:03:43','2014-07-07 09:05:33',25),(22,NULL,13,'2014-07-10 08:58:08','2014-07-10 08:58:08',28),(23,4,13,'2014-07-11 10:52:00','2014-07-11 10:52:57',34),(24,NULL,13,'2014-07-11 15:46:39','2014-07-11 15:46:39',35),(25,5,18,'2014-07-11 16:53:33','2014-07-11 16:55:18',26),(26,NULL,13,'2014-07-14 09:40:45','2014-07-14 09:40:45',38),(27,NULL,13,'2014-07-14 16:57:52','2014-07-14 16:57:52',40),(28,NULL,13,'2014-07-14 17:39:37','2014-07-14 17:39:37',41),(29,NULL,13,'2014-07-14 18:04:56','2014-07-14 18:04:56',42),(30,6,18,'2014-07-15 08:15:21','2014-07-15 08:15:37',43),(31,7,13,'2014-07-16 18:21:58','2014-07-16 18:22:14',46),(32,NULL,13,'2014-07-16 18:36:45','2014-07-16 18:36:45',47),(33,8,13,'2014-07-17 17:35:43','2014-07-17 17:36:03',50),(34,NULL,13,'2014-07-17 19:01:19','2014-07-17 19:01:19',51),(35,9,12,'2014-07-18 08:53:54','2014-07-18 09:02:33',52),(36,10,12,'2014-07-18 09:03:24','2014-07-18 09:03:47',52),(37,11,13,'2014-07-19 10:01:12','2014-07-19 10:01:48',53),(38,NULL,15,'2014-07-19 10:19:08','2014-07-19 10:19:08',54),(39,NULL,15,'2014-07-19 10:53:05','2014-07-19 10:53:05',54),(40,NULL,13,'2014-07-21 08:20:13','2014-07-21 08:20:13',56),(41,NULL,12,'2014-07-21 16:50:12','2014-07-21 16:50:12',57),(42,NULL,14,'2014-07-22 16:29:01','2014-07-22 16:29:01',58),(43,NULL,15,'2014-07-22 16:36:21','2014-07-22 16:36:21',54),(44,12,12,'2014-07-23 08:36:19','2014-07-23 08:36:45',60),(45,NULL,15,'2014-07-23 08:39:17','2014-07-23 08:39:17',54),(46,NULL,13,'2014-07-23 10:56:45','2014-07-23 10:56:45',63),(47,NULL,14,'2014-07-23 16:11:33','2014-07-23 16:11:33',64),(48,NULL,13,'2014-07-24 17:58:32','2014-07-24 17:58:32',68),(49,13,11,'2014-07-26 09:38:30','2014-07-29 08:58:35',54),(50,NULL,13,'2014-07-28 16:09:56','2014-07-28 16:09:56',71),(51,NULL,13,'2014-07-29 09:02:07','2014-07-29 09:02:07',69),(52,NULL,13,'2014-07-29 09:36:50','2014-07-29 09:36:50',73),(53,NULL,12,'2014-07-29 10:59:55','2014-07-29 10:59:55',11),(54,NULL,15,'2014-07-29 11:05:18','2014-07-29 11:05:18',54),(55,NULL,12,'2014-07-29 11:30:17','2014-07-29 11:30:17',11),(56,NULL,12,'2014-07-29 15:54:45','2014-07-29 15:54:45',11),(57,14,12,'2014-07-29 16:16:19','2014-07-29 16:17:22',11),(58,NULL,12,'2014-07-29 16:23:53','2014-07-29 16:23:53',11),(59,15,12,'2014-07-29 16:36:29','2014-07-29 16:50:15',11),(60,16,12,'2014-07-29 16:41:43','2014-07-29 16:50:57',11),(61,17,12,'2014-07-29 17:22:17','2014-07-29 17:26:41',11),(62,NULL,12,'2014-07-29 17:41:42','2014-07-29 17:41:42',11),(63,NULL,12,'2014-07-29 17:51:49','2014-07-29 17:51:49',11),(64,NULL,13,'2014-07-29 18:02:04','2014-07-29 18:02:04',70),(65,NULL,13,'2014-07-30 08:35:37','2014-07-30 08:35:37',74),(66,NULL,13,'2014-07-31 09:40:12','2014-07-31 09:40:12',76),(67,NULL,15,'2014-07-31 09:47:06','2014-07-31 09:47:06',54),(68,NULL,15,'2014-07-31 10:46:46','2014-07-31 10:46:46',54),(69,NULL,15,'2014-07-31 10:52:01','2014-07-31 10:52:01',54),(70,NULL,15,'2014-07-31 11:04:15','2014-07-31 11:04:15',54),(71,NULL,15,'2014-07-31 18:00:10','2014-07-31 18:00:10',54),(72,NULL,13,'2014-07-31 18:48:18','2014-07-31 18:48:18',77),(73,NULL,15,'2014-08-02 10:16:47','2014-08-02 10:16:47',54),(74,NULL,15,'2014-08-02 10:44:37','2014-08-02 10:44:37',54),(75,NULL,15,'2014-08-02 10:48:23','2014-08-02 10:48:23',54),(76,NULL,15,'2014-08-02 11:01:27','2014-08-02 11:01:27',54),(77,NULL,15,'2014-08-02 11:05:29','2014-08-02 11:05:29',54),(78,NULL,15,'2014-08-02 11:18:50','2014-08-02 11:18:50',54),(79,NULL,15,'2014-08-02 11:23:53','2014-08-02 11:23:53',54),(80,NULL,13,'2014-08-04 15:52:35','2014-08-04 15:52:35',82),(81,NULL,15,'2014-08-06 16:38:35','2014-08-06 16:38:35',54),(82,NULL,15,'2014-08-07 08:20:14','2014-08-07 08:20:14',54),(83,NULL,13,'2014-08-08 10:20:48','2014-08-08 10:20:48',88),(84,NULL,18,'2014-08-11 08:17:41','2014-08-11 08:17:41',89),(85,NULL,15,'2014-08-11 16:47:46','2014-08-11 16:47:46',54),(86,18,18,'2014-08-11 17:07:30','2014-08-11 17:08:00',93),(87,NULL,13,'2014-08-12 08:16:09','2014-08-12 08:16:09',94),(88,NULL,15,'2014-08-12 10:17:33','2014-08-12 10:17:33',54),(89,NULL,13,'2014-08-12 15:42:51','2014-08-12 15:42:51',96),(90,19,15,'2014-08-13 17:03:58','2014-08-14 08:55:48',99),(91,NULL,13,'2014-08-13 18:01:21','2014-08-13 18:01:21',11),(92,NULL,13,'2014-08-14 09:03:39','2014-08-14 09:03:39',11),(93,20,15,'2014-08-14 09:13:25','2014-08-14 10:00:22',99),(94,NULL,13,'2014-08-14 10:05:14','2014-08-14 10:05:14',101),(95,NULL,13,'2014-08-14 10:13:05','2014-08-14 10:13:05',11),(96,NULL,13,'2014-08-14 10:23:56','2014-08-14 10:23:56',101),(97,21,12,'2014-08-15 09:03:25','2014-08-15 09:04:27',102),(98,NULL,18,'2014-08-15 15:54:34','2014-08-15 15:54:34',108),(99,NULL,13,'2014-08-20 10:37:38','2014-08-20 10:37:38',110),(100,NULL,15,'2014-08-20 10:50:04','2014-08-20 10:50:04',99),(101,NULL,13,'2014-08-20 15:09:08','2014-08-20 15:09:08',111),(102,NULL,13,'2014-08-20 16:35:34','2014-08-20 16:35:34',107),(103,NULL,13,'2014-08-21 17:16:50','2014-08-21 17:16:50',112),(104,NULL,13,'2014-08-21 18:46:25','2014-08-21 18:46:25',108),(105,NULL,13,'2014-08-22 15:25:29','2014-08-22 15:25:29',114),(106,NULL,13,'2014-08-22 15:37:47','2014-08-22 15:37:47',115),(107,22,15,'2014-08-25 17:34:26','2014-08-25 17:34:43',101),(108,NULL,12,'2014-08-26 16:32:11','2014-08-26 16:32:11',116),(109,NULL,13,'2014-08-26 18:09:54','2014-08-26 18:09:54',117),(110,NULL,15,'2014-08-26 18:28:15','2014-08-26 18:28:15',99),(111,NULL,13,'2014-08-27 16:01:03','2014-08-27 16:01:03',101),(112,NULL,15,'2014-08-27 18:47:00','2014-08-27 18:47:00',99),(113,NULL,13,'2014-08-27 18:50:44','2014-08-27 18:50:44',118),(114,NULL,13,'2014-08-27 18:59:06','2014-08-27 18:59:06',119),(115,NULL,13,'2014-08-29 08:33:46','2014-08-29 08:33:46',121),(116,NULL,13,'2014-09-02 17:42:55','2014-09-02 17:42:55',124),(117,NULL,101,'2014-09-04 10:55:10','2014-09-04 10:55:10',125),(118,23,101,'2014-09-04 16:24:26','2014-09-04 16:24:53',126),(119,24,101,'2014-09-05 11:50:39','2014-09-05 11:58:51',104),(120,25,101,'2014-09-05 12:00:54','2014-09-05 12:01:16',104),(121,26,13,'2014-09-09 09:13:36','2014-09-09 09:14:51',130),(122,NULL,13,'2014-09-10 08:21:52','2014-09-10 08:21:52',132),(123,NULL,15,'2014-09-10 15:41:59','2014-09-10 15:41:59',99),(124,NULL,15,'2014-09-10 15:46:52','2014-09-10 15:46:52',99),(125,NULL,15,'2014-09-10 15:49:58','2014-09-10 15:49:58',99),(126,NULL,15,'2014-09-10 15:50:00','2014-09-10 15:50:00',99),(127,NULL,15,'2014-09-10 16:00:52','2014-09-10 16:00:52',99),(128,NULL,15,'2014-09-10 16:17:36','2014-09-10 16:17:36',99),(129,NULL,15,'2014-09-10 16:22:18','2014-09-10 16:22:18',99),(130,NULL,15,'2014-09-10 16:27:55','2014-09-10 16:27:55',99),(131,NULL,15,'2014-09-10 16:40:25','2014-09-10 16:40:25',99),(132,NULL,15,'2014-09-10 16:42:44','2014-09-10 16:42:44',99),(133,NULL,15,'2014-09-10 16:46:43','2014-09-10 16:46:43',99),(134,NULL,11,'2014-09-10 16:48:44','2014-09-10 16:48:44',99),(135,NULL,15,'2014-09-10 17:14:44','2014-09-10 17:14:44',133),(136,NULL,15,'2014-09-10 18:53:22','2014-09-10 18:53:22',99),(137,NULL,15,'2014-09-10 18:56:46','2014-09-10 18:56:46',99),(138,NULL,15,'2014-09-10 18:59:22','2014-09-10 18:59:22',99),(139,NULL,15,'2014-09-10 19:11:01','2014-09-10 19:11:01',99),(140,NULL,15,'2014-09-11 11:11:15','2014-09-11 11:11:15',99),(141,NULL,15,'2014-09-11 15:45:57','2014-09-11 15:45:57',99),(142,NULL,15,'2014-09-11 16:12:29','2014-09-11 16:12:29',99),(143,NULL,11,'2014-09-11 16:12:57','2014-09-11 16:12:57',99),(144,NULL,15,'2014-09-11 16:15:50','2014-09-11 16:15:50',99),(145,NULL,13,'2014-09-15 16:13:35','2014-09-15 16:13:35',135),(146,27,13,'2014-09-15 17:49:33','2014-09-15 17:51:08',134),(147,NULL,13,'2014-09-15 18:18:06','2014-09-15 18:18:06',138),(148,NULL,14,'2014-09-15 19:12:55','2014-09-15 19:12:55',139),(149,28,13,'2014-09-16 11:42:11','2014-09-16 11:49:00',141),(150,NULL,14,'2014-09-18 10:20:14','2014-09-18 10:20:14',142),(151,NULL,13,'2014-09-19 08:27:46','2014-09-19 08:27:46',146),(152,NULL,13,'2014-09-19 08:46:16','2014-09-19 08:46:16',147),(153,NULL,13,'2014-09-19 18:49:46','2014-09-19 18:49:46',148),(154,NULL,101,'2014-09-22 09:14:59','2014-09-22 09:14:59',106),(155,NULL,15,'2014-09-22 16:06:54','2014-09-22 16:06:54',99),(156,NULL,12,'2014-09-22 16:13:00','2014-09-22 16:13:00',143),(157,NULL,15,'2014-09-22 16:19:39','2014-09-22 16:19:39',99),(158,NULL,13,'2014-09-22 18:53:40','2014-09-22 18:53:40',152),(159,NULL,12,'2014-09-23 16:49:46','2014-09-23 16:49:46',143),(160,29,13,'2014-09-23 17:54:13','2014-09-24 08:55:51',154),(161,33,13,'2014-09-23 17:59:23','2014-09-26 10:50:40',153),(162,NULL,13,'2014-09-23 18:45:36','2014-09-23 18:45:36',103),(163,NULL,13,'2014-09-24 09:38:46','2014-09-24 09:38:46',103),(164,NULL,101,'2014-09-24 10:02:17','2014-09-24 10:02:17',106),(165,30,101,'2014-09-24 10:09:07','2014-09-24 10:37:56',106),(166,31,12,'2014-09-24 10:14:11','2014-09-24 10:38:18',106),(167,NULL,18,'2014-09-24 10:43:10','2014-09-24 10:43:10',106),(168,NULL,18,'2014-09-24 10:47:57','2014-09-24 10:47:57',106),(169,32,12,'2014-09-24 10:52:40','2014-09-24 10:53:12',106),(170,NULL,12,'2014-09-24 11:13:23','2014-09-24 11:13:23',109),(171,NULL,18,'2014-09-24 16:04:18','2014-09-24 16:04:18',4),(172,NULL,13,'2014-09-25 08:16:34','2014-09-25 08:16:34',155),(173,NULL,13,'2014-09-25 09:40:22','2014-09-25 09:40:22',153),(174,NULL,11,'2014-09-26 10:53:11','2014-09-26 10:53:11',99),(175,34,13,'2014-09-30 18:36:30','2014-09-30 18:36:45',157),(176,NULL,13,'2014-10-01 08:00:06','2014-10-01 08:00:06',158),(177,35,101,'2014-10-01 16:16:28','2014-10-01 16:22:08',159),(178,42,101,'2014-10-01 16:18:19','2014-10-27 17:58:00',159),(179,NULL,13,'2014-10-06 11:16:50','2014-10-06 11:16:50',162),(180,NULL,13,'2014-10-06 11:18:36','2014-10-06 11:18:36',161),(181,NULL,13,'2014-10-06 17:24:29','2014-10-06 17:24:29',163),(182,36,101,'2014-10-07 15:41:27','2014-10-07 15:43:13',165),(183,NULL,13,'2014-10-09 10:00:07','2014-10-09 10:00:07',166),(184,NULL,15,'2014-10-14 09:26:17','2014-10-14 09:26:17',168),(185,NULL,13,'2014-10-14 09:44:35','2014-10-14 09:44:35',169),(186,NULL,13,'2014-10-14 10:17:59','2014-10-14 10:17:59',170),(187,37,13,'2014-10-15 10:10:20','2014-10-15 10:10:43',171),(188,NULL,13,'2014-10-15 10:40:05','2014-10-15 10:40:05',172),(189,38,13,'2014-10-17 15:44:59','2014-10-17 15:45:39',174),(190,NULL,13,'2014-10-20 09:08:07','2014-10-20 09:08:07',175),(192,NULL,13,'2014-10-21 08:50:39','2014-10-21 08:50:39',176),(193,NULL,13,'2014-10-21 09:10:06','2014-10-21 09:10:06',178),(194,NULL,13,'2014-10-21 09:26:04','2014-10-21 09:26:04',181),(195,39,13,'2014-10-21 18:52:51','2014-10-21 18:53:24',183),(196,40,13,'2014-10-21 19:05:28','2014-10-21 19:05:49',184),(197,NULL,11,'2014-10-22 09:01:30','2014-10-22 09:01:30',99),(198,NULL,12,'2014-10-23 08:27:18','2014-10-23 08:27:18',185),(199,NULL,13,'2014-10-23 10:29:24','2014-10-23 10:29:24',186),(200,NULL,11,'2014-10-23 15:31:46','2014-10-23 15:31:46',99),(201,NULL,11,'2014-10-23 16:11:49','2014-10-23 16:11:49',99),(202,NULL,11,'2014-10-23 18:00:02','2014-10-23 18:00:02',99),(203,NULL,11,'2014-10-23 18:11:45','2014-10-23 18:11:45',99),(204,NULL,15,'2014-10-23 18:38:23','2014-10-23 18:38:23',99),(205,NULL,15,'2014-10-23 18:40:42','2014-10-23 18:40:42',99),(206,41,13,'2014-10-27 16:59:24','2014-10-27 17:00:09',188),(207,NULL,12,'2014-10-27 17:08:32','2014-10-27 17:08:32',189),(208,NULL,15,'2014-10-27 17:53:17','2014-10-27 17:53:17',99),(209,43,12,'2014-10-27 18:06:04','2014-10-27 18:06:33',190),(210,NULL,13,'2014-10-27 18:44:30','2014-10-27 18:44:30',191),(211,NULL,15,'2014-10-29 10:54:13','2014-10-29 10:54:13',54),(212,NULL,15,'2014-10-29 11:01:50','2014-10-29 11:01:50',54),(213,44,13,'2014-10-29 15:48:56','2014-10-29 15:49:26',193),(214,NULL,13,'2014-10-30 07:57:07','2014-10-30 07:57:07',194),(215,NULL,13,'2014-10-30 08:17:08','2014-10-30 08:17:08',196),(216,NULL,15,'2014-10-30 09:17:19','2014-10-30 09:17:19',54),(217,NULL,15,'2014-10-30 10:15:31','2014-10-30 10:15:31',54),(218,NULL,11,'2014-10-30 10:32:56','2014-10-30 10:32:56',54),(219,NULL,12,'2014-10-30 11:24:19','2014-10-30 11:24:19',197),(220,NULL,13,'2014-11-03 17:04:12','2014-11-03 17:04:12',198),(221,NULL,15,'2014-11-03 18:43:59','2014-11-03 18:43:59',199),(222,45,11,'2014-11-04 07:46:53','2014-11-04 07:47:11',193),(223,46,13,'2014-11-05 16:04:34','2014-11-05 16:05:56',205),(224,47,13,'2014-11-07 09:48:55','2014-11-07 09:49:11',208),(226,NULL,13,'2014-11-10 08:49:09','2014-11-10 08:49:09',211),(227,48,13,'2014-11-10 17:19:57','2014-11-10 17:21:45',215),(228,49,13,'2014-11-12 09:37:27','2014-11-12 09:39:13',217),(229,NULL,14,'2014-11-12 10:30:33','2014-11-12 10:30:33',218),(230,50,13,'2014-11-12 11:48:17','2014-11-12 11:49:26',219),(231,NULL,13,'2014-11-13 08:24:40','2014-11-13 08:24:40',212),(233,NULL,13,'2014-11-17 18:39:46','2014-11-17 18:39:46',223),(234,NULL,13,'2014-11-17 18:46:49','2014-11-17 18:46:49',224),(235,NULL,13,'2014-11-18 08:18:24','2014-11-18 08:18:24',225),(236,NULL,13,'2014-11-18 15:46:53','2014-11-18 15:46:53',227),(237,NULL,13,'2014-11-19 08:10:05','2014-11-19 08:10:05',228),(238,NULL,13,'2014-11-19 09:11:31','2014-11-19 09:11:31',216),(239,NULL,13,'2014-11-19 09:42:11','2014-11-19 09:42:11',210),(240,51,13,'2014-11-19 16:54:31','2014-11-19 17:00:16',229),(242,NULL,13,'2014-11-20 08:04:25','2014-11-20 08:04:25',230),(243,NULL,13,'2014-11-20 10:07:45','2014-11-20 10:08:00',232),(244,NULL,13,'2014-11-27 07:51:11','2014-11-27 07:51:11',234),(245,53,13,'2014-11-27 17:22:44','2014-11-27 17:24:51',235),(246,NULL,13,'2014-11-28 08:46:46','2014-11-28 08:46:46',221),(247,NULL,12,'2014-11-28 09:43:18','2014-11-28 09:43:18',236),(248,NULL,13,'2014-12-01 08:27:03','2014-12-01 08:27:03',237),(249,NULL,13,'2014-12-01 16:27:35','2014-12-01 16:27:35',239),(250,NULL,18,'2014-12-01 17:11:23','2014-12-01 17:11:23',240),(251,54,13,'2014-12-02 11:19:58','2014-12-02 11:20:46',245),(252,NULL,13,'2014-12-02 16:15:34','2014-12-02 16:15:34',246),(253,NULL,13,'2014-12-02 18:17:10','2014-12-02 18:17:10',247),(254,NULL,11,'2014-12-03 15:24:20','2014-12-03 15:24:20',99),(255,NULL,13,'2014-12-03 15:31:02','2014-12-03 15:31:02',249),(256,NULL,11,'2014-12-04 10:28:24','2014-12-04 10:28:24',99),(257,NULL,11,'2014-12-04 10:39:46','2014-12-04 10:39:46',99),(258,NULL,11,'2014-12-04 10:44:45','2014-12-04 10:44:45',99),(259,NULL,11,'2014-12-04 10:46:29','2014-12-04 10:46:29',99),(260,NULL,11,'2014-12-04 11:29:09','2014-12-04 11:29:09',99),(261,NULL,11,'2014-12-04 11:36:22','2014-12-04 11:36:22',99),(262,NULL,11,'2014-12-04 11:45:14','2014-12-04 11:45:14',99),(263,NULL,11,'2014-12-04 11:56:22','2014-12-04 11:56:22',99),(264,NULL,11,'2014-12-04 16:47:32','2014-12-04 16:47:32',99),(265,NULL,11,'2014-12-04 16:47:35','2014-12-04 16:47:35',99),(266,NULL,11,'2014-12-04 16:53:40','2014-12-04 16:53:40',99),(267,NULL,15,'2014-12-04 17:05:58','2014-12-04 17:05:58',99),(268,55,13,'2014-12-05 08:10:32','2014-12-05 08:10:51',253),(269,NULL,15,'2014-12-05 15:47:31','2014-12-05 15:47:31',99),(270,NULL,12,'2014-12-05 16:01:11','2014-12-05 16:01:11',254),(271,56,13,'2014-12-05 17:34:59','2014-12-05 17:40:12',255),(273,NULL,13,'2014-12-05 18:26:48','2014-12-05 18:26:48',257),(274,NULL,13,'2014-12-06 11:49:43','2014-12-06 11:49:43',262),(275,NULL,13,'2014-12-09 11:17:29','2014-12-09 11:17:29',266),(276,57,13,'2014-12-09 11:39:17','2014-12-09 11:39:45',267),(277,59,13,'2014-12-09 15:58:39','2014-12-09 15:58:52',267),(278,60,12,'2014-12-11 18:13:01','2014-12-11 18:13:42',204),(279,NULL,13,'2014-12-12 15:47:12','2014-12-12 15:47:12',270),(280,NULL,13,'2014-12-15 16:01:18','2014-12-15 16:01:18',273),(281,NULL,13,'2014-12-15 16:40:32','2014-12-15 16:40:32',274),(282,61,13,'2014-12-17 10:36:59','2014-12-17 10:37:11',275),(283,NULL,13,'2014-12-17 11:14:47','2014-12-17 11:14:47',276),(284,NULL,13,'2014-12-18 09:19:28','2014-12-18 09:19:28',277),(285,NULL,13,'2014-12-20 08:50:56','2014-12-20 08:50:56',279),(286,NULL,13,'2014-12-20 11:29:08','2014-12-20 11:29:08',280),(287,NULL,13,'2015-01-08 08:54:30','2015-01-08 08:54:30',281),(288,62,18,'2015-01-08 18:30:56','2015-01-09 09:07:05',192),(289,NULL,11,'2015-01-09 18:40:19','2015-01-09 18:40:19',99);
/*!40000 ALTER TABLE `OrdenSalida` ENABLE KEYS */;
UNLOCK TABLES;

--
-- Table structure for table `Presupuesto`
--

DROP TABLE IF EXISTS `Presupuesto`;
/*!40101 SET @saved_cs_client     = @@character_set_client */;
/*!40101 SET character_set_client = utf8 */;
CREATE TABLE `Presupuesto` (
  `id` int(11) NOT NULL AUTO_INCREMENT,
  `cliente_id` int(11) DEFAULT NULL,
  `numero` varchar(255) COLLATE utf8_unicode_ci NOT NULL,
  `fecha` date NOT NULL,
  `costoTotal` double NOT NULL,
  `domicilio_id` int(11) DEFAULT NULL,
  `created` datetime NOT NULL,
  `updated` datetime NOT NULL,
  PRIMARY KEY (`id`),
  KEY `IDX_9DFFE704DE734E51` (`cliente_id`),
  KEY `IDX_9DFFE704166FC4DD` (`domicilio_id`),
  CONSTRAINT `FK_9DFFE704166FC4DD` FOREIGN KEY (`domicilio_id`) REFERENCES `Domicilio` (`id`),
  CONSTRAINT `FK_9DFFE704DE734E51` FOREIGN KEY (`cliente_id`) REFERENCES `Cliente` (`id`)
) ENGINE=InnoDB DEFAULT CHARSET=utf8 COLLATE=utf8_unicode_ci;
/*!40101 SET character_set_client = @saved_cs_client */;

--
-- Dumping data for table `Presupuesto`
--

LOCK TABLES `Presupuesto` WRITE;
/*!40000 ALTER TABLE `Presupuesto` DISABLE KEYS */;
/*!40000 ALTER TABLE `Presupuesto` ENABLE KEYS */;
UNLOCK TABLES;

--
-- Table structure for table `PresupuestoTarea`
--

DROP TABLE IF EXISTS `PresupuestoTarea`;
/*!40101 SET @saved_cs_client     = @@character_set_client */;
/*!40101 SET character_set_client = utf8 */;
CREATE TABLE `PresupuestoTarea` (
  `id` int(11) NOT NULL AUTO_INCREMENT,
  `presupuesto_id` int(11) DEFAULT NULL,
  `tarea_id` int(11) DEFAULT NULL,
  `precio` double NOT NULL,
  `cantidad` int(11) NOT NULL,
  PRIMARY KEY (`id`),
  KEY `IDX_393E639990119F0F` (`presupuesto_id`),
  KEY `IDX_393E63996D5BDFE1` (`tarea_id`),
  CONSTRAINT `FK_393E63996D5BDFE1` FOREIGN KEY (`tarea_id`) REFERENCES `Tarea` (`id`),
  CONSTRAINT `FK_393E639990119F0F` FOREIGN KEY (`presupuesto_id`) REFERENCES `Presupuesto` (`id`)
) ENGINE=InnoDB DEFAULT CHARSET=utf8 COLLATE=utf8_unicode_ci;
/*!40101 SET character_set_client = @saved_cs_client */;

--
-- Dumping data for table `PresupuestoTarea`
--

LOCK TABLES `PresupuestoTarea` WRITE;
/*!40000 ALTER TABLE `PresupuestoTarea` DISABLE KEYS */;
/*!40000 ALTER TABLE `PresupuestoTarea` ENABLE KEYS */;
UNLOCK TABLES;

--
-- Table structure for table `Proveedor`
--

DROP TABLE IF EXISTS `Proveedor`;
/*!40101 SET @saved_cs_client     = @@character_set_client */;
/*!40101 SET character_set_client = utf8 */;
CREATE TABLE `Proveedor` (
  `id` int(11) NOT NULL,
  `empresa` varchar(100) COLLATE utf8_unicode_ci DEFAULT NULL,
  PRIMARY KEY (`id`),
  CONSTRAINT `FK_9431EA6DBF396750` FOREIGN KEY (`id`) REFERENCES `persona` (`id`) ON DELETE CASCADE
) ENGINE=InnoDB DEFAULT CHARSET=utf8 COLLATE=utf8_unicode_ci;
/*!40101 SET character_set_client = @saved_cs_client */;

--
-- Dumping data for table `Proveedor`
--

LOCK TABLES `Proveedor` WRITE;
/*!40000 ALTER TABLE `Proveedor` DISABLE KEYS */;
/*!40000 ALTER TABLE `Proveedor` ENABLE KEYS */;
UNLOCK TABLES;

--
-- Table structure for table `ReciboCompra`
--

DROP TABLE IF EXISTS `ReciboCompra`;
/*!40101 SET @saved_cs_client     = @@character_set_client */;
/*!40101 SET character_set_client = utf8 */;
CREATE TABLE `ReciboCompra` (
  `id` int(11) NOT NULL,
  `numero` int(11) NOT NULL,
  PRIMARY KEY (`id`),
  CONSTRAINT `FK_8799BEAABF396750` FOREIGN KEY (`id`) REFERENCES `Comprobante` (`id`) ON DELETE CASCADE
) ENGINE=InnoDB DEFAULT CHARSET=utf8 COLLATE=utf8_unicode_ci;
/*!40101 SET character_set_client = @saved_cs_client */;

--
-- Dumping data for table `ReciboCompra`
--

LOCK TABLES `ReciboCompra` WRITE;
/*!40000 ALTER TABLE `ReciboCompra` DISABLE KEYS */;
/*!40000 ALTER TABLE `ReciboCompra` ENABLE KEYS */;
UNLOCK TABLES;

--
-- Table structure for table `ReciboVenta`
--

DROP TABLE IF EXISTS `ReciboVenta`;
/*!40101 SET @saved_cs_client     = @@character_set_client */;
/*!40101 SET character_set_client = utf8 */;
CREATE TABLE `ReciboVenta` (
  `id` int(11) NOT NULL,
  `numero` int(11) NOT NULL,
  PRIMARY KEY (`id`),
  CONSTRAINT `FK_BB5ECAC3BF396750` FOREIGN KEY (`id`) REFERENCES `Comprobante` (`id`) ON DELETE CASCADE
) ENGINE=InnoDB DEFAULT CHARSET=utf8 COLLATE=utf8_unicode_ci;
/*!40101 SET character_set_client = @saved_cs_client */;

--
-- Dumping data for table `ReciboVenta`
--

LOCK TABLES `ReciboVenta` WRITE;
/*!40000 ALTER TABLE `ReciboVenta` DISABLE KEYS */;
/*!40000 ALTER TABLE `ReciboVenta` ENABLE KEYS */;
UNLOCK TABLES;

--
-- Table structure for table `Rubro`
--

DROP TABLE IF EXISTS `Rubro`;
/*!40101 SET @saved_cs_client     = @@character_set_client */;
/*!40101 SET character_set_client = utf8 */;
CREATE TABLE `Rubro` (
  `id` int(11) NOT NULL AUTO_INCREMENT,
  `created` datetime NOT NULL,
  `updated` datetime NOT NULL,
  `nombre` varchar(255) COLLATE utf8_unicode_ci NOT NULL,
  `cantidadMinima` decimal(10,0) NOT NULL,
  PRIMARY KEY (`id`)
) ENGINE=InnoDB AUTO_INCREMENT=25 DEFAULT CHARSET=utf8 COLLATE=utf8_unicode_ci;
/*!40101 SET character_set_client = @saved_cs_client */;

--
-- Dumping data for table `Rubro`
--

LOCK TABLES `Rubro` WRITE;
/*!40000 ALTER TABLE `Rubro` DISABLE KEYS */;
INSERT INTO `Rubro` VALUES (1,'2014-03-27 18:36:21','2014-12-18 07:43:04','PROTECCIÓN-COMANDO',1),(2,'2014-03-28 16:56:11','2014-07-22 09:59:12','LAMPARA',5),(3,'2014-04-05 12:07:31','2014-07-22 09:56:54','CABLE',15),(4,'2014-04-07 07:55:47','2014-07-22 09:57:34','CAÑERIAS',5),(5,'2014-04-07 07:56:58','2014-07-22 09:56:00','BAJADA DE POTENCIA',2),(6,'2014-04-07 08:01:22','2014-07-22 10:00:39','TABLERO',3),(7,'2014-04-07 08:01:54','2014-07-22 09:58:06','DISYUNTORES Y TERMICAS',5),(8,'2014-04-07 08:02:12','2014-07-22 09:59:46','MODULOS',5),(9,'2014-04-07 08:02:28','2014-07-22 09:56:39','BULONERIA',50),(10,'2014-04-07 08:02:44','2014-07-22 09:58:24','ELECTRONICA',2),(11,'2014-04-07 08:03:15','2014-07-22 09:53:58','ARTEFACTOS',5),(12,'2014-04-11 17:50:28','2014-07-22 09:55:31','AUDIO-TV-ALARMA-TELEF',5),(13,'2014-04-14 17:48:29','2014-06-10 17:47:48','ADHESIVOS Y SELLADORES',2),(14,'2014-04-16 10:42:40','2014-07-22 09:54:46','VENTILADOR',2),(15,'2014-04-21 10:35:03','2014-06-10 17:47:19','BASTIDOR/TAPA',5),(16,'2014-05-09 11:54:28','2014-07-22 09:58:40','INDUSTRIAL',2),(17,'2014-05-09 11:54:42','2014-07-22 09:58:58','INSUMOS',2),(18,'2014-05-16 11:47:12','2014-07-22 09:57:17','CABLE-UNI Y PISOCANAL',2),(19,'2014-05-27 11:10:04','2014-07-22 09:59:31','LINEAS AEREAS',3),(20,'2014-06-06 18:06:32','2014-07-22 09:54:25','ARTEFACTOS MAS UTILIZADOS',30),(21,'2014-06-19 18:00:40','2014-07-22 09:56:18','BANDEJAS PERFORADAS',3),(22,'2014-07-22 10:01:16','2014-07-22 10:01:16','ILUMINACIÓN GRANDES AREAS',2),(23,'2014-07-22 16:30:37','2014-07-22 16:30:37','ARTEFACTOS PARA DICRO',2),(24,'2014-11-21 16:42:28','2014-11-21 16:42:28','Plomeria',3);
/*!40000 ALTER TABLE `Rubro` ENABLE KEYS */;
UNLOCK TABLES;

--
-- Table structure for table `Tarea`
--

DROP TABLE IF EXISTS `Tarea`;
/*!40101 SET @saved_cs_client     = @@character_set_client */;
/*!40101 SET character_set_client = utf8 */;
CREATE TABLE `Tarea` (
  `id` int(11) NOT NULL AUTO_INCREMENT,
  `nombre` varchar(255) COLLATE utf8_unicode_ci NOT NULL,
  PRIMARY KEY (`id`)
) ENGINE=InnoDB DEFAULT CHARSET=utf8 COLLATE=utf8_unicode_ci;
/*!40101 SET character_set_client = @saved_cs_client */;

--
-- Dumping data for table `Tarea`
--

LOCK TABLES `Tarea` WRITE;
/*!40000 ALTER TABLE `Tarea` DISABLE KEYS */;
/*!40000 ALTER TABLE `Tarea` ENABLE KEYS */;
UNLOCK TABLES;

--
-- Table structure for table `TareaEmpleadoCargo`
--

DROP TABLE IF EXISTS `TareaEmpleadoCargo`;
/*!40101 SET @saved_cs_client     = @@character_set_client */;
/*!40101 SET character_set_client = utf8 */;
CREATE TABLE `TareaEmpleadoCargo` (
  `id` int(11) NOT NULL AUTO_INCREMENT,
  `tarea_id` int(11) DEFAULT NULL,
  `horas` int(11) NOT NULL,
  `tareaEmpleadoCargo_id` int(11) DEFAULT NULL,
  PRIMARY KEY (`id`),
  KEY `IDX_A7366CBF6D5BDFE1` (`tarea_id`),
  KEY `IDX_A7366CBF3979E850` (`tareaEmpleadoCargo_id`),
  CONSTRAINT `FK_A7366CBF3979E850` FOREIGN KEY (`tareaEmpleadoCargo_id`) REFERENCES `EmpleadoCargo` (`id`),
  CONSTRAINT `FK_A7366CBF6D5BDFE1` FOREIGN KEY (`tarea_id`) REFERENCES `Tarea` (`id`)
) ENGINE=InnoDB DEFAULT CHARSET=utf8 COLLATE=utf8_unicode_ci;
/*!40101 SET character_set_client = @saved_cs_client */;

--
-- Dumping data for table `TareaEmpleadoCargo`
--

LOCK TABLES `TareaEmpleadoCargo` WRITE;
/*!40000 ALTER TABLE `TareaEmpleadoCargo` DISABLE KEYS */;
/*!40000 ALTER TABLE `TareaEmpleadoCargo` ENABLE KEYS */;
UNLOCK TABLES;

--
-- Table structure for table `Telefono`
--

DROP TABLE IF EXISTS `Telefono`;
/*!40101 SET @saved_cs_client     = @@character_set_client */;
/*!40101 SET character_set_client = utf8 */;
CREATE TABLE `Telefono` (
  `id` int(11) NOT NULL AUTO_INCREMENT,
  `persona_id` int(11) DEFAULT NULL,
  `tipo` varchar(100) COLLATE utf8_unicode_ci NOT NULL,
  `numero` varchar(50) COLLATE utf8_unicode_ci NOT NULL,
  PRIMARY KEY (`id`),
  KEY `IDX_38916829F5F88DB9` (`persona_id`),
  CONSTRAINT `FK_38916829F5F88DB9` FOREIGN KEY (`persona_id`) REFERENCES `persona` (`id`)
) ENGINE=InnoDB AUTO_INCREMENT=117 DEFAULT CHARSET=utf8 COLLATE=utf8_unicode_ci;
/*!40101 SET character_set_client = @saved_cs_client */;

--
-- Dumping data for table `Telefono`
--

LOCK TABLES `Telefono` WRITE;
/*!40000 ALTER TABLE `Telefono` DISABLE KEYS */;
INSERT INTO `Telefono` VALUES (1,3,'laboral','4430196'),(9,28,'laboral','4446847'),(10,28,'personal','3624657889'),(11,29,'laboral','4420429'),(12,33,'laboral','4426496'),(13,35,'laboral','4435254'),(14,39,'laboral','4427919'),(15,43,'laboral','4463300'),(16,44,'laboral','4439474'),(17,46,'personal','3624645190'),(18,48,'personal','3624733530'),(19,48,'laboral','03624423780'),(20,49,'personal','3624621003'),(21,50,'personal','4423924'),(23,31,'personal','3624283801'),(24,31,'laboral','4450222'),(25,51,'personal','3624200074'),(26,52,'personal','3624640042'),(27,53,'laboral','4482440'),(28,54,'laboral','4436600'),(29,55,'personal','4433166'),(30,55,'laboral','4436927'),(31,56,'personal','4432475'),(32,57,'laboral','4422122'),(33,57,'personal','4422168'),(34,58,'laboral','4423738'),(35,59,'personal','3624721967'),(36,60,'personal','3624512828'),(37,61,'laboral','3624590809'),(38,63,'laboral','3624641270'),(39,64,'personal','4432188'),(40,65,'personal','3624622531'),(41,68,'laboral','4450046'),(42,73,'laboral','4429995'),(43,74,'laboral','3624615930'),(44,75,'personal','3624251813'),(45,79,'personal','3624223603'),(46,80,'personal','3624626727'),(47,81,'personal','3624601318'),(48,82,'personal','3624682345'),(49,83,'personal','3624243359'),(52,85,'personal','4476489'),(53,85,'personal','3624692098'),(54,86,'personal','3624602974'),(55,88,'personal','3624606025'),(56,89,'personal','3624212861'),(57,90,'personal','3624315147'),(58,95,'laboral','4447888'),(59,96,'personal','4424440'),(60,98,'personal','3624668189'),(61,98,'laboral','4438270'),(62,97,'laboral','4435528'),(63,99,'personal','3624440425'),(64,100,'laboral','4466600'),(65,101,'personal','3624072078'),(66,101,'personal','3624665352'),(67,93,'personal','3624937980'),(68,107,'personal','4428017'),(69,108,'personal','3624609096'),(70,112,'personal','4439209'),(71,112,'personal','3624229943'),(72,113,'personal','4446301'),(73,115,'personal','3624315147'),(74,114,'personal','3624551539'),(75,114,'personal','3624364276'),(76,116,'personal','4430851'),(77,117,'personal','3624007277'),(78,118,'personal','4466600'),(79,119,'laboral','4420603'),(80,119,'laboral','446506'),(81,119,'personal','4434921'),(82,120,'personal','3624225862'),(83,120,'personal','4479841'),(84,120,'laboral','4443334'),(85,121,'laboral','4446847'),(86,122,'laboral','4446847'),(87,123,'personal','3624641854'),(88,124,'laboral','36244374580'),(89,125,'personal','3624035877'),(90,126,'laboral','3624-777272'),(91,126,'laboral','4450035'),(92,127,'personal','3624626998'),(93,128,'personal','3624596398'),(94,128,'personal','4442003'),(95,129,'personal','3624617356'),(96,130,'personal','3624668040'),(97,131,'personal','4433568'),(98,132,'personal','4433698'),(99,132,'personal','3624653438'),(100,132,'personal','3624567571'),(101,133,'personal','4442693'),(102,133,'personal','3624611030'),(103,134,'personal','4420137'),(104,135,'personal','3624279270'),(105,136,'personal','3624404090'),(106,137,'personal','3624689127'),(107,138,'personal','3725406340'),(108,139,'laboral','4422777'),(109,139,'laboral','4432395'),(110,141,'personal','3624601788'),(111,145,'personal','3624615305'),(112,148,'laboral','4450900'),(113,150,'personal','3624560514'),(114,150,'personal','4484625'),(115,151,'personal','3624452864'),(116,151,'personal','3624649691');
/*!40000 ALTER TABLE `Telefono` ENABLE KEYS */;
UNLOCK TABLES;

--
-- Table structure for table `Valores`
--

DROP TABLE IF EXISTS `Valores`;
/*!40101 SET @saved_cs_client     = @@character_set_client */;
/*!40101 SET character_set_client = utf8 */;
CREATE TABLE `Valores` (
  `id` int(11) NOT NULL AUTO_INCREMENT,
  `valorHoraOrden` double NOT NULL,
  PRIMARY KEY (`id`)
) ENGINE=InnoDB DEFAULT CHARSET=utf8 COLLATE=utf8_unicode_ci;
/*!40101 SET character_set_client = @saved_cs_client */;

--
-- Dumping data for table `Valores`
--

LOCK TABLES `Valores` WRITE;
/*!40000 ALTER TABLE `Valores` DISABLE KEYS */;
/*!40000 ALTER TABLE `Valores` ENABLE KEYS */;
UNLOCK TABLES;

--
-- Table structure for table `admin_roles`
--

DROP TABLE IF EXISTS `admin_roles`;
/*!40101 SET @saved_cs_client     = @@character_set_client */;
/*!40101 SET character_set_client = utf8 */;
CREATE TABLE `admin_roles` (
  `id` int(11) NOT NULL AUTO_INCREMENT,
  `created` datetime NOT NULL,
  `updated` datetime NOT NULL,
  `nombre` varchar(255) COLLATE utf8_unicode_ci DEFAULT NULL,
  `url` varchar(255) COLLATE utf8_unicode_ci DEFAULT NULL,
  `acceso` tinyint(1) DEFAULT NULL,
  `role_nombre` varchar(255) COLLATE utf8_unicode_ci NOT NULL,
  PRIMARY KEY (`id`)
) ENGINE=InnoDB AUTO_INCREMENT=149 DEFAULT CHARSET=utf8 COLLATE=utf8_unicode_ci;
/*!40101 SET character_set_client = @saved_cs_client */;

--
-- Dumping data for table `admin_roles`
--

LOCK TABLES `admin_roles` WRITE;
/*!40000 ALTER TABLE `admin_roles` DISABLE KEYS */;
INSERT INTO `admin_roles` VALUES (1,'2014-08-23 19:21:42','2014-08-23 19:28:57','ROLE_ADMIN',NULL,1,'ADMIN'),(2,'2014-08-23 19:22:34','2014-08-23 19:59:36','ROLE_ORDEN_VER_PRECIO',NULL,1,'ORDEN VER PRECIO'),(3,'2014-08-23 19:46:31','2014-08-23 19:58:32','ROLE_REPORTE','admin_reporte',1,'REPORTE'),(4,'2014-08-23 19:46:31','2014-08-23 19:58:32','ROLE_REPORTE_ARTICULO_MAS_USADOS','admin_reporte_articulo_mas_usados',1,'REPORTE ARTICULO MAS USADOS'),(5,'2014-08-23 19:46:31','2014-08-23 19:58:32','ROLE_REPORTE_CANTIDAD_ORDEN_POR_CLIENTE','admin_reporte_cantidad_orden_por_cliente',1,'REPORTE CANTIDAD ORDEN POR CLIENTE'),(6,'2014-08-23 19:46:31','2014-08-23 19:58:32','ROLE_REPORTE_CANTIDAD_HERRAMIENTAS_POR_EMPLEADO','admin_reporte_cantidad_herramientas_por_empleado',1,'REPORTE CANTIDAD HERRAMIENTAS POR EMPLEADO'),(7,'2014-08-23 19:46:31','2014-08-23 19:58:32','ROLE_REPORTE_CONTROL_ARTICULOS_CANTIDADES','admin_reporte_control_articulos_cantidades',1,'REPORTE CONTROL ARTICULOS CANTIDADES'),(8,'2014-08-23 19:46:31','2014-08-23 19:58:32','ROLE_USUARIOS','user',1,'USUARIOS'),(9,'2014-08-23 19:46:31','2014-08-23 19:58:32','ROLE_USUARIO_CREAR','user_create',1,'USUARIO CREAR'),(10,'2014-08-23 19:46:31','2014-08-23 19:58:32','ROLE_USUARIO_NUEVO','user_new',1,'USUARIO NUEVO'),(11,'2014-08-23 19:46:31','2014-08-23 19:58:32','ROLE_USUARIO_VER','user_show',1,'USUARIO VER'),(12,'2014-08-23 19:46:31','2014-08-23 19:58:32','ROLE_USUARIO_EDITAR','user_edit',1,'USUARIO EDITAR'),(13,'2014-08-23 19:46:31','2014-08-23 19:58:32','ROLE_USUARIO_ACTUALIZAR','user_update',1,'USUARIO ACTUALIZAR'),(14,'2014-08-23 19:46:31','2014-08-23 19:58:32','ROLE_USUARIO_ELIMINAR','user_delete',1,'USUARIO ELIMINAR'),(15,'2014-08-23 19:46:31','2014-08-23 19:58:32','ROLE_ARTICULOS_ACTIVOS','admin_articulo',1,'ARTICULOS ACTIVOS'),(16,'2014-08-23 19:46:31','2014-08-23 19:58:32','ROLE_ARTICULOS_INACTIVOS','admin_articulo_inactivo',1,'ARTICULOS INACTIVOS'),(17,'2014-08-23 19:46:31','2014-08-23 19:58:32','ROLE_ARTICULO_CREAR','admin_articulo_create',1,'ARTICULO CREAR'),(18,'2014-08-23 19:46:31','2014-08-23 19:58:32','ROLE_ARTICULO_NUEVO','admin_articulo_new',1,'ARTICULO NUEVO'),(19,'2014-08-23 19:46:31','2014-08-23 19:58:32','ROLE_ARTICULO_VER','admin_articulo_show',1,'ARTICULO VER'),(20,'2014-08-23 19:46:31','2014-08-23 19:58:32','ROLE_ARTICULO_EDITAR','admin_articulo_edit',1,'ARTICULO EDITAR'),(21,'2014-08-23 19:46:31','2014-08-23 19:58:32','ROLE_ARTICULO_ACTUALIZAR','admin_articulo_update',1,'ARTICULO ACTUALIZAR'),(22,'2014-08-23 19:46:31','2014-08-23 19:58:32','ROLE_ARTICULO_ELIMINAR','admin_articulo_delete',1,'ARTICULO ELIMINAR'),(23,'2014-08-23 19:46:31','2014-08-23 20:05:24','ROLE_ARTICULO_CANTIDAD_AGREGAR','admin_articulo_agregar_cantidad',1,'ARTICULO CANTIDAD AGREGAR'),(24,'2014-08-23 19:46:31','2014-08-23 20:05:24','ROLE_ARTICULO_CANTIDAD_ACTUALIZAR','unico_articulo_cantidad_update',1,'ARTICULO CANTIDAD ACTUALIZAR'),(25,'2014-08-23 19:46:31','2014-08-23 20:05:24','ROLE_ARTICULO_PRECIO_AGREGAR','admin_articulo_agregar_precio',1,'ARTICULO PRECIO AGREGAR'),(26,'2014-08-23 19:46:31','2014-08-23 20:05:24','ROLE_ARTICULO_PRECIO_ACTUALIZAR','unico_articulo_precio_update',1,'ARTICULO PRECIO ACTUALIZAR'),(27,'2014-08-23 19:46:31','2014-08-23 20:05:24','ROLE_ARTICULO_AGREGAR','admin_create_articulos',1,'ARTICULO AGREGAR'),(28,'2014-08-23 19:46:31','2014-08-23 20:05:24','ROLE_ARTICULO_AGREGAR','admin_add_articulos',1,'ARTICULO AGREGAR'),(29,'2014-08-23 19:46:31','2014-08-23 20:05:24','ROLE_ARTICULO_TIPOS','admin_articulotipo',1,'ARTICULO_TIPOS'),(30,'2014-08-23 19:46:31','2014-08-23 20:05:24','ROLE_ARTICULO_TIPO_CREAR','admin_articulotipo_create',1,'ARTICULO_TIPO CREAR'),(31,'2014-08-23 19:46:31','2014-08-23 20:05:24','ROLE_ARTICULO_TIPO_NUEVO','admin_articulotipo_new',1,'ARTICULO_TIPO NUEVO'),(32,'2014-08-23 19:46:31','2014-08-23 20:05:24','ROLE_ARTICULO_TIPO_VER','admin_articulotipo_show',1,'ARTICULO_TIPO VER'),(33,'2014-08-23 19:46:31','2014-08-23 20:05:24','ROLE_ARTICULO_TIPO_EDITAR','admin_articulotipo_edit',1,'ARTICULO_TIPO EDITAR'),(34,'2014-08-23 19:46:31','2014-08-23 20:05:24','ROLE_ARTICULO_TIPO_ACTUALIZAR','admin_articulotipo_update',1,'ARTICULO_TIPO ACTUALIZAR'),(35,'2014-08-23 19:46:31','2014-08-23 20:05:24','ROLE_ARTICULO_TIPO_ELIMINAR','admin_articulotipo_delete',1,'ARTICULO_TIPO ELIMINAR'),(36,'2014-08-23 19:46:31','2014-08-23 20:05:24','ROLE_ARTICULO_TIPO_PRECIO_ACTUALIZAR','unico_tipo_precio_producto',1,'ARTICULO_TIPO PRECIO ACTUALIZAR'),(37,'2014-08-23 19:46:31','2014-08-23 20:05:24','ROLE_HERRAMIENTA_ENTREGAS','admin_entregasherramientas',1,'HERRAMIENTA ENTREGAS'),(38,'2014-08-23 19:46:31','2014-08-23 20:05:24','ROLE_HERRAMIENTA_ENTREGA_CREAR','admin_entregasherramientas_create',1,'HERRAMIENTA ENTREGA CREAR'),(39,'2014-08-23 19:46:31','2014-08-23 20:05:24','ROLE_HERRAMIENTA_ENTREGA_NUEVO','admin_entregasherramientas_new',1,'HERRAMIENTA ENTREGA NUEVO'),(40,'2014-08-23 19:46:31','2014-08-23 20:05:24','ROLE_HERRAMIENTA_ENTREGA_VER','admin_entregasherramientas_show',1,'HERRAMIENTA ENTREGA VER'),(41,'2014-08-23 19:46:31','2014-08-23 20:05:24','ROLE_HERRAMIENTA_ENTREGA_EDITAR','admin_entregasherramientas_edit',1,'HERRAMIENTA ENTREGA EDITAR'),(42,'2014-08-23 19:46:31','2014-08-23 20:05:24','ROLE_HERRAMIENTA_ENTREGA_ACTUALIZAR','admin_entregasherramientas_update',1,'HERRAMIENTA ENTREGA ACTUALIZAR'),(43,'2014-08-23 19:46:31','2014-08-23 20:05:24','ROLE_HERRAMIENTA_ENTREGA_ELIMINAR','admin_entregasherramientas_delete',1,'HERRAMIENTA ENTREGA ELIMINAR'),(44,'2014-08-23 19:46:31','2014-08-23 20:05:24','ROLE_HERRAMIENTAS','admin_herramienta',1,'HERRAMIENTAS'),(45,'2014-08-23 19:46:31','2014-08-23 20:05:24','ROLE_HERRAMIENTA_CREAR','admin_herramienta_create',1,'HERRAMIENTA CREAR'),(46,'2014-08-23 19:46:31','2014-08-23 20:05:24','ROLE_HERRAMIENTA_NUEVO','admin_herramienta_new',1,'HERRAMIENTA NUEVO'),(47,'2014-08-23 19:46:31','2014-08-23 20:05:24','ROLE_HERRAMIENTA_VER','admin_herramienta_show',1,'HERRAMIENTA VER'),(48,'2014-08-23 19:46:31','2014-08-23 20:05:24','ROLE_HERRAMIENTA_EDITAR','admin_herramienta_edit',1,'HERRAMIENTA EDITAR'),(49,'2014-08-23 19:46:31','2014-08-23 20:05:24','ROLE_HERRAMIENTA_ACTUALIZAR','admin_herramienta_update',1,'HERRAMIENTA ACTUALIZAR'),(50,'2014-08-23 19:46:31','2014-08-23 20:05:24','ROLE_HERRAMIENTA_ELIMINAR','admin_herramienta_delete',1,'HERRAMIENTA ELIMINAR'),(51,'2014-08-23 19:46:31','2014-08-23 20:05:24','ROLE_ARTICULO_MEDIDAS','admin_medida',1,'ARTICULO_MEDIDAS'),(52,'2014-08-23 19:46:31','2014-08-23 20:05:24','ROLE_ARTICULO_MEDIDA_CREAR','admin_medida_create',1,'ARTICULO_MEDIDA CREAR'),(53,'2014-08-23 19:46:31','2014-08-23 20:05:24','ROLE_ARTICULO_MEDIDA_NUEVO','admin_medida_new',1,'ARTICULO_MEDIDA NUEVO'),(54,'2014-08-23 19:46:31','2014-08-23 20:05:24','ROLE_ARTICULO_MEDIDA_VER','admin_medida_show',1,'ARTICULO_MEDIDA VER'),(55,'2014-08-23 19:46:31','2014-08-23 20:05:24','ROLE_ARTICULO_MEDIDA_EDITAR','admin_medida_edit',1,'ARTICULO_MEDIDA EDITAR'),(56,'2014-08-23 19:46:31','2014-08-23 20:05:24','ROLE_ARTICULO_MEDIDA_ACTUALIZAR','admin_medida_update',1,'ARTICULO_MEDIDA ACTUALIZAR'),(57,'2014-08-23 19:46:31','2014-08-23 20:05:24','ROLE_ARTICULO_MEDIDA_ELIMINAR','admin_medida_delete',1,'ARTICULO_MEDIDA ELIMINAR'),(58,'2014-08-23 19:46:31','2014-08-23 20:05:24','ROLE_ORDENES','admin_orden',1,'ORDENES'),(59,'2014-08-23 19:46:31','2014-08-23 20:05:24','ROLE_ORDEN_CREAR','admin_orden_create',1,'ORDEN CREAR'),(60,'2014-08-23 19:46:31','2014-08-23 20:05:24','ROLE_ORDEN_NUEVO','admin_orden_new',1,'ORDEN NUEVO'),(61,'2014-08-23 19:46:31','2014-08-23 20:05:24','ROLE_ORDEN_VER','admin_orden_show',1,'ORDEN VER'),(62,'2014-08-23 19:46:31','2014-08-23 20:05:24','ROLE_ORDEN_EDITAR','admin_orden_edit',1,'ORDEN EDITAR'),(63,'2014-08-23 19:46:31','2014-08-23 20:05:24','ROLE_ORDEN_ACTUALIZAR','admin_orden_update',1,'ORDEN ACTUALIZAR'),(64,'2014-08-23 19:46:31','2014-08-23 20:05:24','ROLE_ORDEN_ELIMINAR','admin_orden_delete',1,'ORDEN ELIMINAR'),(65,'2014-08-23 19:46:31','2014-08-23 20:05:24','ROLE_ORDEN_ESTADO_ACTUALIZAR','admin_orden_estado_update',1,'ORDEN ESTADO ACTUALIZAR'),(66,'2014-08-23 19:46:31','2014-08-23 20:05:24','ROLE_ORDEN_ENTRADAS','admin_ordenentrada',1,'ORDEN_ENTRADAS'),(67,'2014-08-23 19:46:31','2014-08-23 20:05:24','ROLE_ORDEN_ENTRADA_CREAR','admin_ordenentrada_create',1,'ORDEN_ENTRADA CREAR'),(68,'2014-08-23 19:46:31','2014-08-23 20:05:24','ROLE_ORDEN_ENTRADA_NUEVO','admin_ordenentrada_new',1,'ORDEN_ENTRADA NUEVO'),(69,'2014-08-23 19:46:31','2014-08-23 20:05:24','ROLE_ORDEN_ENTRADA_VER','admin_ordenentrada_show',1,'ORDEN_ENTRADA VER'),(70,'2014-08-23 19:46:31','2014-08-23 20:05:24','ROLE_ORDEN_ENTRADA_EDITAR','admin_ordenentrada_edit',1,'ORDEN_ENTRADA EDITAR'),(71,'2014-08-23 19:46:31','2014-08-23 20:05:24','ROLE_ORDEN_ENTRADA_ACTUALIZAR','admin_ordenentrada_update',1,'ORDEN_ENTRADA ACTUALIZAR'),(72,'2014-08-23 19:46:31','2014-08-23 20:05:24','ROLE_ORDEN_ENTRADA_ELIMINAR','admin_ordenentrada_delete',1,'ORDEN_ENTRADA ELIMINAR'),(73,'2014-08-23 19:46:31','2014-08-23 20:05:24','ROLE_ORDEN_SALIDAS','admin_ordensalida',1,'ORDEN_SALIDAS'),(74,'2014-08-23 19:46:31','2014-08-23 20:05:24','ROLE_ORDEN_SALIDA_CREAR','admin_ordensalida_create',1,'ORDEN_SALIDA CREAR'),(75,'2014-08-23 19:46:31','2014-08-23 20:05:24','ROLE_ORDEN_SALIDA_NUEVO','admin_ordensalida_new',1,'ORDEN_SALIDA NUEVO'),(76,'2014-08-23 19:46:31','2014-08-23 20:05:24','ROLE_ORDEN_SALIDA_VER','admin_ordensalida_show',1,'ORDEN_SALIDA VER'),(77,'2014-08-23 19:46:31','2014-08-23 20:05:24','ROLE_ORDEN_SALIDA_EDITAR','admin_ordensalida_edit',1,'ORDEN_SALIDA EDITAR'),(78,'2014-08-23 19:46:31','2014-08-23 20:05:24','ROLE_ORDEN_SALIDA_ACTUALIZAR','admin_ordensalida_update',1,'ORDEN_SALIDA ACTUALIZAR'),(79,'2014-08-23 19:46:31','2014-08-23 20:05:24','ROLE_ORDEN_SALIDA_ELIMINAR','admin_ordensalida_delete',1,'ORDEN_SALIDA ELIMINAR'),(80,'2014-08-23 19:46:31','2014-08-23 20:05:24','ROLE_RUBROS','admin_rubro',1,'RUBROS'),(81,'2014-08-23 19:46:31','2014-08-23 20:05:24','ROLE_RUBRO_CREAR','admin_rubro_create',1,'RUBRO CREAR'),(82,'2014-08-23 19:46:31','2014-08-23 20:05:24','ROLE_RUBRO_NUEVO','admin_rubro_new',1,'RUBRO NUEVO'),(83,'2014-08-23 19:46:31','2014-08-23 20:05:24','ROLE_RUBRO_VER','admin_rubro_show',1,'RUBRO VER'),(84,'2014-08-23 19:46:31','2014-08-23 20:05:24','ROLE_RUBRO_EDITAR','admin_rubro_edit',1,'RUBRO EDITAR'),(85,'2014-08-23 19:46:31','2014-08-23 20:05:24','ROLE_RUBRO_ACTUALIZAR','admin_rubro_update',1,'RUBRO ACTUALIZAR'),(86,'2014-08-23 19:46:31','2014-08-23 20:05:24','ROLE_RUBRO_ELIMINAR','admin_rubro_delete',1,'RUBRO ELIMINAR'),(87,'2014-08-23 19:46:31','2014-08-23 20:14:20','ROLE_RUBRO_PRECIO_ACTUALIZAR','unico_rubro_precio_producto',1,'RUBRO PRECIO ACTUALIZAR'),(88,'2014-08-23 19:46:31','2014-08-23 20:14:20','ROLE_TAREAS','tarea',1,'TAREAS'),(89,'2014-08-23 19:46:31','2014-08-23 20:14:20','ROLE_TAREA_CREAR','tarea_create',1,'TAREA CREAR'),(90,'2014-08-23 19:46:31','2014-08-23 20:14:20','ROLE_TAREA_NUEVO','tarea_new',1,'TAREA NUEVO'),(91,'2014-08-23 19:46:31','2014-08-23 20:14:20','ROLE_TAREA_VER','tarea_show',1,'TAREA VER'),(92,'2014-08-23 19:46:31','2014-08-23 20:14:20','ROLE_TAREA_EDITAR','tarea_edit',1,'TAREA EDITAR'),(93,'2014-08-23 19:46:31','2014-08-23 20:14:20','ROLE_TAREA_ACTUALIZAR','tarea_update',1,'TAREA ACTUALIZAR'),(94,'2014-08-23 19:46:31','2014-08-23 20:14:20','ROLE_TAREA_ELIMINAR','tarea_delete',1,'TAREA ELIMINAR'),(95,'2014-08-23 19:46:31','2014-08-23 20:14:20','ROLE_CLIENTE_CONDICIONES','admin_clientecondicion',1,'CLIENTE_CONDICIONES'),(96,'2014-08-23 19:46:31','2014-08-23 20:14:20','ROLE_CLIENTE_CONDICION_CREAR','admin_clientecondicion_create',1,'CLIENTE_CONDICION CREAR'),(97,'2014-08-23 19:46:31','2014-08-23 20:14:20','ROLE_CLIENTE_CONDICION_NUEVO','admin_clientecondicion_new',1,'CLIENTE_CONDICION NUEVO'),(98,'2014-08-23 19:46:31','2014-08-23 20:14:20','ROLE_CLIENTE_CONDICION_VER','admin_clientecondicion_show',1,'CLIENTE_CONDICION VER'),(99,'2014-08-23 19:46:31','2014-08-23 20:14:20','ROLE_CLIENTE_CONDICION_EDITAR','admin_clientecondicion_edit',1,'CLIENTE_CONDICION EDITAR'),(100,'2014-08-23 19:46:31','2014-08-23 20:14:20','ROLE_CLIENTE_CONDICION_ACTUALIZAR','admin_clientecondicion_update',1,'CLIENTE_CONDICION ACTUALIZAR'),(101,'2014-08-23 19:46:31','2014-08-23 20:14:20','ROLE_CLIENTE_CONDICION_ELIMINAR','admin_clientecondicion_delete',1,'CLIENTE_CONDICION ELIMINAR'),(102,'2014-08-23 19:46:31','2014-08-23 21:00:41','ROLE_CLIENTES_ACTIVOS','admin_cliente',1,'CLIENTES ACTIVOS'),(103,'2014-08-23 19:46:31','2014-08-23 21:00:41','ROLE_CLIENTES_INACTIVOS','admin_cliente_inactivo',1,'CLIENTES INACTIVOS'),(104,'2014-08-23 19:46:31','2014-08-23 20:14:20','ROLE_CLIENTE_CREAR','admin_cliente_create',1,'CLIENTE CREAR'),(105,'2014-08-23 19:46:31','2014-08-23 20:14:20','ROLE_CLIENTE_NUEVO','admin_cliente_new',1,'CLIENTE NUEVO'),(106,'2014-08-23 19:46:31','2014-08-23 20:14:20','ROLE_CLIENTE_VER','admin_cliente_show',1,'CLIENTE VER'),(107,'2014-08-23 19:46:31','2014-08-23 20:14:20','ROLE_CLIENTE_EDITAR','admin_cliente_edit',1,'CLIENTE EDITAR'),(108,'2014-08-23 19:46:31','2014-08-23 20:14:20','ROLE_CLIENTE_ACTUALIZAR','admin_cliente_update',1,'CLIENTE ACTUALIZAR'),(109,'2014-08-23 19:46:31','2014-08-23 20:14:20','ROLE_CLIENTE_ELIMINAR','admin_cliente_delete',1,'CLIENTE ELIMINAR'),(110,'2014-08-23 19:46:31','2014-08-23 20:14:20','ROLE_EMPLEADO_CARGOS','admin_empleadocargo',1,'EMPLEADO_CARGOS'),(111,'2014-08-23 19:46:31','2014-08-23 20:14:20','ROLE_EMPLEADO_CARGO_CREAR','admin_empleadocargo_create',1,'EMPLEADO_CARGO CREAR'),(112,'2014-08-23 19:46:31','2014-08-23 20:14:20','ROLE_EMPLEADO_CARGO_NUEVO','admin_empleadocargo_new',1,'EMPLEADO_CARGO NUEVO'),(113,'2014-08-23 19:46:31','2014-08-23 20:14:20','ROLE_EMPLEADO_CARGO_VER','admin_empleadocargo_show',1,'EMPLEADO_CARGO VER'),(114,'2014-08-23 19:46:31','2014-08-23 20:14:20','ROLE_EMPLEADO_CARGO_EDITAR','admin_empleadocargo_edit',1,'EMPLEADO_CARGO EDITAR'),(115,'2014-08-23 19:46:31','2014-08-23 20:14:20','ROLE_EMPLEADO_CARGO_ACTUALIZAR','admin_empleadocargo_update',1,'EMPLEADO_CARGO ACTUALIZAR'),(116,'2014-08-23 19:46:31','2014-08-23 20:14:20','ROLE_EMPLEADO_CARGO_ELIMINAR','admin_empleadocargo_delete',1,'EMPLEADO_CARGO ELIMINAR'),(117,'2014-08-23 19:46:31','2014-08-23 20:14:20','ROLE_EMPLEADOS_ACTIVOS','admin_empleado',1,'EMPLEADOS ACTIVOS'),(118,'2014-08-23 19:46:31','2014-08-23 20:14:20','ROLE_EMPLEADOS_INACTIVOS','admin_empleado_inactivo',1,'EMPLEADOS INACTIVOS'),(119,'2014-08-23 19:46:31','2014-08-23 20:14:20','ROLE_EMPLEADO_CREAR','admin_empleado_create',1,'EMPLEADO CREAR'),(120,'2014-08-23 19:46:31','2014-08-23 20:14:20','ROLE_EMPLEADO_NUEVO','admin_empleado_new',1,'EMPLEADO NUEVO'),(121,'2014-08-23 19:46:31','2014-08-23 20:14:20','ROLE_EMPLEADO_VER','admin_empleado_show',1,'EMPLEADO VER'),(122,'2014-08-23 19:46:31','2014-08-23 20:14:20','ROLE_EMPLEADO_EDITAR','admin_empleado_edit',1,'EMPLEADO EDITAR'),(123,'2014-08-23 19:46:31','2014-08-23 20:14:20','ROLE_EMPLEADO_ACTUALIZAR','admin_empleado_update',1,'EMPLEADO ACTUALIZAR'),(124,'2014-08-23 19:46:31','2014-08-23 20:14:20','ROLE_EMPLEADO_ELIMINAR','admin_empleado_delete',1,'EMPLEADO ELIMINAR'),(125,'2014-08-23 19:46:31','2014-08-23 20:14:20','ROLE_EMPLEADO_TIPOS','admin_empleadotipo',1,'EMPLEADO_TIPOS'),(126,'2014-08-23 19:46:31','2014-08-23 20:14:20','ROLE_EMPLEADO_TIPO_CREAR','admin_empleadotipo_create',1,'EMPLEADO_TIPO CREAR'),(127,'2014-08-23 19:46:31','2014-08-23 20:14:20','ROLE_EMPLEADO_TIPO_NUEVO','admin_empleadotipo_new',1,'EMPLEADO_TIPO NUEVO'),(128,'2014-08-23 19:46:31','2014-08-23 20:14:20','ROLE_EMPLEADO_TIPO_VER','admin_empleadotipo_show',1,'EMPLEADO_TIPO VER'),(129,'2014-08-23 19:46:31','2014-08-23 20:14:20','ROLE_EMPLEADO_TIPO_EDITAR','admin_empleadotipo_edit',1,'EMPLEADO_TIPO EDITAR'),(130,'2014-08-23 19:46:31','2014-08-23 20:14:20','ROLE_EMPLEADO_TIPO_ACTUALIZAR','admin_empleadotipo_update',1,'EMPLEADO_TIPO ACTUALIZAR'),(131,'2014-08-23 19:46:31','2014-08-23 20:14:20','ROLE_EMPLEADO_TIPO_ELIMINAR','admin_empleadotipo_delete',1,'EMPLEADO_TIPO ELIMINAR'),(132,'2014-08-23 19:46:31','2014-08-23 20:14:20','ROLE_PROVEEDORES_ACTIVOS','admin_proveedor',1,'PROVEEDORES ACTIVOS'),(133,'2014-08-23 19:46:31','2014-08-23 20:14:20','ROLE_PROVEEDORES_INACTIVOS','admin_proveedor_inactivo',1,'PROVEEDORES INACTIVOS'),(134,'2014-08-23 19:46:31','2014-08-23 20:14:20','ROLE_PROVEEDOR_CREAR','admin_proveedor_create',1,'PROVEEDOR CREAR'),(135,'2014-08-23 19:46:31','2014-08-23 20:14:20','ROLE_PROVEEDOR_NUEVO','admin_proveedor_new',1,'PROVEEDOR NUEVO'),(136,'2014-08-23 19:46:31','2014-08-23 20:14:20','ROLE_PROVEEDOR_VER','admin_proveedor_show',1,'PROVEEDOR VER'),(137,'2014-08-23 19:46:31','2014-08-23 20:14:20','ROLE_PROVEEDOR_EDITAR','admin_proveedor_edit',1,'PROVEEDOR EDITAR'),(138,'2014-08-23 19:46:31','2014-08-23 20:14:20','ROLE_PROVEEDOR_ACTUALIZAR','admin_proveedor_update',1,'PROVEEDOR ACTUALIZAR'),(139,'2014-08-23 19:46:31','2014-08-23 20:14:20','ROLE_PROVEEDOR_ELIMINAR','admin_proveedor_delete',1,'PROVEEDOR ELIMINAR'),(140,'2014-08-23 21:06:37','2014-08-23 21:06:37','ROLE_IMPRIMIR_OT_COMPLETA','admin_orden_imprimir',1,'IMPRIMIR OT COMPLETA'),(141,'2014-08-23 21:06:37','2014-08-23 21:06:37','ROLE_IMPRIMIR_OT_MOVIMIENTOS','admin_orden_entrada_salida_imprimir',1,'IMPRIMIR OT MOVIMIENTOS'),(142,'2014-10-18 11:14:50','2014-10-18 11:16:08','ROLE_PRESUPUESTOS','admin_presupuesto',1,'PRESUPUESTOS'),(143,'2014-10-18 11:14:50','2014-10-18 11:14:50','ROLE_PRESUPUESTO_CREAR','admin_presupuesto_create',1,'PRESUPUESTO CREAR'),(144,'2014-10-18 11:14:50','2014-10-18 11:14:50','ROLE_PRESUPUESTO_NUEVO','admin_presupuesto_new',1,'PRESUPUESTO NUEVO'),(145,'2014-10-18 11:14:50','2014-10-18 11:14:50','ROLE_PRESUPUESTO_VER','admin_presupuesto_show',1,'PRESUPUESTO VER'),(146,'2014-10-18 11:14:50','2014-10-18 11:14:50','ROLE_PRESUPUESTO_EDITAR','admin_presupuesto_edit',1,'PRESUPUESTO EDITAR'),(147,'2014-10-18 11:14:50','2014-10-18 11:14:50','ROLE_PRESUPUESTO_ACTUALIZAR','admin_presupuesto_update',1,'PRESUPUESTO ACTUALIZAR'),(148,'2014-10-18 11:14:50','2014-10-18 11:14:50','ROLE_PRESUPUESTO_ELIMINAR','admin_presupuesto_delete',1,'PRESUPUESTO ELIMINAR');
/*!40000 ALTER TABLE `admin_roles` ENABLE KEYS */;
UNLOCK TABLES;

--
-- Table structure for table `admin_user`
--

DROP TABLE IF EXISTS `admin_user`;
/*!40101 SET @saved_cs_client     = @@character_set_client */;
/*!40101 SET character_set_client = utf8 */;
CREATE TABLE `admin_user` (
  `id` int(11) NOT NULL AUTO_INCREMENT,
  `created` datetime NOT NULL,
  `updated` datetime NOT NULL,
  `username` varchar(255) COLLATE utf8_unicode_ci NOT NULL,
  `password` varchar(255) COLLATE utf8_unicode_ci NOT NULL,
  `salt` varchar(255) COLLATE utf8_unicode_ci NOT NULL,
  `isActive` tinyint(1) DEFAULT NULL,
  PRIMARY KEY (`id`)
) ENGINE=InnoDB AUTO_INCREMENT=4 DEFAULT CHARSET=utf8 COLLATE=utf8_unicode_ci;
/*!40101 SET character_set_client = @saved_cs_client */;

--
-- Dumping data for table `admin_user`
--

LOCK TABLES `admin_user` WRITE;
/*!40000 ALTER TABLE `admin_user` DISABLE KEYS */;
INSERT INTO `admin_user` VALUES (1,'2014-03-29 13:29:19','2014-08-23 19:29:20','admin','2r0B4KmzUxTfKB1bLBXBiPRPbwhH6FekVshgtewjEn55ezOJLhDO5KMAbtcbbiq9jUULANe9GmV3kPBh9fiCeg==','e8ce163772d45258cf67984ca41ac3d3',1),(2,'2014-03-27 12:37:43','2014-10-18 11:16:28','administrativo','/1hXihR3FvSkW83c6rocqziojEU9vARhpjlyMQ9Kdz/4tXuWUmFVa0Bjioo/V8vZbA388i7gpAE+VXZDXY5+Og==','6689cee0acea65d71f00e83f7b26ea74',1),(3,'2014-03-27 18:33:33','2014-08-23 21:14:15','coordinador','t/HcE3Sm58bojlQox0Dp2/S118qyMqAe+v8/jWNwMwre4kAwVA+SfHh7+/7fZtxmlw9qMZs7bSjPtSdJwukOUg==','d5b203450c2ac4331713c3f8921cb9ee',1);
/*!40000 ALTER TABLE `admin_user` ENABLE KEYS */;
UNLOCK TABLES;

--
-- Table structure for table `ext_log_entries`
--

DROP TABLE IF EXISTS `ext_log_entries`;
/*!40101 SET @saved_cs_client     = @@character_set_client */;
/*!40101 SET character_set_client = utf8 */;
CREATE TABLE `ext_log_entries` (
  `id` int(11) NOT NULL AUTO_INCREMENT,
  `action` varchar(8) COLLATE utf8_unicode_ci NOT NULL,
  `logged_at` datetime NOT NULL,
  `object_id` varchar(64) COLLATE utf8_unicode_ci DEFAULT NULL,
  `object_class` varchar(255) COLLATE utf8_unicode_ci NOT NULL,
  `version` int(11) NOT NULL,
  `data` longtext COLLATE utf8_unicode_ci COMMENT '(DC2Type:array)',
  `username` varchar(255) COLLATE utf8_unicode_ci DEFAULT NULL,
  PRIMARY KEY (`id`),
  KEY `log_class_lookup_idx` (`object_class`),
  KEY `log_date_lookup_idx` (`logged_at`),
  KEY `log_user_lookup_idx` (`username`),
  KEY `log_version_lookup_idx` (`object_id`,`object_class`,`version`)
) ENGINE=InnoDB AUTO_INCREMENT=1653 DEFAULT CHARSET=utf8 COLLATE=utf8_unicode_ci;
/*!40101 SET character_set_client = @saved_cs_client */;

--
-- Dumping data for table `ext_log_entries`
--

LOCK TABLES `ext_log_entries` WRITE;
/*!40000 ALTER TABLE `ext_log_entries` DISABLE KEYS */;
INSERT INTO `ext_log_entries` VALUES (1,'create','2014-08-25 10:11:01','872','Sistema\\STOCKBundle\\Entity\\Articulo',1,'a:7:{s:6:\"codigo\";N;s:11:\"descripcion\";s:18:\"20x10 con adhesivo\";s:8:\"cantidad\";i:2;s:17:\"cantidadReservada\";i:0;s:6:\"precio\";d:13.91;s:6:\"activo\";b:1;s:5:\"rubro\";a:1:{s:2:\"id\";i:18;}}','coordinador'),(2,'update','2014-08-25 10:11:01','872','Sistema\\STOCKBundle\\Entity\\Articulo',2,'a:1:{s:6:\"codigo\";i:872;}','coordinador'),(3,'update','2014-08-25 11:10:17','729','Sistema\\STOCKBundle\\Entity\\Articulo',1,'a:1:{s:8:\"cantidad\";i:2;}','coordinador'),(4,'update','2014-08-25 17:17:27','627','Sistema\\STOCKBundle\\Entity\\Articulo',1,'a:1:{s:17:\"cantidadReservada\";i:10;}','coordinador'),(5,'update','2014-08-25 17:18:09','115','Sistema\\STOCKBundle\\Entity\\Articulo',1,'a:1:{s:8:\"cantidad\";i:38;}','coordinador'),(6,'update','2014-08-25 17:22:10','543','Sistema\\STOCKBundle\\Entity\\Articulo',1,'a:1:{s:17:\"cantidadReservada\";i:20;}','coordinador'),(7,'update','2014-08-25 17:22:10','668','Sistema\\STOCKBundle\\Entity\\Articulo',1,'a:1:{s:17:\"cantidadReservada\";i:3;}','coordinador'),(8,'create','2014-08-25 17:23:04','873','Sistema\\STOCKBundle\\Entity\\Articulo',1,'a:7:{s:6:\"codigo\";N;s:11:\"descripcion\";s:7:\"NH 100A\";s:8:\"cantidad\";i:3;s:17:\"cantidadReservada\";i:0;s:6:\"precio\";d:100;s:6:\"activo\";b:1;s:5:\"rubro\";a:1:{s:2:\"id\";i:5;}}','coordinador'),(9,'update','2014-08-25 17:23:04','873','Sistema\\STOCKBundle\\Entity\\Articulo',2,'a:1:{s:6:\"codigo\";i:873;}','coordinador'),(10,'update','2014-08-25 17:23:56','873','Sistema\\STOCKBundle\\Entity\\Articulo',3,'a:1:{s:17:\"cantidadReservada\";i:3;}','coordinador'),(11,'update','2014-08-25 17:29:13','403','Sistema\\STOCKBundle\\Entity\\Articulo',1,'a:1:{s:17:\"cantidadReservada\";i:12;}','coordinador'),(12,'update','2014-08-25 17:29:13','189','Sistema\\STOCKBundle\\Entity\\Articulo',1,'a:1:{s:17:\"cantidadReservada\";i:60;}','coordinador'),(13,'update','2014-08-25 17:29:13','532','Sistema\\STOCKBundle\\Entity\\Articulo',1,'a:1:{s:17:\"cantidadReservada\";i:32;}','coordinador'),(14,'update','2014-08-25 17:29:13','587','Sistema\\STOCKBundle\\Entity\\Articulo',1,'a:1:{s:17:\"cantidadReservada\";i:3;}','coordinador'),(15,'update','2014-08-25 17:29:13','250','Sistema\\STOCKBundle\\Entity\\Articulo',1,'a:1:{s:17:\"cantidadReservada\";i:8;}','coordinador'),(16,'update','2014-08-25 17:29:13','173','Sistema\\STOCKBundle\\Entity\\Articulo',1,'a:1:{s:17:\"cantidadReservada\";i:48;}','coordinador'),(17,'update','2014-08-25 17:34:26','587','Sistema\\STOCKBundle\\Entity\\Articulo',2,'a:1:{s:17:\"cantidadReservada\";i:0;}','coordinador'),(18,'update','2014-08-25 17:34:43','587','Sistema\\STOCKBundle\\Entity\\Articulo',3,'a:1:{s:17:\"cantidadReservada\";i:3;}','coordinador'),(19,'update','2014-08-25 17:36:13','836','Sistema\\STOCKBundle\\Entity\\Articulo',1,'a:1:{s:8:\"cantidad\";i:13;}','coordinador'),(20,'update','2014-08-25 17:37:54','250','Sistema\\STOCKBundle\\Entity\\Articulo',2,'a:1:{s:8:\"cantidad\";i:27;}','coordinador'),(21,'update','2014-08-25 18:15:53','842','Sistema\\STOCKBundle\\Entity\\Articulo',1,'a:1:{s:8:\"cantidad\";i:1;}','coordinador'),(22,'update','2014-08-25 18:15:53','270','Sistema\\STOCKBundle\\Entity\\Articulo',1,'a:1:{s:8:\"cantidad\";i:7;}','coordinador'),(23,'update','2014-08-26 08:17:48','668','Sistema\\STOCKBundle\\Entity\\Articulo',2,'a:1:{s:8:\"cantidad\";i:13;}','coordinador'),(24,'update','2014-08-26 16:19:12','872','Sistema\\STOCKBundle\\Entity\\Articulo',3,'a:1:{s:17:\"cantidadReservada\";i:2;}','coordinador'),(25,'update','2014-08-26 16:19:12','247','Sistema\\STOCKBundle\\Entity\\Articulo',1,'a:1:{s:17:\"cantidadReservada\";i:1;}','coordinador'),(26,'update','2014-08-26 16:19:12','244','Sistema\\STOCKBundle\\Entity\\Articulo',1,'a:1:{s:17:\"cantidadReservada\";i:1;}','coordinador'),(27,'update','2014-08-26 16:19:12','173','Sistema\\STOCKBundle\\Entity\\Articulo',2,'a:1:{s:17:\"cantidadReservada\";i:50;}','coordinador'),(28,'update','2014-08-26 16:19:12','729','Sistema\\STOCKBundle\\Entity\\Articulo',2,'a:1:{s:17:\"cantidadReservada\";i:1;}','coordinador'),(29,'update','2014-08-26 16:19:12','547','Sistema\\STOCKBundle\\Entity\\Articulo',1,'a:1:{s:17:\"cantidadReservada\";i:1;}','coordinador'),(30,'update','2014-08-26 16:19:45','547','Sistema\\STOCKBundle\\Entity\\Articulo',2,'a:1:{s:8:\"cantidad\";i:20;}','coordinador'),(31,'update','2014-08-26 16:20:55','549','Sistema\\STOCKBundle\\Entity\\Articulo',1,'a:1:{s:17:\"cantidadReservada\";i:5;}','coordinador'),(32,'update','2014-08-26 16:20:55','110','Sistema\\STOCKBundle\\Entity\\Articulo',1,'a:1:{s:17:\"cantidadReservada\";i:1;}','coordinador'),(33,'update','2014-08-26 16:20:55','133','Sistema\\STOCKBundle\\Entity\\Articulo',1,'a:1:{s:17:\"cantidadReservada\";i:1;}','coordinador'),(34,'update','2014-08-26 16:21:33','110','Sistema\\STOCKBundle\\Entity\\Articulo',2,'a:1:{s:8:\"cantidad\";i:10;}','coordinador'),(35,'update','2014-08-26 16:25:32','533','Sistema\\STOCKBundle\\Entity\\Articulo',1,'a:1:{s:17:\"cantidadReservada\";i:5;}','coordinador'),(36,'update','2014-08-26 16:32:11','872','Sistema\\STOCKBundle\\Entity\\Articulo',4,'a:1:{s:17:\"cantidadReservada\";i:0;}','coordinador'),(37,'update','2014-08-26 16:32:11','247','Sistema\\STOCKBundle\\Entity\\Articulo',2,'a:1:{s:17:\"cantidadReservada\";i:0;}','coordinador'),(38,'update','2014-08-26 16:32:11','244','Sistema\\STOCKBundle\\Entity\\Articulo',2,'a:1:{s:17:\"cantidadReservada\";i:0;}','coordinador'),(39,'update','2014-08-26 16:32:11','173','Sistema\\STOCKBundle\\Entity\\Articulo',3,'a:1:{s:17:\"cantidadReservada\";i:48;}','coordinador'),(40,'update','2014-08-26 16:32:11','729','Sistema\\STOCKBundle\\Entity\\Articulo',3,'a:1:{s:17:\"cantidadReservada\";i:0;}','coordinador'),(41,'update','2014-08-26 16:32:11','547','Sistema\\STOCKBundle\\Entity\\Articulo',3,'a:1:{s:17:\"cantidadReservada\";i:-4;}','coordinador'),(42,'update','2014-08-26 16:32:11','549','Sistema\\STOCKBundle\\Entity\\Articulo',2,'a:1:{s:17:\"cantidadReservada\";i:0;}','coordinador'),(43,'update','2014-08-26 16:32:11','110','Sistema\\STOCKBundle\\Entity\\Articulo',3,'a:1:{s:17:\"cantidadReservada\";i:0;}','coordinador'),(44,'update','2014-08-26 16:32:11','133','Sistema\\STOCKBundle\\Entity\\Articulo',2,'a:1:{s:17:\"cantidadReservada\";i:0;}','coordinador'),(45,'update','2014-08-26 16:32:11','533','Sistema\\STOCKBundle\\Entity\\Articulo',2,'a:1:{s:17:\"cantidadReservada\";i:0;}','coordinador'),(46,'update','2014-08-26 16:34:22','133','Sistema\\STOCKBundle\\Entity\\Articulo',3,'a:1:{s:6:\"precio\";s:5:\"24.57\";}','coordinador'),(47,'update','2014-08-26 17:33:34','761','Sistema\\STOCKBundle\\Entity\\Articulo',1,'a:1:{s:11:\"descripcion\";s:53:\"Tipo proyector p/cuarzo 500w con sensor de movimiento\";}','coordinador'),(48,'update','2014-08-26 17:34:09','761','Sistema\\STOCKBundle\\Entity\\Articulo',2,'a:1:{s:8:\"cantidad\";i:2;}','coordinador'),(49,'create','2014-08-26 17:39:57','874','Sistema\\STOCKBundle\\Entity\\Articulo',1,'a:7:{s:6:\"codigo\";N;s:11:\"descripcion\";s:35:\"Auxiliar p/mercurio 150W Interperie\";s:8:\"cantidad\";i:1;s:17:\"cantidadReservada\";i:0;s:6:\"precio\";d:0;s:6:\"activo\";b:1;s:5:\"rubro\";a:1:{s:2:\"id\";i:11;}}','coordinador'),(50,'update','2014-08-26 17:39:57','874','Sistema\\STOCKBundle\\Entity\\Articulo',2,'a:1:{s:6:\"codigo\";i:874;}','coordinador'),(51,'create','2014-08-26 17:43:41','875','Sistema\\STOCKBundle\\Entity\\Articulo',1,'a:7:{s:6:\"codigo\";N;s:11:\"descripcion\";s:19:\"18A bovina 220 Sica\";s:8:\"cantidad\";i:1;s:17:\"cantidadReservada\";i:0;s:6:\"precio\";d:0;s:6:\"activo\";b:1;s:5:\"rubro\";a:1:{s:2:\"id\";i:6;}}','coordinador'),(52,'update','2014-08-26 17:43:41','875','Sistema\\STOCKBundle\\Entity\\Articulo',2,'a:1:{s:6:\"codigo\";i:875;}','coordinador'),(53,'update','2014-08-26 17:44:10','322','Sistema\\STOCKBundle\\Entity\\Articulo',1,'a:1:{s:8:\"cantidad\";i:81;}','coordinador'),(54,'update','2014-08-26 17:44:49','139','Sistema\\STOCKBundle\\Entity\\Articulo',1,'a:1:{s:8:\"cantidad\";i:10;}','coordinador'),(55,'update','2014-08-26 17:52:43','538','Sistema\\STOCKBundle\\Entity\\Articulo',1,'a:1:{s:8:\"cantidad\";i:711;}','coordinador'),(56,'update','2014-08-26 17:52:54','538','Sistema\\STOCKBundle\\Entity\\Articulo',2,'a:1:{s:8:\"cantidad\";i:716;}','coordinador'),(57,'update','2014-08-26 18:09:06','761','Sistema\\STOCKBundle\\Entity\\Articulo',3,'a:1:{s:17:\"cantidadReservada\";i:1;}','coordinador'),(58,'update','2014-08-26 18:09:06','874','Sistema\\STOCKBundle\\Entity\\Articulo',3,'a:1:{s:17:\"cantidadReservada\";i:1;}','coordinador'),(59,'update','2014-08-26 18:09:06','875','Sistema\\STOCKBundle\\Entity\\Articulo',3,'a:1:{s:17:\"cantidadReservada\";i:1;}','coordinador'),(60,'update','2014-08-26 18:09:06','322','Sistema\\STOCKBundle\\Entity\\Articulo',2,'a:1:{s:17:\"cantidadReservada\";i:1;}','coordinador'),(61,'update','2014-08-26 18:09:06','139','Sistema\\STOCKBundle\\Entity\\Articulo',2,'a:1:{s:17:\"cantidadReservada\";i:1;}','coordinador'),(62,'update','2014-08-26 18:09:06','666','Sistema\\STOCKBundle\\Entity\\Articulo',1,'a:1:{s:17:\"cantidadReservada\";i:1;}','coordinador'),(63,'update','2014-08-26 18:09:06','480','Sistema\\STOCKBundle\\Entity\\Articulo',1,'a:1:{s:17:\"cantidadReservada\";i:1;}','coordinador'),(64,'update','2014-08-26 18:09:06','774','Sistema\\STOCKBundle\\Entity\\Articulo',1,'a:1:{s:17:\"cantidadReservada\";i:1;}','coordinador'),(65,'update','2014-08-26 18:09:06','540','Sistema\\STOCKBundle\\Entity\\Articulo',1,'a:1:{s:17:\"cantidadReservada\";i:10;}','coordinador'),(66,'update','2014-08-26 18:09:54','761','Sistema\\STOCKBundle\\Entity\\Articulo',4,'a:1:{s:17:\"cantidadReservada\";i:0;}','coordinador'),(67,'update','2014-08-26 18:09:54','874','Sistema\\STOCKBundle\\Entity\\Articulo',4,'a:1:{s:17:\"cantidadReservada\";i:0;}','coordinador'),(68,'update','2014-08-26 18:09:54','875','Sistema\\STOCKBundle\\Entity\\Articulo',4,'a:1:{s:17:\"cantidadReservada\";i:0;}','coordinador'),(69,'update','2014-08-26 18:09:54','322','Sistema\\STOCKBundle\\Entity\\Articulo',3,'a:1:{s:17:\"cantidadReservada\";i:0;}','coordinador'),(70,'update','2014-08-26 18:09:54','139','Sistema\\STOCKBundle\\Entity\\Articulo',3,'a:1:{s:17:\"cantidadReservada\";i:0;}','coordinador'),(71,'update','2014-08-26 18:09:54','666','Sistema\\STOCKBundle\\Entity\\Articulo',2,'a:1:{s:17:\"cantidadReservada\";i:0;}','coordinador'),(72,'update','2014-08-26 18:09:54','480','Sistema\\STOCKBundle\\Entity\\Articulo',2,'a:1:{s:17:\"cantidadReservada\";i:0;}','coordinador'),(73,'update','2014-08-26 18:09:54','774','Sistema\\STOCKBundle\\Entity\\Articulo',2,'a:1:{s:17:\"cantidadReservada\";i:0;}','coordinador'),(74,'update','2014-08-26 18:09:54','540','Sistema\\STOCKBundle\\Entity\\Articulo',2,'a:1:{s:17:\"cantidadReservada\";i:0;}','coordinador'),(75,'update','2014-08-26 18:27:38','668','Sistema\\STOCKBundle\\Entity\\Articulo',3,'a:1:{s:17:\"cantidadReservada\";i:6;}','coordinador'),(76,'update','2014-08-26 18:28:15','668','Sistema\\STOCKBundle\\Entity\\Articulo',4,'a:1:{s:17:\"cantidadReservada\";i:3;}','coordinador'),(77,'update','2014-08-26 18:35:32','668','Sistema\\STOCKBundle\\Entity\\Articulo',5,'a:1:{s:8:\"cantidad\";i:16;}','coordinador'),(78,'create','2014-08-26 18:44:46','876','Sistema\\STOCKBundle\\Entity\\Articulo',1,'a:7:{s:6:\"codigo\";N;s:11:\"descripcion\";s:70:\"Ciega JBO platinium(la misma fue armada con elementos stock todo moda)\";s:8:\"cantidad\";i:3;s:17:\"cantidadReservada\";i:0;s:6:\"precio\";d:0;s:6:\"activo\";b:1;s:5:\"rubro\";a:1:{s:2:\"id\";i:15;}}','coordinador'),(79,'update','2014-08-26 18:44:46','876','Sistema\\STOCKBundle\\Entity\\Articulo',2,'a:1:{s:6:\"codigo\";i:876;}','coordinador'),(80,'update','2014-08-26 18:46:26','836','Sistema\\STOCKBundle\\Entity\\Articulo',2,'a:1:{s:17:\"cantidadReservada\";i:12;}','coordinador'),(81,'update','2014-08-26 18:47:30','612','Sistema\\STOCKBundle\\Entity\\Articulo',1,'a:1:{s:8:\"cantidad\";i:223;}','coordinador'),(82,'update','2014-08-26 18:47:30','614','Sistema\\STOCKBundle\\Entity\\Articulo',1,'a:1:{s:8:\"cantidad\";i:215;}','coordinador'),(83,'update','2014-08-26 18:50:02','678','Sistema\\STOCKBundle\\Entity\\Articulo',1,'a:1:{s:17:\"cantidadReservada\";i:1;}','coordinador'),(84,'update','2014-08-26 18:52:11','78','Sistema\\STOCKBundle\\Entity\\Articulo',1,'a:1:{s:8:\"cantidad\";i:136;}','coordinador'),(85,'update','2014-08-26 18:53:45','75','Sistema\\STOCKBundle\\Entity\\Articulo',1,'a:1:{s:17:\"cantidadReservada\";i:1;}','coordinador'),(86,'update','2014-08-26 18:53:45','402','Sistema\\STOCKBundle\\Entity\\Articulo',1,'a:1:{s:17:\"cantidadReservada\";i:3;}','coordinador'),(87,'update','2014-08-27 07:55:12','269','Sistema\\STOCKBundle\\Entity\\Articulo',1,'a:1:{s:8:\"cantidad\";i:4;}','coordinador'),(88,'update','2014-08-27 07:56:05','632','Sistema\\STOCKBundle\\Entity\\Articulo',1,'a:1:{s:8:\"cantidad\";i:7;}','coordinador'),(89,'update','2014-08-27 07:58:55','26','Sistema\\STOCKBundle\\Entity\\Articulo',1,'a:2:{s:11:\"descripcion\";s:26:\"DIN PVC exterior c/pta.10B\";s:8:\"cantidad\";i:1;}','coordinador'),(90,'update','2014-08-27 07:59:28','842','Sistema\\STOCKBundle\\Entity\\Articulo',2,'a:1:{s:8:\"cantidad\";i:2;}','coordinador'),(91,'update','2014-08-27 08:06:49','270','Sistema\\STOCKBundle\\Entity\\Articulo',2,'a:1:{s:17:\"cantidadReservada\";i:6;}','coordinador'),(92,'update','2014-08-27 08:06:49','269','Sistema\\STOCKBundle\\Entity\\Articulo',2,'a:1:{s:17:\"cantidadReservada\";i:3;}','coordinador'),(93,'update','2014-08-27 08:06:49','632','Sistema\\STOCKBundle\\Entity\\Articulo',2,'a:1:{s:17:\"cantidadReservada\";i:7;}','coordinador'),(94,'update','2014-08-27 08:06:49','26','Sistema\\STOCKBundle\\Entity\\Articulo',2,'a:1:{s:17:\"cantidadReservada\";i:1;}','coordinador'),(95,'update','2014-08-27 08:06:49','842','Sistema\\STOCKBundle\\Entity\\Articulo',3,'a:1:{s:17:\"cantidadReservada\";i:1;}','coordinador'),(96,'create','2014-08-27 08:10:31','877','Sistema\\STOCKBundle\\Entity\\Articulo',1,'a:7:{s:6:\"codigo\";N;s:11:\"descripcion\";s:24:\"Contrafrente ciego 60x75\";s:8:\"cantidad\";i:1;s:17:\"cantidadReservada\";i:0;s:6:\"precio\";d:0;s:6:\"activo\";b:1;s:5:\"rubro\";a:1:{s:2:\"id\";i:6;}}','coordinador'),(97,'update','2014-08-27 08:10:31','877','Sistema\\STOCKBundle\\Entity\\Articulo',2,'a:1:{s:6:\"codigo\";i:877;}','coordinador'),(98,'create','2014-08-27 08:11:25','878','Sistema\\STOCKBundle\\Entity\\Articulo',1,'a:7:{s:6:\"codigo\";N;s:11:\"descripcion\";s:18:\"Para bandeja 150mm\";s:8:\"cantidad\";i:1;s:17:\"cantidadReservada\";i:0;s:6:\"precio\";d:0;s:6:\"activo\";b:1;s:5:\"rubro\";a:1:{s:2:\"id\";i:21;}}','coordinador'),(99,'update','2014-08-27 08:11:25','878','Sistema\\STOCKBundle\\Entity\\Articulo',2,'a:1:{s:6:\"codigo\";i:878;}','coordinador'),(100,'update','2014-08-27 08:31:19','173','Sistema\\STOCKBundle\\Entity\\Articulo',4,'a:1:{s:8:\"cantidad\";i:278;}','coordinador'),(101,'update','2014-08-27 08:34:48','541','Sistema\\STOCKBundle\\Entity\\Articulo',1,'a:1:{s:17:\"cantidadReservada\";i:1;}','coordinador'),(102,'update','2014-08-27 08:34:48','878','Sistema\\STOCKBundle\\Entity\\Articulo',3,'a:1:{s:17:\"cantidadReservada\";i:1;}','coordinador'),(103,'update','2014-08-27 08:34:48','877','Sistema\\STOCKBundle\\Entity\\Articulo',3,'a:1:{s:17:\"cantidadReservada\";i:1;}','coordinador'),(104,'update','2014-08-27 08:34:48','182','Sistema\\STOCKBundle\\Entity\\Articulo',1,'a:1:{s:17:\"cantidadReservada\";i:10;}','coordinador'),(105,'update','2014-08-27 08:34:48','323','Sistema\\STOCKBundle\\Entity\\Articulo',1,'a:1:{s:17:\"cantidadReservada\";i:2;}','coordinador'),(106,'create','2014-08-27 08:37:10','879','Sistema\\STOCKBundle\\Entity\\Articulo',1,'a:7:{s:6:\"codigo\";N;s:11:\"descripcion\";s:6:\"1 1/2\"\";s:8:\"cantidad\";i:36;s:17:\"cantidadReservada\";i:0;s:6:\"precio\";d:0;s:6:\"activo\";b:1;s:5:\"rubro\";a:1:{s:2:\"id\";i:9;}}','coordinador'),(107,'update','2014-08-27 08:37:10','879','Sistema\\STOCKBundle\\Entity\\Articulo',2,'a:1:{s:6:\"codigo\";i:879;}','coordinador'),(108,'create','2014-08-27 08:37:43','880','Sistema\\STOCKBundle\\Entity\\Articulo',1,'a:7:{s:6:\"codigo\";N;s:11:\"descripcion\";s:6:\"6 x 1\"\";s:8:\"cantidad\";i:12;s:17:\"cantidadReservada\";i:0;s:6:\"precio\";d:0;s:6:\"activo\";b:1;s:5:\"rubro\";a:1:{s:2:\"id\";i:9;}}','coordinador'),(109,'update','2014-08-27 08:37:43','880','Sistema\\STOCKBundle\\Entity\\Articulo',2,'a:1:{s:6:\"codigo\";i:880;}','coordinador'),(110,'update','2014-08-27 08:41:08','879','Sistema\\STOCKBundle\\Entity\\Articulo',3,'a:1:{s:17:\"cantidadReservada\";i:36;}','coordinador'),(111,'update','2014-08-27 08:41:08','880','Sistema\\STOCKBundle\\Entity\\Articulo',3,'a:1:{s:17:\"cantidadReservada\";i:12;}','coordinador'),(112,'update','2014-08-27 08:41:08','669','Sistema\\STOCKBundle\\Entity\\Articulo',1,'a:1:{s:17:\"cantidadReservada\";i:2;}','coordinador'),(113,'update','2014-08-27 08:41:08','795','Sistema\\STOCKBundle\\Entity\\Articulo',1,'a:1:{s:17:\"cantidadReservada\";i:2;}','coordinador'),(114,'update','2014-08-27 08:42:07','795','Sistema\\STOCKBundle\\Entity\\Articulo',2,'a:1:{s:8:\"cantidad\";i:22;}','coordinador'),(115,'update','2014-08-27 08:42:30','173','Sistema\\STOCKBundle\\Entity\\Articulo',5,'a:1:{s:8:\"cantidad\";i:302;}','coordinador'),(116,'update','2014-08-27 09:27:53','808','Sistema\\STOCKBundle\\Entity\\Articulo',1,'a:1:{s:8:\"cantidad\";i:2;}','coordinador'),(117,'update','2014-08-27 09:28:28','808','Sistema\\STOCKBundle\\Entity\\Articulo',2,'a:1:{s:11:\"descripcion\";s:15:\"Bipolar x 1 mts\";}','coordinador'),(118,'update','2014-08-27 09:32:48','750','Sistema\\STOCKBundle\\Entity\\Articulo',1,'a:1:{s:8:\"cantidad\";i:135;}','coordinador'),(119,'create','2014-08-27 09:35:00','881','Sistema\\STOCKBundle\\Entity\\Articulo',1,'a:7:{s:6:\"codigo\";N;s:11:\"descripcion\";s:33:\"Peligro choque electrico 40x50 cm\";s:8:\"cantidad\";i:1;s:17:\"cantidadReservada\";i:0;s:6:\"precio\";d:0;s:6:\"activo\";b:1;s:5:\"rubro\";a:1:{s:2:\"id\";i:6;}}','coordinador'),(120,'update','2014-08-27 09:35:00','881','Sistema\\STOCKBundle\\Entity\\Articulo',2,'a:1:{s:6:\"codigo\";i:881;}','coordinador'),(121,'update','2014-08-27 09:37:32','808','Sistema\\STOCKBundle\\Entity\\Articulo',3,'a:1:{s:17:\"cantidadReservada\";i:1;}','coordinador'),(122,'update','2014-08-27 09:37:32','535','Sistema\\STOCKBundle\\Entity\\Articulo',1,'a:1:{s:17:\"cantidadReservada\";i:4;}','coordinador'),(123,'update','2014-08-27 09:37:32','79','Sistema\\STOCKBundle\\Entity\\Articulo',1,'a:1:{s:17:\"cantidadReservada\";i:4;}','coordinador'),(124,'update','2014-08-27 09:37:32','881','Sistema\\STOCKBundle\\Entity\\Articulo',3,'a:1:{s:17:\"cantidadReservada\";i:1;}','coordinador'),(125,'update','2014-08-27 09:37:32','262','Sistema\\STOCKBundle\\Entity\\Articulo',1,'a:1:{s:17:\"cantidadReservada\";i:3;}','coordinador'),(126,'update','2014-08-27 09:37:32','261','Sistema\\STOCKBundle\\Entity\\Articulo',1,'a:1:{s:17:\"cantidadReservada\";i:-1;}','coordinador'),(127,'create','2014-08-27 09:39:03','882','Sistema\\STOCKBundle\\Entity\\Articulo',1,'a:7:{s:6:\"codigo\";N;s:11:\"descripcion\";s:8:\"100 x 50\";s:8:\"cantidad\";i:3;s:17:\"cantidadReservada\";i:0;s:6:\"precio\";d:0;s:6:\"activo\";b:1;s:5:\"rubro\";a:1:{s:2:\"id\";i:18;}}','coordinador'),(128,'update','2014-08-27 09:39:03','882','Sistema\\STOCKBundle\\Entity\\Articulo',2,'a:1:{s:6:\"codigo\";i:882;}','coordinador'),(129,'update','2014-08-27 09:39:40','402','Sistema\\STOCKBundle\\Entity\\Articulo',2,'a:1:{s:8:\"cantidad\";i:8;}','coordinador'),(130,'create','2014-08-27 09:40:43','883','Sistema\\STOCKBundle\\Entity\\Articulo',1,'a:7:{s:6:\"codigo\";N;s:11:\"descripcion\";s:12:\"Halley 3x36W\";s:8:\"cantidad\";i:4;s:17:\"cantidadReservada\";i:0;s:6:\"precio\";d:0;s:6:\"activo\";b:1;s:5:\"rubro\";a:1:{s:2:\"id\";i:20;}}','coordinador'),(131,'update','2014-08-27 09:40:43','883','Sistema\\STOCKBundle\\Entity\\Articulo',2,'a:1:{s:6:\"codigo\";i:883;}','coordinador'),(132,'update','2014-08-27 09:41:21','75','Sistema\\STOCKBundle\\Entity\\Articulo',2,'a:1:{s:8:\"cantidad\";i:39;}','coordinador'),(133,'update','2014-08-27 09:42:09','619','Sistema\\STOCKBundle\\Entity\\Articulo',1,'a:1:{s:8:\"cantidad\";i:21;}','coordinador'),(134,'create','2014-08-27 09:43:46','884','Sistema\\STOCKBundle\\Entity\\Articulo',1,'a:7:{s:6:\"codigo\";N;s:11:\"descripcion\";s:33:\"Policarbonato p/ artefacto AºPº\";s:8:\"cantidad\";i:1;s:17:\"cantidadReservada\";i:0;s:6:\"precio\";d:0;s:6:\"activo\";b:1;s:5:\"rubro\";a:1:{s:2:\"id\";i:22;}}','coordinador'),(135,'update','2014-08-27 09:43:46','884','Sistema\\STOCKBundle\\Entity\\Articulo',2,'a:1:{s:6:\"codigo\";i:884;}','coordinador'),(136,'update','2014-08-27 09:45:34','882','Sistema\\STOCKBundle\\Entity\\Articulo',3,'a:1:{s:17:\"cantidadReservada\";i:3;}','coordinador'),(137,'update','2014-08-27 09:45:34','883','Sistema\\STOCKBundle\\Entity\\Articulo',3,'a:1:{s:17:\"cantidadReservada\";i:4;}','coordinador'),(138,'update','2014-08-27 09:45:34','619','Sistema\\STOCKBundle\\Entity\\Articulo',2,'a:1:{s:17:\"cantidadReservada\";i:7;}','coordinador'),(139,'update','2014-08-27 09:46:56','884','Sistema\\STOCKBundle\\Entity\\Articulo',3,'a:1:{s:17:\"cantidadReservada\";i:1;}','coordinador'),(140,'update','2014-08-27 09:47:35','349','Sistema\\STOCKBundle\\Entity\\Articulo',1,'a:1:{s:17:\"cantidadReservada\";i:2;}','coordinador'),(141,'update','2014-08-27 15:56:56','261','Sistema\\STOCKBundle\\Entity\\Articulo',2,'a:1:{s:8:\"cantidad\";i:6;}','coordinador'),(142,'update','2014-08-27 16:01:03','614','Sistema\\STOCKBundle\\Entity\\Articulo',2,'a:1:{s:17:\"cantidadReservada\";i:-40;}','coordinador'),(143,'update','2014-08-27 16:01:03','612','Sistema\\STOCKBundle\\Entity\\Articulo',2,'a:1:{s:17:\"cantidadReservada\";i:-40;}','coordinador'),(144,'update','2014-08-27 16:01:03','78','Sistema\\STOCKBundle\\Entity\\Articulo',2,'a:1:{s:17:\"cantidadReservada\";i:-2;}','coordinador'),(145,'update','2014-08-27 16:01:03','750','Sistema\\STOCKBundle\\Entity\\Articulo',2,'a:1:{s:17:\"cantidadReservada\";i:-20;}','coordinador'),(146,'update','2014-08-27 16:01:03','627','Sistema\\STOCKBundle\\Entity\\Articulo',2,'a:1:{s:17:\"cantidadReservada\";i:0;}','coordinador'),(147,'update','2014-08-27 16:01:03','543','Sistema\\STOCKBundle\\Entity\\Articulo',2,'a:1:{s:17:\"cantidadReservada\";i:0;}','coordinador'),(148,'update','2014-08-27 16:01:03','668','Sistema\\STOCKBundle\\Entity\\Articulo',6,'a:1:{s:17:\"cantidadReservada\";i:-3;}','coordinador'),(149,'update','2014-08-27 16:01:03','873','Sistema\\STOCKBundle\\Entity\\Articulo',4,'a:1:{s:17:\"cantidadReservada\";i:0;}','coordinador'),(150,'update','2014-08-27 16:01:03','403','Sistema\\STOCKBundle\\Entity\\Articulo',2,'a:1:{s:17:\"cantidadReservada\";i:0;}','coordinador'),(151,'update','2014-08-27 16:01:03','189','Sistema\\STOCKBundle\\Entity\\Articulo',2,'a:1:{s:17:\"cantidadReservada\";i:0;}','coordinador'),(152,'update','2014-08-27 16:01:03','532','Sistema\\STOCKBundle\\Entity\\Articulo',2,'a:1:{s:17:\"cantidadReservada\";i:0;}','coordinador'),(153,'update','2014-08-27 16:01:03','587','Sistema\\STOCKBundle\\Entity\\Articulo',4,'a:1:{s:17:\"cantidadReservada\";i:0;}','coordinador'),(154,'update','2014-08-27 16:01:03','250','Sistema\\STOCKBundle\\Entity\\Articulo',3,'a:1:{s:17:\"cantidadReservada\";i:-4;}','coordinador'),(155,'update','2014-08-27 16:01:03','173','Sistema\\STOCKBundle\\Entity\\Articulo',6,'a:1:{s:17:\"cantidadReservada\";i:-27;}','coordinador'),(156,'update','2014-08-27 16:01:03','836','Sistema\\STOCKBundle\\Entity\\Articulo',3,'a:1:{s:17:\"cantidadReservada\";i:0;}','coordinador'),(157,'update','2014-08-27 16:01:03','678','Sistema\\STOCKBundle\\Entity\\Articulo',2,'a:1:{s:17:\"cantidadReservada\";i:0;}','coordinador'),(158,'update','2014-08-27 16:01:03','75','Sistema\\STOCKBundle\\Entity\\Articulo',3,'a:1:{s:17:\"cantidadReservada\";i:-1;}','coordinador'),(159,'update','2014-08-27 16:01:03','402','Sistema\\STOCKBundle\\Entity\\Articulo',3,'a:1:{s:17:\"cantidadReservada\";i:-3;}','coordinador'),(160,'update','2014-08-27 16:01:03','270','Sistema\\STOCKBundle\\Entity\\Articulo',3,'a:1:{s:17:\"cantidadReservada\";i:0;}','coordinador'),(161,'update','2014-08-27 16:01:03','269','Sistema\\STOCKBundle\\Entity\\Articulo',3,'a:1:{s:17:\"cantidadReservada\";i:0;}','coordinador'),(162,'update','2014-08-27 16:01:03','632','Sistema\\STOCKBundle\\Entity\\Articulo',3,'a:1:{s:17:\"cantidadReservada\";i:0;}','coordinador'),(163,'update','2014-08-27 16:01:03','26','Sistema\\STOCKBundle\\Entity\\Articulo',3,'a:1:{s:17:\"cantidadReservada\";i:0;}','coordinador'),(164,'update','2014-08-27 16:01:03','842','Sistema\\STOCKBundle\\Entity\\Articulo',4,'a:1:{s:17:\"cantidadReservada\";i:0;}','coordinador'),(165,'update','2014-08-27 16:01:03','541','Sistema\\STOCKBundle\\Entity\\Articulo',2,'a:1:{s:17:\"cantidadReservada\";i:0;}','coordinador'),(166,'update','2014-08-27 16:01:03','878','Sistema\\STOCKBundle\\Entity\\Articulo',4,'a:1:{s:17:\"cantidadReservada\";i:0;}','coordinador'),(167,'update','2014-08-27 16:01:03','877','Sistema\\STOCKBundle\\Entity\\Articulo',4,'a:1:{s:17:\"cantidadReservada\";i:0;}','coordinador'),(168,'update','2014-08-27 16:01:03','182','Sistema\\STOCKBundle\\Entity\\Articulo',2,'a:1:{s:17:\"cantidadReservada\";i:0;}','coordinador'),(169,'update','2014-08-27 16:01:03','323','Sistema\\STOCKBundle\\Entity\\Articulo',2,'a:1:{s:17:\"cantidadReservada\";i:0;}','coordinador'),(170,'update','2014-08-27 16:01:03','879','Sistema\\STOCKBundle\\Entity\\Articulo',4,'a:1:{s:17:\"cantidadReservada\";i:0;}','coordinador'),(171,'update','2014-08-27 16:01:03','880','Sistema\\STOCKBundle\\Entity\\Articulo',4,'a:1:{s:17:\"cantidadReservada\";i:0;}','coordinador'),(172,'update','2014-08-27 16:01:03','669','Sistema\\STOCKBundle\\Entity\\Articulo',2,'a:1:{s:17:\"cantidadReservada\";i:0;}','coordinador'),(173,'update','2014-08-27 16:01:03','795','Sistema\\STOCKBundle\\Entity\\Articulo',3,'a:1:{s:17:\"cantidadReservada\";i:0;}','coordinador'),(174,'update','2014-08-27 16:01:03','808','Sistema\\STOCKBundle\\Entity\\Articulo',4,'a:1:{s:17:\"cantidadReservada\";i:0;}','coordinador'),(175,'update','2014-08-27 16:01:03','535','Sistema\\STOCKBundle\\Entity\\Articulo',2,'a:1:{s:17:\"cantidadReservada\";i:0;}','coordinador'),(176,'update','2014-08-27 16:01:03','79','Sistema\\STOCKBundle\\Entity\\Articulo',2,'a:1:{s:17:\"cantidadReservada\";i:0;}','coordinador'),(177,'update','2014-08-27 16:01:03','881','Sistema\\STOCKBundle\\Entity\\Articulo',4,'a:1:{s:17:\"cantidadReservada\";i:0;}','coordinador'),(178,'update','2014-08-27 16:01:03','262','Sistema\\STOCKBundle\\Entity\\Articulo',2,'a:1:{s:17:\"cantidadReservada\";i:0;}','coordinador'),(179,'update','2014-08-27 16:01:03','261','Sistema\\STOCKBundle\\Entity\\Articulo',3,'a:1:{s:17:\"cantidadReservada\";i:0;}','coordinador'),(180,'update','2014-08-27 16:01:03','882','Sistema\\STOCKBundle\\Entity\\Articulo',4,'a:1:{s:17:\"cantidadReservada\";i:0;}','coordinador'),(181,'update','2014-08-27 16:01:03','883','Sistema\\STOCKBundle\\Entity\\Articulo',4,'a:1:{s:17:\"cantidadReservada\";i:0;}','coordinador'),(182,'update','2014-08-27 16:01:03','619','Sistema\\STOCKBundle\\Entity\\Articulo',3,'a:1:{s:17:\"cantidadReservada\";i:0;}','coordinador'),(183,'update','2014-08-27 16:01:03','884','Sistema\\STOCKBundle\\Entity\\Articulo',4,'a:1:{s:17:\"cantidadReservada\";i:0;}','coordinador'),(184,'update','2014-08-27 16:01:03','349','Sistema\\STOCKBundle\\Entity\\Articulo',2,'a:1:{s:17:\"cantidadReservada\";i:1;}','coordinador'),(185,'update','2014-08-27 18:46:32','847','Sistema\\STOCKBundle\\Entity\\Articulo',1,'a:1:{s:17:\"cantidadReservada\";i:1;}','coordinador'),(186,'update','2014-08-27 18:47:00','847','Sistema\\STOCKBundle\\Entity\\Articulo',2,'a:1:{s:17:\"cantidadReservada\";i:0;}','coordinador'),(187,'update','2014-08-27 18:47:26','871','Sistema\\STOCKBundle\\Entity\\Articulo',1,'a:1:{s:8:\"cantidad\";i:2;}','coordinador'),(188,'update','2014-08-27 18:50:26','871','Sistema\\STOCKBundle\\Entity\\Articulo',2,'a:1:{s:17:\"cantidadReservada\";i:1;}','coordinador'),(189,'update','2014-08-27 18:50:44','871','Sistema\\STOCKBundle\\Entity\\Articulo',3,'a:1:{s:17:\"cantidadReservada\";i:0;}','coordinador'),(190,'update','2014-08-27 18:58:29','247','Sistema\\STOCKBundle\\Entity\\Articulo',3,'a:1:{s:17:\"cantidadReservada\";i:1;}','coordinador'),(191,'update','2014-08-27 18:58:29','244','Sistema\\STOCKBundle\\Entity\\Articulo',3,'a:1:{s:17:\"cantidadReservada\";i:1;}','coordinador'),(192,'update','2014-08-27 18:58:29','211','Sistema\\STOCKBundle\\Entity\\Articulo',1,'a:1:{s:17:\"cantidadReservada\";i:1;}','coordinador'),(193,'update','2014-08-27 18:58:29','173','Sistema\\STOCKBundle\\Entity\\Articulo',7,'a:1:{s:17:\"cantidadReservada\";i:-26;}','coordinador'),(194,'update','2014-08-27 18:58:29','117','Sistema\\STOCKBundle\\Entity\\Articulo',1,'a:1:{s:17:\"cantidadReservada\";i:1;}','coordinador'),(195,'update','2014-08-27 18:59:06','247','Sistema\\STOCKBundle\\Entity\\Articulo',4,'a:1:{s:17:\"cantidadReservada\";i:0;}','coordinador'),(196,'update','2014-08-27 18:59:06','244','Sistema\\STOCKBundle\\Entity\\Articulo',4,'a:1:{s:17:\"cantidadReservada\";i:0;}','coordinador'),(197,'update','2014-08-27 18:59:06','211','Sistema\\STOCKBundle\\Entity\\Articulo',2,'a:1:{s:17:\"cantidadReservada\";i:0;}','coordinador'),(198,'update','2014-08-27 18:59:06','173','Sistema\\STOCKBundle\\Entity\\Articulo',8,'a:1:{s:17:\"cantidadReservada\";i:-27;}','coordinador'),(199,'update','2014-08-27 18:59:06','117','Sistema\\STOCKBundle\\Entity\\Articulo',2,'a:1:{s:17:\"cantidadReservada\";i:0;}','coordinador'),(200,'update','2014-08-28 10:57:57','343','Sistema\\STOCKBundle\\Entity\\Articulo',1,'a:1:{s:6:\"precio\";s:5:\"31.04\";}','coordinador'),(201,'update','2014-08-29 08:21:55','157','Sistema\\STOCKBundle\\Entity\\Articulo',1,'a:1:{s:8:\"cantidad\";i:5;}','coordinador'),(202,'update','2014-08-29 08:33:24','157','Sistema\\STOCKBundle\\Entity\\Articulo',2,'a:1:{s:17:\"cantidadReservada\";i:1;}','coordinador'),(203,'update','2014-08-29 08:33:24','499','Sistema\\STOCKBundle\\Entity\\Articulo',1,'a:1:{s:17:\"cantidadReservada\";i:1;}','coordinador'),(204,'update','2014-08-29 08:33:46','157','Sistema\\STOCKBundle\\Entity\\Articulo',3,'a:1:{s:17:\"cantidadReservada\";i:0;}','coordinador'),(205,'update','2014-08-29 08:33:46','499','Sistema\\STOCKBundle\\Entity\\Articulo',2,'a:1:{s:17:\"cantidadReservada\";i:0;}','coordinador'),(206,'update','2014-08-29 08:38:32','499','Sistema\\STOCKBundle\\Entity\\Articulo',3,'a:1:{s:6:\"precio\";d:204.43000000000001;}','coordinador'),(207,'update','2014-09-04 10:48:56','575','Sistema\\STOCKBundle\\Entity\\Articulo',1,'a:1:{s:6:\"precio\";s:6:\"157.87\";}','coordinador'),(208,'update','2014-09-04 16:12:56','782','Sistema\\STOCKBundle\\Entity\\Articulo',1,'a:1:{s:8:\"cantidad\";i:24;}','coordinador'),(209,'update','2014-09-04 16:13:35','486','Sistema\\STOCKBundle\\Entity\\Articulo',1,'a:1:{s:8:\"cantidad\";i:8;}','coordinador'),(210,'update','2014-09-04 16:14:02','712','Sistema\\STOCKBundle\\Entity\\Articulo',1,'a:1:{s:8:\"cantidad\";i:25;}','coordinador'),(211,'update','2014-09-04 16:14:27','105','Sistema\\STOCKBundle\\Entity\\Articulo',1,'a:1:{s:8:\"cantidad\";i:11;}','coordinador'),(212,'update','2014-09-04 16:15:22','342','Sistema\\STOCKBundle\\Entity\\Articulo',1,'a:1:{s:8:\"cantidad\";i:21;}','coordinador'),(213,'create','2014-09-04 16:17:23','885','Sistema\\STOCKBundle\\Entity\\Articulo',1,'a:7:{s:6:\"codigo\";N;s:11:\"descripcion\";s:34:\"Auxiliar tipo bandeja 70W Mercurio\";s:8:\"cantidad\";i:2;s:17:\"cantidadReservada\";i:0;s:6:\"precio\";d:0;s:6:\"activo\";b:1;s:5:\"rubro\";a:1:{s:2:\"id\";i:11;}}','coordinador'),(214,'update','2014-09-04 16:17:23','885','Sistema\\STOCKBundle\\Entity\\Articulo',2,'a:1:{s:6:\"codigo\";i:885;}','coordinador'),(215,'update','2014-09-04 16:18:06','773','Sistema\\STOCKBundle\\Entity\\Articulo',1,'a:1:{s:8:\"cantidad\";i:3;}','coordinador'),(216,'update','2014-09-04 17:34:12','666','Sistema\\STOCKBundle\\Entity\\Articulo',3,'a:1:{s:8:\"cantidad\";i:52;}','coordinador'),(217,'update','2014-09-04 17:34:41','115','Sistema\\STOCKBundle\\Entity\\Articulo',2,'a:1:{s:8:\"cantidad\";i:50;}','coordinador'),(218,'update','2014-09-04 17:35:23','75','Sistema\\STOCKBundle\\Entity\\Articulo',4,'a:1:{s:8:\"cantidad\";i:49;}','coordinador'),(219,'update','2014-09-04 17:36:04','26','Sistema\\STOCKBundle\\Entity\\Articulo',4,'a:1:{s:8:\"cantidad\";i:2;}','coordinador'),(220,'update','2014-09-04 17:36:38','322','Sistema\\STOCKBundle\\Entity\\Articulo',4,'a:1:{s:8:\"cantidad\";i:101;}','coordinador'),(221,'update','2014-09-04 17:37:35','533','Sistema\\STOCKBundle\\Entity\\Articulo',3,'a:1:{s:8:\"cantidad\";i:197;}','coordinador'),(222,'update','2014-09-04 17:38:08','829','Sistema\\STOCKBundle\\Entity\\Articulo',1,'a:1:{s:8:\"cantidad\";i:7;}','coordinador'),(223,'update','2014-09-04 17:38:25','616','Sistema\\STOCKBundle\\Entity\\Articulo',1,'a:1:{s:8:\"cantidad\";i:15;}','coordinador'),(224,'update','2014-09-04 17:40:35','533','Sistema\\STOCKBundle\\Entity\\Articulo',4,'a:1:{s:8:\"cantidad\";i:212;}','coordinador'),(225,'update','2014-09-04 17:40:46','633','Sistema\\STOCKBundle\\Entity\\Articulo',1,'a:1:{s:8:\"cantidad\";i:127;}','coordinador'),(226,'update','2014-09-05 08:26:52','516','Sistema\\STOCKBundle\\Entity\\Articulo',1,'a:1:{s:11:\"descripcion\";s:33:\"Rectangular embutir pvc conexion*\";}','coordinador'),(227,'create','2014-09-05 08:28:11','886','Sistema\\STOCKBundle\\Entity\\Articulo',1,'a:7:{s:6:\"codigo\";N;s:11:\"descripcion\";s:20:\"Pvc octogonal grande\";s:8:\"cantidad\";i:4;s:17:\"cantidadReservada\";i:0;s:6:\"precio\";d:0;s:6:\"activo\";b:1;s:5:\"rubro\";a:1:{s:2:\"id\";i:4;}}','coordinador'),(228,'update','2014-09-05 08:28:11','886','Sistema\\STOCKBundle\\Entity\\Articulo',2,'a:1:{s:6:\"codigo\";i:886;}','coordinador'),(229,'update','2014-09-05 08:30:21','886','Sistema\\STOCKBundle\\Entity\\Articulo',3,'a:1:{s:11:\"descripcion\";s:20:\"Octogonal grande pvc\";}','coordinador'),(230,'update','2014-09-05 09:07:06','247','Sistema\\STOCKBundle\\Entity\\Articulo',5,'a:1:{s:8:\"cantidad\";i:45;}','coordinador'),(231,'update','2014-09-05 09:22:38','547','Sistema\\STOCKBundle\\Entity\\Articulo',4,'a:1:{s:8:\"cantidad\";i:38;}','coordinador'),(232,'update','2014-09-05 09:23:08','533','Sistema\\STOCKBundle\\Entity\\Articulo',5,'a:1:{s:8:\"cantidad\";i:242;}','coordinador'),(233,'update','2014-09-05 09:23:37','272','Sistema\\STOCKBundle\\Entity\\Articulo',1,'a:1:{s:8:\"cantidad\";i:2;}','coordinador'),(234,'update','2014-09-05 09:24:19','599','Sistema\\STOCKBundle\\Entity\\Articulo',1,'a:1:{s:8:\"cantidad\";i:70;}','coordinador'),(235,'update','2014-09-05 09:24:48','78','Sistema\\STOCKBundle\\Entity\\Articulo',3,'a:1:{s:8:\"cantidad\";i:156;}','coordinador'),(236,'update','2014-09-05 10:47:16','547','Sistema\\STOCKBundle\\Entity\\Articulo',5,'a:1:{s:6:\"precio\";s:4:\"8.84\";}','coordinador'),(237,'update','2014-09-05 10:48:07','554','Sistema\\STOCKBundle\\Entity\\Articulo',1,'a:1:{s:6:\"precio\";s:4:\"8.84\";}','coordinador'),(238,'update','2014-09-05 10:48:16','549','Sistema\\STOCKBundle\\Entity\\Articulo',3,'a:1:{s:6:\"precio\";s:4:\"8.84\";}','coordinador'),(239,'update','2014-09-05 10:48:24','541','Sistema\\STOCKBundle\\Entity\\Articulo',3,'a:1:{s:6:\"precio\";s:4:\"8.84\";}','coordinador'),(240,'update','2014-09-05 10:48:31','536','Sistema\\STOCKBundle\\Entity\\Articulo',1,'a:1:{s:6:\"precio\";s:4:\"8.84\";}','coordinador'),(241,'update','2014-09-05 10:48:58','532','Sistema\\STOCKBundle\\Entity\\Articulo',3,'a:1:{s:6:\"precio\";s:4:\"8.84\";}','coordinador'),(242,'update','2014-09-05 10:53:11','644','Sistema\\STOCKBundle\\Entity\\Articulo',1,'a:1:{s:6:\"precio\";s:4:\"9.82\";}','coordinador'),(243,'update','2014-09-05 11:02:36','599','Sistema\\STOCKBundle\\Entity\\Articulo',2,'a:1:{s:6:\"precio\";s:4:\"6.26\";}','coordinador'),(244,'update','2014-09-05 11:17:05','590','Sistema\\STOCKBundle\\Entity\\Articulo',1,'a:1:{s:6:\"precio\";s:4:\"5.69\";}','coordinador'),(245,'update','2014-09-05 11:18:38','553','Sistema\\STOCKBundle\\Entity\\Articulo',1,'a:1:{s:6:\"precio\";s:4:\"5.69\";}','coordinador'),(246,'update','2014-09-05 11:18:46','633','Sistema\\STOCKBundle\\Entity\\Articulo',2,'a:1:{s:6:\"precio\";s:4:\"5.69\";}','coordinador'),(247,'update','2014-09-05 11:18:54','551','Sistema\\STOCKBundle\\Entity\\Articulo',1,'a:1:{s:6:\"precio\";s:4:\"5.69\";}','coordinador'),(248,'update','2014-09-05 11:19:01','543','Sistema\\STOCKBundle\\Entity\\Articulo',3,'a:1:{s:6:\"precio\";s:4:\"5.69\";}','coordinador'),(249,'update','2014-09-05 11:19:08','538','Sistema\\STOCKBundle\\Entity\\Articulo',3,'a:1:{s:6:\"precio\";s:4:\"5.69\";}','coordinador'),(250,'update','2014-09-05 11:19:15','533','Sistema\\STOCKBundle\\Entity\\Articulo',6,'a:1:{s:6:\"precio\";s:4:\"5.69\";}','coordinador'),(251,'update','2014-09-05 11:19:57','548','Sistema\\STOCKBundle\\Entity\\Articulo',1,'a:1:{s:6:\"precio\";s:4:\"3.59\";}','coordinador'),(252,'update','2014-09-05 11:20:03','641','Sistema\\STOCKBundle\\Entity\\Articulo',1,'a:1:{s:6:\"precio\";s:4:\"3.59\";}','coordinador'),(253,'update','2014-09-05 11:20:12','544','Sistema\\STOCKBundle\\Entity\\Articulo',1,'a:1:{s:6:\"precio\";s:4:\"3.59\";}','coordinador'),(254,'update','2014-09-05 11:20:19','540','Sistema\\STOCKBundle\\Entity\\Articulo',3,'a:1:{s:6:\"precio\";s:4:\"3.59\";}','coordinador'),(255,'update','2014-09-05 11:27:38','516','Sistema\\STOCKBundle\\Entity\\Articulo',2,'a:1:{s:11:\"descripcion\";s:32:\"Rectangular embutir pvc conexion\";}','coordinador'),(256,'update','2014-09-05 11:28:37','886','Sistema\\STOCKBundle\\Entity\\Articulo',4,'a:1:{s:6:\"precio\";s:4:\"4.30\";}','coordinador'),(257,'update','2014-09-05 11:34:58','323','Sistema\\STOCKBundle\\Entity\\Articulo',3,'a:1:{s:6:\"precio\";s:4:\"4.05\";}','coordinador'),(258,'update','2014-09-05 11:36:11','322','Sistema\\STOCKBundle\\Entity\\Articulo',5,'a:1:{s:6:\"precio\";s:4:\"1.75\";}','coordinador'),(259,'update','2014-09-05 11:54:17','75','Sistema\\STOCKBundle\\Entity\\Articulo',5,'a:1:{s:8:\"cantidad\";i:71;}','coordinador'),(260,'update','2014-09-05 15:34:05','647','Sistema\\STOCKBundle\\Entity\\Articulo',1,'a:1:{s:6:\"precio\";s:7:\"1020.15\";}','coordinador'),(261,'update','2014-09-05 15:37:10','575','Sistema\\STOCKBundle\\Entity\\Articulo',2,'a:1:{s:6:\"precio\";s:6:\"157.86\";}','coordinador'),(262,'update','2014-09-05 15:38:05','283','Sistema\\STOCKBundle\\Entity\\Articulo',1,'a:1:{s:6:\"precio\";s:6:\"190.84\";}','coordinador'),(263,'update','2014-09-05 15:41:18','113','Sistema\\STOCKBundle\\Entity\\Articulo',1,'a:1:{s:6:\"precio\";s:5:\"53.74\";}','coordinador'),(264,'update','2014-09-05 15:41:54','30','Sistema\\STOCKBundle\\Entity\\Articulo',1,'a:1:{s:6:\"precio\";s:5:\"29.99\";}','coordinador'),(265,'update','2014-09-05 15:42:39','29','Sistema\\STOCKBundle\\Entity\\Articulo',1,'a:1:{s:6:\"precio\";s:5:\"48.00\";}','coordinador'),(266,'update','2014-09-05 15:44:16','261','Sistema\\STOCKBundle\\Entity\\Articulo',4,'a:1:{s:6:\"precio\";s:5:\"24.99\";}','coordinador'),(267,'update','2014-09-05 15:44:29','261','Sistema\\STOCKBundle\\Entity\\Articulo',5,'a:1:{s:6:\"precio\";s:2:\"00\";}','coordinador'),(268,'update','2014-09-05 15:44:46','261','Sistema\\STOCKBundle\\Entity\\Articulo',6,'a:1:{s:6:\"precio\";s:6:\"029.99\";}','coordinador'),(269,'update','2014-09-05 15:48:36','730','Sistema\\STOCKBundle\\Entity\\Articulo',1,'a:1:{s:6:\"precio\";s:6:\"242.00\";}','coordinador'),(270,'update','2014-09-05 15:50:14','837','Sistema\\STOCKBundle\\Entity\\Articulo',1,'a:1:{s:6:\"precio\";s:6:\"168.19\";}','coordinador'),(271,'update','2014-09-05 15:50:42','837','Sistema\\STOCKBundle\\Entity\\Articulo',2,'a:1:{s:6:\"precio\";s:6:\"195.00\";}','coordinador'),(272,'update','2014-09-05 16:00:01','730','Sistema\\STOCKBundle\\Entity\\Articulo',2,'a:1:{s:6:\"precio\";s:6:\"311.72\";}','coordinador'),(273,'update','2014-09-05 16:10:28','105','Sistema\\STOCKBundle\\Entity\\Articulo',2,'a:1:{s:6:\"precio\";s:5:\"76.25\";}','coordinador'),(274,'update','2014-09-05 16:10:36','106','Sistema\\STOCKBundle\\Entity\\Articulo',1,'a:1:{s:6:\"precio\";s:5:\"76.25\";}','coordinador'),(275,'update','2014-09-05 16:12:15','491','Sistema\\STOCKBundle\\Entity\\Articulo',1,'a:1:{s:6:\"precio\";s:4:\"5.84\";}','coordinador'),(276,'update','2014-09-05 16:24:19','755','Sistema\\STOCKBundle\\Entity\\Articulo',1,'a:1:{s:6:\"precio\";s:5:\"10.61\";}','coordinador'),(277,'update','2014-09-05 16:27:37','857','Sistema\\STOCKBundle\\Entity\\Articulo',1,'a:1:{s:6:\"precio\";s:6:\"584.92\";}','coordinador'),(278,'update','2014-09-05 16:30:15','768','Sistema\\STOCKBundle\\Entity\\Articulo',1,'a:1:{s:6:\"precio\";s:5:\"95.48\";}','coordinador'),(279,'update','2014-09-05 16:31:10','54','Sistema\\STOCKBundle\\Entity\\Articulo',1,'a:1:{s:6:\"precio\";s:4:\"8.32\";}','coordinador'),(280,'update','2014-09-08 15:58:14','714','Sistema\\STOCKBundle\\Entity\\Articulo',1,'a:1:{s:6:\"precio\";s:6:\"115.77\";}','coordinador'),(281,'update','2014-09-08 15:59:25','572','Sistema\\STOCKBundle\\Entity\\Articulo',1,'a:1:{s:6:\"precio\";s:6:\"137.54\";}','coordinador'),(282,'update','2014-09-08 16:04:33','843','Sistema\\STOCKBundle\\Entity\\Articulo',1,'a:1:{s:6:\"precio\";s:6:\"193.86\";}','coordinador'),(283,'update','2014-09-08 16:11:05','642','Sistema\\STOCKBundle\\Entity\\Articulo',1,'a:1:{s:6:\"precio\";s:5:\"61.03\";}','coordinador'),(284,'update','2014-09-08 16:12:41','689','Sistema\\STOCKBundle\\Entity\\Articulo',1,'a:1:{s:6:\"precio\";s:5:\"34.01\";}','coordinador'),(285,'create','2014-09-09 08:34:13','887','Sistema\\STOCKBundle\\Entity\\Articulo',1,'a:7:{s:6:\"codigo\";N;s:11:\"descripcion\";s:14:\"B.C twister 9W\";s:8:\"cantidad\";i:3;s:17:\"cantidadReservada\";i:0;s:6:\"precio\";d:0;s:6:\"activo\";b:1;s:5:\"rubro\";a:1:{s:2:\"id\";i:2;}}','coordinador'),(286,'update','2014-09-09 08:34:13','887','Sistema\\STOCKBundle\\Entity\\Articulo',2,'a:1:{s:6:\"codigo\";i:887;}','coordinador'),(287,'create','2014-09-09 08:38:05','888','Sistema\\STOCKBundle\\Entity\\Articulo',1,'a:7:{s:6:\"codigo\";N;s:11:\"descripcion\";s:15:\"Con menzula \"L\"\";s:8:\"cantidad\";i:3;s:17:\"cantidadReservada\";i:0;s:6:\"precio\";d:0;s:6:\"activo\";b:1;s:5:\"rubro\";a:1:{s:2:\"id\";i:11;}}','coordinador'),(288,'update','2014-09-09 08:38:05','888','Sistema\\STOCKBundle\\Entity\\Articulo',2,'a:1:{s:6:\"codigo\";i:888;}','coordinador'),(289,'create','2014-09-09 08:45:16','889','Sistema\\STOCKBundle\\Entity\\Articulo',1,'a:7:{s:6:\"codigo\";N;s:11:\"descripcion\";s:5:\"1200W\";s:8:\"cantidad\";i:1;s:17:\"cantidadReservada\";i:0;s:6:\"precio\";d:0;s:6:\"activo\";b:1;s:5:\"rubro\";a:1:{s:2:\"id\";i:11;}}','coordinador'),(290,'update','2014-09-09 08:45:16','889','Sistema\\STOCKBundle\\Entity\\Articulo',2,'a:1:{s:6:\"codigo\";i:889;}','coordinador'),(291,'update','2014-09-09 08:45:45','115','Sistema\\STOCKBundle\\Entity\\Articulo',3,'a:1:{s:8:\"cantidad\";i:52;}','coordinador'),(292,'update','2014-09-09 08:52:19','887','Sistema\\STOCKBundle\\Entity\\Articulo',3,'a:1:{s:6:\"precio\";s:5:\"62.50\";}','coordinador'),(293,'update','2014-09-09 08:53:24','888','Sistema\\STOCKBundle\\Entity\\Articulo',3,'a:1:{s:6:\"precio\";s:4:\"8.25\";}','coordinador'),(294,'update','2014-09-09 08:54:00','889','Sistema\\STOCKBundle\\Entity\\Articulo',3,'a:1:{s:6:\"precio\";s:5:\"95.61\";}','coordinador'),(295,'update','2014-09-09 08:57:03','778','Sistema\\STOCKBundle\\Entity\\Articulo',1,'a:1:{s:6:\"precio\";s:4:\"6.24\";}','coordinador'),(296,'update','2014-09-09 09:07:51','778','Sistema\\STOCKBundle\\Entity\\Articulo',2,'a:1:{s:8:\"cantidad\";i:24;}','coordinador'),(297,'create','2014-09-10 08:16:57','890','Sistema\\STOCKBundle\\Entity\\Articulo',1,'a:7:{s:6:\"codigo\";N;s:11:\"descripcion\";s:31:\"Circular Fuynter \"Canda\" blanco\";s:8:\"cantidad\";i:1;s:17:\"cantidadReservada\";i:0;s:6:\"precio\";d:105;s:6:\"activo\";b:1;s:5:\"rubro\";a:1:{s:2:\"id\";i:20;}}','coordinador'),(298,'update','2014-09-10 08:16:57','890','Sistema\\STOCKBundle\\Entity\\Articulo',2,'a:1:{s:6:\"codigo\";i:890;}','coordinador'),(299,'update','2014-09-10 08:18:28','871','Sistema\\STOCKBundle\\Entity\\Articulo',4,'a:1:{s:8:\"cantidad\";i:3;}','coordinador'),(300,'update','2014-09-10 09:18:31','559','Sistema\\STOCKBundle\\Entity\\Articulo',1,'a:1:{s:11:\"descripcion\";s:17:\"Sintenax 2 x2,5mm\";}','coordinador'),(301,'update','2014-09-10 09:18:55','559','Sistema\\STOCKBundle\\Entity\\Articulo',2,'a:1:{s:11:\"descripcion\";s:16:\"Sintenax 2x2,5mm\";}','coordinador'),(302,'update','2014-09-10 09:19:53','627','Sistema\\STOCKBundle\\Entity\\Articulo',3,'a:1:{s:6:\"precio\";s:5:\"11.22\";}','coordinador'),(303,'update','2014-09-10 09:20:34','559','Sistema\\STOCKBundle\\Entity\\Articulo',3,'a:1:{s:6:\"precio\";s:5:\"16.28\";}','coordinador'),(304,'update','2014-09-10 09:21:09','626','Sistema\\STOCKBundle\\Entity\\Articulo',1,'a:1:{s:6:\"precio\";s:5:\"26.61\";}','coordinador'),(305,'update','2014-09-10 09:21:44','625','Sistema\\STOCKBundle\\Entity\\Articulo',1,'a:1:{s:6:\"precio\";s:5:\"34.84\";}','coordinador'),(306,'update','2014-09-10 09:22:36','558','Sistema\\STOCKBundle\\Entity\\Articulo',1,'a:1:{s:6:\"precio\";s:5:\"21.64\";}','coordinador'),(307,'update','2014-09-10 09:23:13','662','Sistema\\STOCKBundle\\Entity\\Articulo',1,'a:1:{s:6:\"precio\";s:5:\"26.53\";}','coordinador'),(308,'update','2014-09-10 09:24:04','557','Sistema\\STOCKBundle\\Entity\\Articulo',1,'a:1:{s:6:\"precio\";s:5:\"59.44\";}','coordinador'),(309,'update','2014-09-10 09:28:56','546','Sistema\\STOCKBundle\\Entity\\Articulo',1,'a:1:{s:6:\"precio\";s:5:\"23.13\";}','coordinador'),(310,'update','2014-09-10 09:29:02','555','Sistema\\STOCKBundle\\Entity\\Articulo',1,'a:1:{s:6:\"precio\";s:5:\"23.13\";}','coordinador'),(311,'update','2014-09-10 09:29:10','552','Sistema\\STOCKBundle\\Entity\\Articulo',1,'a:1:{s:6:\"precio\";s:5:\"23.13\";}','coordinador'),(312,'update','2014-09-10 09:29:17','700','Sistema\\STOCKBundle\\Entity\\Articulo',1,'a:1:{s:6:\"precio\";s:5:\"23.13\";}','coordinador'),(313,'update','2014-09-10 09:29:26','534','Sistema\\STOCKBundle\\Entity\\Articulo',1,'a:1:{s:6:\"precio\";s:5:\"23.13\";}','coordinador'),(314,'update','2014-09-10 09:29:35','756','Sistema\\STOCKBundle\\Entity\\Articulo',1,'a:1:{s:6:\"precio\";s:5:\"23.13\";}','coordinador'),(315,'update','2014-09-10 09:30:19','537','Sistema\\STOCKBundle\\Entity\\Articulo',1,'a:1:{s:6:\"precio\";s:5:\"36.19\";}','coordinador'),(316,'update','2014-09-10 09:30:28','530','Sistema\\STOCKBundle\\Entity\\Articulo',1,'a:1:{s:6:\"precio\";s:5:\"36.19\";}','coordinador'),(317,'update','2014-09-10 09:32:24','545','Sistema\\STOCKBundle\\Entity\\Articulo',1,'a:1:{s:6:\"precio\";s:5:\"13.06\";}','coordinador'),(318,'update','2014-09-10 09:32:34','550','Sistema\\STOCKBundle\\Entity\\Articulo',1,'a:1:{s:6:\"precio\";s:5:\"13.06\";}','coordinador'),(319,'update','2014-09-10 09:32:42','542','Sistema\\STOCKBundle\\Entity\\Articulo',1,'a:1:{s:6:\"precio\";s:5:\"13.06\";}','coordinador'),(320,'update','2014-09-10 09:32:50','535','Sistema\\STOCKBundle\\Entity\\Articulo',3,'a:1:{s:6:\"precio\";s:5:\"13.06\";}','coordinador'),(321,'update','2014-09-10 09:33:06','531','Sistema\\STOCKBundle\\Entity\\Articulo',1,'a:1:{s:6:\"precio\";s:5:\"13.06\";}','coordinador'),(322,'update','2014-09-10 15:44:40','535','Sistema\\STOCKBundle\\Entity\\Articulo',4,'a:1:{s:8:\"cantidad\";i:267;}','coordinador'),(323,'update','2014-09-10 15:50:36','530','Sistema\\STOCKBundle\\Entity\\Articulo',2,'a:1:{s:8:\"cantidad\";i:133;}','coordinador'),(324,'create','2014-09-10 15:54:37','891','Sistema\\STOCKBundle\\Entity\\Articulo',1,'a:7:{s:6:\"codigo\";N;s:11:\"descripcion\";s:18:\"Unipolar 25mm Rojo\";s:8:\"cantidad\";i:4;s:17:\"cantidadReservada\";i:0;s:6:\"precio\";d:0;s:6:\"activo\";b:1;s:5:\"rubro\";a:1:{s:2:\"id\";i:3;}}','coordinador'),(325,'update','2014-09-10 15:54:37','891','Sistema\\STOCKBundle\\Entity\\Articulo',2,'a:1:{s:6:\"codigo\";i:891;}','coordinador'),(326,'update','2014-09-10 15:55:46','891','Sistema\\STOCKBundle\\Entity\\Articulo',3,'a:1:{s:6:\"precio\";s:5:\"56.00\";}','coordinador'),(327,'update','2014-09-10 15:55:57','741','Sistema\\STOCKBundle\\Entity\\Articulo',1,'a:1:{s:6:\"activo\";b:0;}','coordinador'),(328,'update','2014-09-10 15:57:10','534','Sistema\\STOCKBundle\\Entity\\Articulo',2,'a:1:{s:8:\"cantidad\";i:8;}','coordinador'),(329,'update','2014-09-10 15:57:56','756','Sistema\\STOCKBundle\\Entity\\Articulo',2,'a:1:{s:8:\"cantidad\";i:16;}','coordinador'),(330,'update','2014-09-10 16:25:10','633','Sistema\\STOCKBundle\\Entity\\Articulo',3,'a:1:{s:6:\"activo\";b:0;}','coordinador'),(331,'update','2014-09-10 16:25:46','590','Sistema\\STOCKBundle\\Entity\\Articulo',2,'a:1:{s:8:\"cantidad\";i:67;}','coordinador'),(332,'update','2014-09-10 16:26:09','590','Sistema\\STOCKBundle\\Entity\\Articulo',3,'a:1:{s:11:\"descripcion\";s:20:\"Unipolar 2,5 mm Azul\";}','coordinador'),(333,'update','2014-09-10 16:47:50','554','Sistema\\STOCKBundle\\Entity\\Articulo',2,'a:1:{s:8:\"cantidad\";i:80;}','coordinador'),(334,'update','2014-09-10 16:57:31','553','Sistema\\STOCKBundle\\Entity\\Articulo',2,'a:1:{s:6:\"activo\";b:0;}','coordinador'),(335,'create','2014-09-10 16:58:22','892','Sistema\\STOCKBundle\\Entity\\Articulo',1,'a:7:{s:6:\"codigo\";N;s:11:\"descripcion\";s:19:\"Unipolar 2,5 Blanco\";s:8:\"cantidad\";i:8;s:17:\"cantidadReservada\";i:0;s:6:\"precio\";d:5.6900000000000004;s:6:\"activo\";b:1;s:5:\"rubro\";a:1:{s:2:\"id\";i:3;}}','coordinador'),(336,'update','2014-09-10 16:58:22','892','Sistema\\STOCKBundle\\Entity\\Articulo',2,'a:1:{s:6:\"codigo\";i:892;}','coordinador'),(337,'update','2014-09-10 16:59:04','892','Sistema\\STOCKBundle\\Entity\\Articulo',3,'a:1:{s:11:\"descripcion\";s:19:\"Unipolar 2,5 BLANCO\";}','coordinador'),(338,'update','2014-09-10 17:12:30','887','Sistema\\STOCKBundle\\Entity\\Articulo',4,'a:1:{s:8:\"cantidad\";i:12;}','coordinador'),(339,'update','2014-09-10 17:12:59','888','Sistema\\STOCKBundle\\Entity\\Articulo',4,'a:1:{s:8:\"cantidad\";i:7;}','coordinador'),(340,'update','2014-09-10 19:02:49','550','Sistema\\STOCKBundle\\Entity\\Articulo',2,'a:1:{s:8:\"cantidad\";i:8;}','coordinador'),(341,'update','2014-09-11 09:36:51','666','Sistema\\STOCKBundle\\Entity\\Articulo',4,'a:1:{s:8:\"cantidad\";i:56;}','coordinador'),(342,'update','2014-09-11 09:37:41','115','Sistema\\STOCKBundle\\Entity\\Articulo',4,'a:1:{s:8:\"cantidad\";i:58;}','coordinador'),(343,'update','2014-09-11 09:38:23','115','Sistema\\STOCKBundle\\Entity\\Articulo',5,'a:1:{s:8:\"cantidad\";i:64;}','coordinador'),(344,'update','2014-09-11 09:39:09','65','Sistema\\STOCKBundle\\Entity\\Articulo',1,'a:1:{s:8:\"cantidad\";i:9;}','coordinador'),(345,'create','2014-09-11 09:41:01','893','Sistema\\STOCKBundle\\Entity\\Articulo',1,'a:7:{s:6:\"codigo\";N;s:11:\"descripcion\";s:27:\"Ciega octogonal chica METAL\";s:8:\"cantidad\";i:1;s:17:\"cantidadReservada\";i:0;s:6:\"precio\";d:3.4900000000000002;s:6:\"activo\";b:1;s:5:\"rubro\";a:1:{s:2:\"id\";i:4;}}','coordinador'),(346,'update','2014-09-11 09:41:01','893','Sistema\\STOCKBundle\\Entity\\Articulo',2,'a:1:{s:6:\"codigo\";i:893;}','coordinador'),(347,'update','2014-09-11 09:41:27','712','Sistema\\STOCKBundle\\Entity\\Articulo',2,'a:1:{s:8:\"cantidad\";i:27;}','coordinador'),(348,'update','2014-09-11 09:42:08','712','Sistema\\STOCKBundle\\Entity\\Articulo',3,'a:1:{s:8:\"cantidad\";i:29;}','coordinador'),(349,'update','2014-09-11 09:42:41','712','Sistema\\STOCKBundle\\Entity\\Articulo',4,'a:1:{s:8:\"cantidad\";i:31;}','coordinador'),(350,'update','2014-09-11 09:42:42','712','Sistema\\STOCKBundle\\Entity\\Articulo',5,'a:1:{s:8:\"cantidad\";i:33;}','coordinador'),(351,'update','2014-09-11 09:42:43','712','Sistema\\STOCKBundle\\Entity\\Articulo',6,'a:1:{s:8:\"cantidad\";i:35;}','coordinador'),(352,'update','2014-09-11 09:42:44','712','Sistema\\STOCKBundle\\Entity\\Articulo',7,'a:1:{s:8:\"cantidad\";i:37;}','coordinador'),(353,'update','2014-09-11 09:42:45','712','Sistema\\STOCKBundle\\Entity\\Articulo',8,'a:1:{s:8:\"cantidad\";i:39;}','coordinador'),(354,'update','2014-09-11 09:42:58','342','Sistema\\STOCKBundle\\Entity\\Articulo',2,'a:1:{s:8:\"cantidad\";i:23;}','coordinador'),(355,'update','2014-09-11 10:48:43','809','Sistema\\STOCKBundle\\Entity\\Articulo',1,'a:1:{s:8:\"cantidad\";i:2;}','coordinador'),(356,'update','2014-09-11 10:49:48','710','Sistema\\STOCKBundle\\Entity\\Articulo',1,'a:1:{s:6:\"precio\";s:5:\"26.66\";}','coordinador'),(357,'update','2014-09-11 10:49:59','710','Sistema\\STOCKBundle\\Entity\\Articulo',2,'a:1:{s:8:\"cantidad\";i:3;}','coordinador'),(358,'update','2014-09-11 16:19:24','542','Sistema\\STOCKBundle\\Entity\\Articulo',2,'a:1:{s:8:\"cantidad\";i:22;}','coordinador'),(359,'update','2014-09-15 17:08:54','698','Sistema\\STOCKBundle\\Entity\\Articulo',1,'a:1:{s:6:\"precio\";s:5:\"34.68\";}','coordinador'),(360,'update','2014-09-15 17:09:34','205','Sistema\\STOCKBundle\\Entity\\Articulo',1,'a:1:{s:6:\"precio\";s:4:\"0.95\";}','coordinador'),(361,'update','2014-09-15 17:15:55','245','Sistema\\STOCKBundle\\Entity\\Articulo',1,'a:1:{s:6:\"precio\";s:4:\"5.75\";}','coordinador'),(362,'create','2014-09-15 18:10:50','894','Sistema\\STOCKBundle\\Entity\\Articulo',1,'a:7:{s:6:\"codigo\";N;s:11:\"descripcion\";s:31:\"Para frente metalico de portero\";s:8:\"cantidad\";i:1;s:17:\"cantidadReservada\";i:0;s:6:\"precio\";d:35;s:6:\"activo\";b:1;s:5:\"rubro\";a:1:{s:2:\"id\";i:12;}}','coordinador'),(363,'update','2014-09-15 18:10:50','894','Sistema\\STOCKBundle\\Entity\\Articulo',2,'a:1:{s:6:\"codigo\";i:894;}','coordinador'),(364,'update','2014-09-15 18:14:21','322','Sistema\\STOCKBundle\\Entity\\Articulo',6,'a:1:{s:8:\"cantidad\";i:102;}','coordinador'),(365,'update','2014-09-15 18:14:38','712','Sistema\\STOCKBundle\\Entity\\Articulo',9,'a:1:{s:8:\"cantidad\";i:41;}','coordinador'),(366,'update','2014-09-15 18:15:10','641','Sistema\\STOCKBundle\\Entity\\Articulo',2,'a:1:{s:8:\"cantidad\";i:45;}','coordinador'),(367,'create','2014-09-15 19:02:50','895','Sistema\\STOCKBundle\\Entity\\Articulo',1,'a:7:{s:6:\"codigo\";N;s:11:\"descripcion\";s:19:\"Para audio 2 x 0,75\";s:8:\"cantidad\";i:15;s:17:\"cantidadReservada\";i:0;s:6:\"precio\";d:3.2599999999999998;s:6:\"activo\";b:1;s:5:\"rubro\";a:1:{s:2:\"id\";i:3;}}','coordinador'),(368,'update','2014-09-15 19:02:50','895','Sistema\\STOCKBundle\\Entity\\Articulo',2,'a:1:{s:6:\"codigo\";i:895;}','coordinador'),(369,'update','2014-09-15 19:03:27','549','Sistema\\STOCKBundle\\Entity\\Articulo',4,'a:1:{s:8:\"cantidad\";i:263;}','coordinador'),(370,'update','2014-09-15 19:03:57','541','Sistema\\STOCKBundle\\Entity\\Articulo',4,'a:1:{s:8:\"cantidad\";i:480;}','coordinador'),(371,'update','2014-09-15 19:04:23','536','Sistema\\STOCKBundle\\Entity\\Articulo',2,'a:1:{s:8:\"cantidad\";i:33;}','coordinador'),(372,'update','2014-09-15 19:04:35','541','Sistema\\STOCKBundle\\Entity\\Articulo',5,'a:1:{s:8:\"cantidad\";i:481;}','coordinador'),(373,'update','2014-09-15 19:04:46','549','Sistema\\STOCKBundle\\Entity\\Articulo',5,'a:1:{s:8:\"cantidad\";i:264;}','coordinador'),(374,'update','2014-09-16 10:17:18','676','Sistema\\STOCKBundle\\Entity\\Articulo',1,'a:1:{s:6:\"precio\";s:6:\"107.00\";}','coordinador'),(375,'update','2014-09-16 10:19:16','836','Sistema\\STOCKBundle\\Entity\\Articulo',4,'a:1:{s:6:\"precio\";s:5:\"32.99\";}','coordinador'),(376,'update','2014-09-16 10:19:24','587','Sistema\\STOCKBundle\\Entity\\Articulo',5,'a:1:{s:6:\"precio\";s:5:\"32.99\";}','coordinador'),(377,'update','2014-09-16 10:21:46','686','Sistema\\STOCKBundle\\Entity\\Articulo',1,'a:1:{s:6:\"precio\";s:5:\"88.92\";}','coordinador'),(378,'update','2014-09-16 10:22:10','586','Sistema\\STOCKBundle\\Entity\\Articulo',1,'a:1:{s:6:\"precio\";s:6:\"204.99\";}','coordinador'),(379,'update','2014-09-16 10:25:31','856','Sistema\\STOCKBundle\\Entity\\Articulo',1,'a:1:{s:6:\"precio\";s:5:\"38.50\";}','coordinador'),(380,'update','2014-09-16 10:27:23','754','Sistema\\STOCKBundle\\Entity\\Articulo',1,'a:1:{s:6:\"precio\";s:5:\"58.69\";}','coordinador'),(381,'update','2014-09-16 10:31:59','408','Sistema\\STOCKBundle\\Entity\\Articulo',1,'a:1:{s:6:\"precio\";s:5:\"14.72\";}','coordinador'),(382,'update','2014-09-16 10:33:07','860','Sistema\\STOCKBundle\\Entity\\Articulo',1,'a:1:{s:6:\"precio\";s:5:\"27.99\";}','coordinador'),(383,'update','2014-09-16 10:47:04','846','Sistema\\STOCKBundle\\Entity\\Articulo',1,'a:1:{s:6:\"precio\";s:7:\"1273.19\";}','coordinador'),(384,'update','2014-09-16 10:51:34','57','Sistema\\STOCKBundle\\Entity\\Articulo',1,'a:1:{s:6:\"precio\";s:6:\"404.19\";}','coordinador'),(385,'update','2014-09-16 10:56:24','666','Sistema\\STOCKBundle\\Entity\\Articulo',5,'a:1:{s:8:\"cantidad\";i:57;}','coordinador'),(386,'update','2014-09-16 10:58:47','678','Sistema\\STOCKBundle\\Entity\\Articulo',3,'a:1:{s:8:\"cantidad\";i:32;}','coordinador'),(387,'update','2014-09-16 10:59:10','836','Sistema\\STOCKBundle\\Entity\\Articulo',5,'a:1:{s:8:\"cantidad\";i:16;}','coordinador'),(388,'update','2014-09-16 10:59:43','230','Sistema\\STOCKBundle\\Entity\\Articulo',1,'a:1:{s:8:\"cantidad\";i:54;}','coordinador'),(389,'create','2014-09-16 11:00:20','896','Sistema\\STOCKBundle\\Entity\\Articulo',1,'a:7:{s:6:\"codigo\";N;s:11:\"descripcion\";s:5:\"RJ-45\";s:8:\"cantidad\";i:1;s:17:\"cantidadReservada\";i:0;s:6:\"precio\";d:0;s:6:\"activo\";b:1;s:5:\"rubro\";a:1:{s:2:\"id\";i:12;}}','coordinador'),(390,'update','2014-09-16 11:00:20','896','Sistema\\STOCKBundle\\Entity\\Articulo',2,'a:1:{s:6:\"codigo\";i:896;}','coordinador'),(391,'update','2014-09-16 11:00:48','896','Sistema\\STOCKBundle\\Entity\\Articulo',3,'a:1:{s:6:\"precio\";s:5:\"26.49\";}','coordinador'),(392,'update','2014-09-16 11:01:11','250','Sistema\\STOCKBundle\\Entity\\Articulo',4,'a:1:{s:8:\"cantidad\";i:28;}','coordinador'),(393,'update','2014-09-16 11:01:35','403','Sistema\\STOCKBundle\\Entity\\Articulo',3,'a:1:{s:8:\"cantidad\";i:28;}','coordinador'),(394,'update','2014-09-16 11:01:58','188','Sistema\\STOCKBundle\\Entity\\Articulo',1,'a:1:{s:8:\"cantidad\";i:3;}','coordinador'),(395,'update','2014-09-16 11:02:30','759','Sistema\\STOCKBundle\\Entity\\Articulo',1,'a:1:{s:8:\"cantidad\";i:16;}','coordinador'),(396,'update','2014-09-16 11:02:49','740','Sistema\\STOCKBundle\\Entity\\Articulo',1,'a:1:{s:8:\"cantidad\";i:19;}','coordinador'),(397,'update','2014-09-16 11:05:43','545','Sistema\\STOCKBundle\\Entity\\Articulo',2,'a:1:{s:8:\"cantidad\";i:288;}','coordinador'),(398,'update','2014-09-16 11:05:54','535','Sistema\\STOCKBundle\\Entity\\Articulo',5,'a:1:{s:8:\"cantidad\";i:271;}','coordinador'),(399,'update','2014-09-16 11:14:06','590','Sistema\\STOCKBundle\\Entity\\Articulo',4,'a:1:{s:8:\"cantidad\";i:73;}','coordinador'),(400,'update','2014-09-16 11:14:18','538','Sistema\\STOCKBundle\\Entity\\Articulo',4,'a:1:{s:8:\"cantidad\";i:722;}','coordinador'),(401,'update','2014-09-16 11:14:26','538','Sistema\\STOCKBundle\\Entity\\Articulo',5,'a:1:{s:8:\"cantidad\";i:728;}','coordinador'),(402,'update','2014-09-16 11:14:33','533','Sistema\\STOCKBundle\\Entity\\Articulo',7,'a:1:{s:8:\"cantidad\";i:248;}','coordinador'),(403,'update','2014-09-16 11:14:38','533','Sistema\\STOCKBundle\\Entity\\Articulo',8,'a:1:{s:8:\"cantidad\";i:254;}','coordinador'),(404,'update','2014-09-16 11:14:42','533','Sistema\\STOCKBundle\\Entity\\Articulo',9,'a:1:{s:8:\"cantidad\";i:260;}','coordinador'),(405,'create','2014-09-16 11:33:45','897','Sistema\\STOCKBundle\\Entity\\Articulo',1,'a:7:{s:6:\"codigo\";N;s:11:\"descripcion\";s:24:\"Bajo Carga Sica 160A T00\";s:8:\"cantidad\";i:1;s:17:\"cantidadReservada\";i:0;s:6:\"precio\";d:1020.15;s:6:\"activo\";b:1;s:5:\"rubro\";a:1:{s:2:\"id\";i:6;}}','coordinador'),(406,'update','2014-09-16 11:33:45','897','Sistema\\STOCKBundle\\Entity\\Articulo',2,'a:1:{s:6:\"codigo\";i:897;}','coordinador'),(407,'update','2014-09-17 15:41:48','538','Sistema\\STOCKBundle\\Entity\\Articulo',6,'a:1:{s:8:\"cantidad\";i:743;}','coordinador'),(408,'update','2014-09-17 15:41:59','892','Sistema\\STOCKBundle\\Entity\\Articulo',4,'a:1:{s:8:\"cantidad\";i:38;}','coordinador'),(409,'update','2014-09-17 15:42:33','540','Sistema\\STOCKBundle\\Entity\\Articulo',4,'a:1:{s:8:\"cantidad\";i:93;}','coordinador'),(410,'update','2014-09-17 15:43:00','635','Sistema\\STOCKBundle\\Entity\\Articulo',1,'a:1:{s:8:\"cantidad\";i:2;}','coordinador'),(411,'update','2014-09-17 15:43:34','871','Sistema\\STOCKBundle\\Entity\\Articulo',5,'a:1:{s:8:\"cantidad\";i:4;}','coordinador'),(412,'create','2014-09-19 08:24:33','898','Sistema\\STOCKBundle\\Entity\\Articulo',1,'a:7:{s:6:\"codigo\";N;s:11:\"descripcion\";s:12:\"Punto Exultt\";s:8:\"cantidad\";i:1;s:17:\"cantidadReservada\";i:0;s:6:\"precio\";d:19.09;s:6:\"activo\";b:1;s:5:\"rubro\";a:1:{s:2:\"id\";i:8;}}','coordinador'),(413,'update','2014-09-19 08:24:33','898','Sistema\\STOCKBundle\\Entity\\Articulo',2,'a:1:{s:6:\"codigo\";i:898;}','coordinador'),(414,'create','2014-09-19 08:40:26','899','Sistema\\STOCKBundle\\Entity\\Articulo',1,'a:7:{s:6:\"codigo\";N;s:11:\"descripcion\";s:28:\"Mezcladora 250W rosca goliat\";s:8:\"cantidad\";i:1;s:17:\"cantidadReservada\";i:0;s:6:\"precio\";d:70.099999999999994;s:6:\"activo\";b:1;s:5:\"rubro\";a:1:{s:2:\"id\";i:22;}}','coordinador'),(415,'update','2014-09-19 08:40:26','899','Sistema\\STOCKBundle\\Entity\\Articulo',2,'a:1:{s:6:\"codigo\";i:899;}','coordinador'),(416,'update','2014-09-19 08:41:25','684','Sistema\\STOCKBundle\\Entity\\Articulo',1,'a:1:{s:8:\"cantidad\";i:7;}','coordinador'),(417,'update','2014-09-19 08:42:04','684','Sistema\\STOCKBundle\\Entity\\Articulo',2,'a:1:{s:6:\"precio\";s:7:\"1104.04\";}','coordinador'),(418,'create','2014-09-19 18:37:00','900','Sistema\\STOCKBundle\\Entity\\Articulo',1,'a:7:{s:6:\"codigo\";N;s:11:\"descripcion\";s:20:\"Pvc estanco 15x15x7*\";s:8:\"cantidad\";i:1;s:17:\"cantidadReservada\";i:0;s:6:\"precio\";d:68.329999999999998;s:6:\"activo\";b:1;s:5:\"rubro\";a:1:{s:2:\"id\";i:4;}}','coordinador'),(419,'update','2014-09-19 18:37:00','900','Sistema\\STOCKBundle\\Entity\\Articulo',2,'a:1:{s:6:\"codigo\";i:900;}','coordinador'),(420,'update','2014-09-19 18:40:52','117','Sistema\\STOCKBundle\\Entity\\Articulo',3,'a:1:{s:8:\"cantidad\";i:62;}','coordinador'),(421,'create','2014-09-19 18:47:44','901','Sistema\\STOCKBundle\\Entity\\Articulo',1,'a:7:{s:6:\"codigo\";N;s:11:\"descripcion\";s:14:\"Punta aguja T2\";s:8:\"cantidad\";i:4;s:17:\"cantidadReservada\";i:0;s:6:\"precio\";d:30;s:6:\"activo\";b:1;s:5:\"rubro\";a:1:{s:2:\"id\";i:9;}}','coordinador'),(422,'update','2014-09-19 18:47:44','901','Sistema\\STOCKBundle\\Entity\\Articulo',2,'a:1:{s:6:\"codigo\";i:901;}','coordinador'),(423,'update','2014-09-19 18:47:54','901','Sistema\\STOCKBundle\\Entity\\Articulo',3,'a:1:{s:6:\"precio\";d:0.29999999999999999;}','coordinador'),(424,'update','2014-09-22 16:03:34','18','Sistema\\STOCKBundle\\Entity\\Articulo',1,'a:1:{s:11:\"descripcion\";s:30:\"Metalica cuadrada 10x10x4 s/p*\";}','coordinador'),(425,'update','2014-09-22 16:09:54','123','Sistema\\STOCKBundle\\Entity\\Articulo',1,'a:1:{s:8:\"cantidad\";i:43;}','coordinador'),(426,'update','2014-09-22 16:10:50','861','Sistema\\STOCKBundle\\Entity\\Articulo',1,'a:1:{s:8:\"cantidad\";i:15;}','coordinador'),(427,'update','2014-09-22 16:18:37','140','Sistema\\STOCKBundle\\Entity\\Articulo',1,'a:1:{s:8:\"cantidad\";i:4;}','coordinador'),(428,'update','2014-09-22 16:22:52','259','Sistema\\STOCKBundle\\Entity\\Articulo',1,'a:1:{s:6:\"activo\";b:0;}','coordinador'),(429,'update','2014-09-22 16:23:32','256','Sistema\\STOCKBundle\\Entity\\Articulo',1,'a:1:{s:8:\"cantidad\";i:16;}','coordinador'),(430,'update','2014-09-22 16:25:34','591','Sistema\\STOCKBundle\\Entity\\Articulo',1,'a:1:{s:11:\"descripcion\";s:41:\"Reduccion de rosca Goliat a rosca Edison.\";}','coordinador'),(431,'update','2014-09-22 16:25:40','591','Sistema\\STOCKBundle\\Entity\\Articulo',2,'a:1:{s:8:\"cantidad\";i:3;}','coordinador'),(432,'update','2014-09-22 16:34:59','322','Sistema\\STOCKBundle\\Entity\\Articulo',7,'a:1:{s:8:\"cantidad\";i:108;}','coordinador'),(433,'update','2014-09-22 16:45:55','321','Sistema\\STOCKBundle\\Entity\\Articulo',1,'a:1:{s:8:\"cantidad\";i:62;}','coordinador'),(434,'update','2014-09-22 16:53:15','18','Sistema\\STOCKBundle\\Entity\\Articulo',2,'a:1:{s:8:\"cantidad\";i:20;}','coordinador'),(435,'create','2014-09-22 17:28:47','902','Sistema\\STOCKBundle\\Entity\\Articulo',1,'a:7:{s:6:\"codigo\";N;s:11:\"descripcion\";s:18:\"Sodio 400W tubular\";s:8:\"cantidad\";i:1;s:17:\"cantidadReservada\";i:0;s:6:\"precio\";d:0;s:6:\"activo\";b:1;s:5:\"rubro\";a:1:{s:2:\"id\";i:22;}}','coordinador'),(436,'update','2014-09-22 17:28:47','902','Sistema\\STOCKBundle\\Entity\\Articulo',2,'a:1:{s:6:\"codigo\";i:902;}','coordinador'),(437,'update','2014-09-23 09:25:24','110','Sistema\\STOCKBundle\\Entity\\Articulo',4,'a:1:{s:8:\"cantidad\";i:15;}','coordinador'),(438,'update','2014-09-23 09:26:14','247','Sistema\\STOCKBundle\\Entity\\Articulo',6,'a:1:{s:8:\"cantidad\";i:49;}','coordinador'),(439,'update','2014-09-23 09:26:41','244','Sistema\\STOCKBundle\\Entity\\Articulo',5,'a:1:{s:8:\"cantidad\";i:55;}','coordinador'),(440,'update','2014-09-23 09:27:12','117','Sistema\\STOCKBundle\\Entity\\Articulo',4,'a:1:{s:8:\"cantidad\";i:69;}','coordinador'),(441,'update','2014-09-23 09:27:48','116','Sistema\\STOCKBundle\\Entity\\Articulo',1,'a:1:{s:8:\"cantidad\";i:30;}','coordinador'),(442,'update','2014-09-23 09:28:08','173','Sistema\\STOCKBundle\\Entity\\Articulo',9,'a:1:{s:8:\"cantidad\";i:306;}','coordinador'),(443,'update','2014-09-23 09:28:38','678','Sistema\\STOCKBundle\\Entity\\Articulo',4,'a:1:{s:8:\"cantidad\";i:47;}','coordinador'),(444,'update','2014-09-23 09:28:53','666','Sistema\\STOCKBundle\\Entity\\Articulo',6,'a:1:{s:8:\"cantidad\";i:59;}','coordinador'),(445,'update','2014-09-23 09:29:02','666','Sistema\\STOCKBundle\\Entity\\Articulo',7,'a:1:{s:8:\"cantidad\";i:61;}','coordinador'),(446,'update','2014-09-23 09:29:15','666','Sistema\\STOCKBundle\\Entity\\Articulo',8,'a:1:{s:8:\"cantidad\";i:63;}','coordinador'),(447,'update','2014-09-23 09:30:49','78','Sistema\\STOCKBundle\\Entity\\Articulo',4,'a:1:{s:8:\"cantidad\";i:161;}','coordinador'),(448,'update','2014-09-23 09:31:05','75','Sistema\\STOCKBundle\\Entity\\Articulo',6,'a:1:{s:8:\"cantidad\";i:91;}','coordinador'),(449,'update','2014-09-23 09:31:16','75','Sistema\\STOCKBundle\\Entity\\Articulo',7,'a:1:{s:8:\"cantidad\";i:111;}','coordinador'),(450,'update','2014-09-23 09:31:28','114','Sistema\\STOCKBundle\\Entity\\Articulo',1,'a:1:{s:8:\"cantidad\";i:58;}','coordinador'),(451,'update','2014-09-23 09:31:51','115','Sistema\\STOCKBundle\\Entity\\Articulo',6,'a:1:{s:8:\"cantidad\";i:66;}','coordinador'),(452,'update','2014-09-23 09:32:25','867','Sistema\\STOCKBundle\\Entity\\Articulo',1,'a:1:{s:8:\"cantidad\";i:3;}','coordinador'),(453,'update','2014-09-23 09:33:43','867','Sistema\\STOCKBundle\\Entity\\Articulo',2,'a:1:{s:6:\"precio\";s:5:\"19.74\";}','coordinador'),(454,'update','2014-09-23 09:34:24','323','Sistema\\STOCKBundle\\Entity\\Articulo',4,'a:1:{s:8:\"cantidad\";i:486;}','coordinador'),(455,'update','2014-09-23 09:34:41','322','Sistema\\STOCKBundle\\Entity\\Articulo',8,'a:1:{s:8:\"cantidad\";i:114;}','coordinador'),(456,'update','2014-09-23 09:34:51','322','Sistema\\STOCKBundle\\Entity\\Articulo',9,'a:1:{s:8:\"cantidad\";i:120;}','coordinador'),(457,'update','2014-09-23 09:35:11','836','Sistema\\STOCKBundle\\Entity\\Articulo',6,'a:1:{s:8:\"cantidad\";i:22;}','coordinador'),(458,'create','2014-09-23 09:36:50','903','Sistema\\STOCKBundle\\Entity\\Articulo',1,'a:7:{s:6:\"codigo\";N;s:11:\"descripcion\";s:18:\"Pvc estanco 20x20*\";s:8:\"cantidad\";i:1;s:17:\"cantidadReservada\";i:0;s:6:\"precio\";d:0;s:6:\"activo\";b:1;s:5:\"rubro\";a:1:{s:2:\"id\";i:4;}}','coordinador'),(459,'update','2014-09-23 09:36:50','903','Sistema\\STOCKBundle\\Entity\\Articulo',2,'a:1:{s:6:\"codigo\";i:903;}','coordinador'),(460,'create','2014-09-23 09:40:41','904','Sistema\\STOCKBundle\\Entity\\Articulo',1,'a:7:{s:6:\"codigo\";N;s:11:\"descripcion\";s:18:\"Dimer p/ventilador\";s:8:\"cantidad\";i:1;s:17:\"cantidadReservada\";i:0;s:6:\"precio\";d:0;s:6:\"activo\";b:1;s:5:\"rubro\";a:1:{s:2:\"id\";i:14;}}','coordinador'),(461,'update','2014-09-23 09:40:41','904','Sistema\\STOCKBundle\\Entity\\Articulo',2,'a:1:{s:6:\"codigo\";i:904;}','coordinador'),(462,'update','2014-09-23 09:42:34','613','Sistema\\STOCKBundle\\Entity\\Articulo',1,'a:1:{s:8:\"cantidad\";i:330;}','coordinador'),(463,'update','2014-09-23 09:42:52','611','Sistema\\STOCKBundle\\Entity\\Articulo',1,'a:1:{s:8:\"cantidad\";i:330;}','coordinador'),(464,'update','2014-09-23 09:43:20','533','Sistema\\STOCKBundle\\Entity\\Articulo',10,'a:1:{s:8:\"cantidad\";i:269;}','coordinador'),(465,'update','2014-09-23 09:44:05','540','Sistema\\STOCKBundle\\Entity\\Articulo',5,'a:1:{s:8:\"cantidad\";i:123;}','coordinador'),(466,'update','2014-09-23 09:44:43','18','Sistema\\STOCKBundle\\Entity\\Articulo',3,'a:1:{s:8:\"cantidad\";i:21;}','coordinador'),(467,'update','2014-09-23 09:45:32','861','Sistema\\STOCKBundle\\Entity\\Articulo',2,'a:1:{s:8:\"cantidad\";i:17;}','coordinador'),(468,'update','2014-09-23 09:49:41','666','Sistema\\STOCKBundle\\Entity\\Articulo',9,'a:1:{s:8:\"cantidad\";i:66;}','coordinador'),(469,'update','2014-09-23 09:50:13','861','Sistema\\STOCKBundle\\Entity\\Articulo',3,'a:1:{s:8:\"cantidad\";i:20;}','coordinador'),(470,'update','2014-09-23 09:50:40','115','Sistema\\STOCKBundle\\Entity\\Articulo',7,'a:1:{s:8:\"cantidad\";i:69;}','coordinador'),(471,'update','2014-09-23 09:51:04','322','Sistema\\STOCKBundle\\Entity\\Articulo',10,'a:1:{s:8:\"cantidad\";i:125;}','coordinador'),(472,'update','2014-09-23 16:41:54','705','Sistema\\STOCKBundle\\Entity\\Articulo',1,'a:1:{s:8:\"cantidad\";i:4;}','coordinador'),(473,'update','2014-09-23 16:43:28','117','Sistema\\STOCKBundle\\Entity\\Articulo',5,'a:1:{s:8:\"cantidad\";i:71;}','coordinador'),(474,'update','2014-09-23 16:47:15','678','Sistema\\STOCKBundle\\Entity\\Articulo',5,'a:1:{s:8:\"cantidad\";i:147;}','coordinador'),(475,'update','2014-09-23 16:47:35','114','Sistema\\STOCKBundle\\Entity\\Articulo',2,'a:1:{s:8:\"cantidad\";i:158;}','coordinador'),(476,'update','2014-09-23 16:47:59','18','Sistema\\STOCKBundle\\Entity\\Articulo',4,'a:1:{s:8:\"cantidad\";i:106;}','coordinador'),(477,'update','2014-09-23 17:16:52','110','Sistema\\STOCKBundle\\Entity\\Articulo',5,'a:1:{s:8:\"cantidad\";i:18;}','coordinador'),(478,'update','2014-09-23 17:17:47','638','Sistema\\STOCKBundle\\Entity\\Articulo',1,'a:1:{s:6:\"activo\";b:0;}','coordinador'),(479,'create','2014-09-23 17:20:09','905','Sistema\\STOCKBundle\\Entity\\Articulo',1,'a:7:{s:6:\"codigo\";N;s:11:\"descripcion\";s:27:\"Toma doble completo 10A JBO\";s:8:\"cantidad\";i:1;s:17:\"cantidadReservada\";i:0;s:6:\"precio\";d:0;s:6:\"activo\";b:1;s:5:\"rubro\";a:1:{s:2:\"id\";i:15;}}','coordinador'),(480,'update','2014-09-23 17:20:09','905','Sistema\\STOCKBundle\\Entity\\Articulo',2,'a:1:{s:6:\"codigo\";i:905;}','coordinador'),(481,'update','2014-09-23 17:22:49','905','Sistema\\STOCKBundle\\Entity\\Articulo',3,'a:1:{s:6:\"precio\";s:5:\"32.44\";}','coordinador'),(482,'create','2014-09-23 17:25:31','906','Sistema\\STOCKBundle\\Entity\\Articulo',1,'a:7:{s:6:\"codigo\";N;s:11:\"descripcion\";s:28:\"Toma simple completo 10A JBO\";s:8:\"cantidad\";i:1;s:17:\"cantidadReservada\";i:0;s:6:\"precio\";d:23.920000000000002;s:6:\"activo\";b:1;s:5:\"rubro\";a:1:{s:2:\"id\";i:15;}}','coordinador'),(483,'update','2014-09-23 17:25:31','906','Sistema\\STOCKBundle\\Entity\\Articulo',2,'a:1:{s:6:\"codigo\";i:906;}','coordinador'),(484,'update','2014-09-23 17:35:55','556','Sistema\\STOCKBundle\\Entity\\Articulo',1,'a:1:{s:8:\"cantidad\";i:68;}','coordinador'),(485,'update','2014-09-23 17:36:38','845','Sistema\\STOCKBundle\\Entity\\Articulo',1,'a:1:{s:6:\"activo\";b:0;}','coordinador'),(486,'update','2014-09-23 17:36:57','872','Sistema\\STOCKBundle\\Entity\\Articulo',5,'a:1:{s:8:\"cantidad\";i:3;}','coordinador'),(487,'update','2014-09-23 17:37:06','872','Sistema\\STOCKBundle\\Entity\\Articulo',6,'a:1:{s:8:\"cantidad\";i:4;}','coordinador'),(488,'update','2014-09-23 18:39:58','861','Sistema\\STOCKBundle\\Entity\\Articulo',4,'a:1:{s:8:\"cantidad\";i:24;}','coordinador'),(489,'update','2014-09-23 18:40:27','322','Sistema\\STOCKBundle\\Entity\\Articulo',11,'a:1:{s:8:\"cantidad\";i:129;}','coordinador'),(490,'create','2014-09-24 07:50:04','907','Sistema\\STOCKBundle\\Entity\\Articulo',1,'a:7:{s:6:\"codigo\";N;s:11:\"descripcion\";s:14:\"Sintenax 4x4mm\";s:8:\"cantidad\";i:6;s:17:\"cantidadReservada\";i:0;s:6:\"precio\";d:0;s:6:\"activo\";b:1;s:5:\"rubro\";a:1:{s:2:\"id\";i:3;}}','coordinador'),(491,'update','2014-09-24 07:50:04','907','Sistema\\STOCKBundle\\Entity\\Articulo',2,'a:1:{s:6:\"codigo\";i:907;}','coordinador'),(492,'update','2014-09-24 09:37:56','626','Sistema\\STOCKBundle\\Entity\\Articulo',2,'a:1:{s:8:\"cantidad\";i:87;}','coordinador'),(493,'update','2014-09-24 09:59:01','590','Sistema\\STOCKBundle\\Entity\\Articulo',5,'a:1:{s:8:\"cantidad\";i:79;}','coordinador'),(494,'update','2014-09-24 09:59:15','533','Sistema\\STOCKBundle\\Entity\\Articulo',11,'a:1:{s:8:\"cantidad\";i:275;}','coordinador'),(495,'update','2014-09-24 10:07:56','541','Sistema\\STOCKBundle\\Entity\\Articulo',6,'a:1:{s:8:\"cantidad\";i:490;}','coordinador'),(496,'update','2014-09-24 10:11:34','549','Sistema\\STOCKBundle\\Entity\\Articulo',6,'a:1:{s:8:\"cantidad\";i:273;}','coordinador'),(497,'update','2014-09-24 10:11:34','538','Sistema\\STOCKBundle\\Entity\\Articulo',7,'a:1:{s:8:\"cantidad\";i:752;}','coordinador'),(498,'update','2014-09-24 10:11:34','590','Sistema\\STOCKBundle\\Entity\\Articulo',6,'a:1:{s:8:\"cantidad\";i:88;}','coordinador'),(499,'update','2014-09-24 10:11:34','533','Sistema\\STOCKBundle\\Entity\\Articulo',12,'a:1:{s:8:\"cantidad\";i:284;}','coordinador'),(500,'update','2014-09-24 10:39:28','123','Sistema\\STOCKBundle\\Entity\\Articulo',2,'a:1:{s:8:\"cantidad\";i:44;}','coordinador'),(501,'update','2014-09-24 10:40:53','322','Sistema\\STOCKBundle\\Entity\\Articulo',12,'a:1:{s:8:\"cantidad\";i:134;}','coordinador'),(502,'update','2014-09-24 10:44:55','115','Sistema\\STOCKBundle\\Entity\\Articulo',8,'a:1:{s:8:\"cantidad\";i:72;}','coordinador'),(503,'update','2014-09-24 10:44:55','861','Sistema\\STOCKBundle\\Entity\\Articulo',5,'a:1:{s:8:\"cantidad\";i:26;}','coordinador'),(504,'create','2014-09-24 11:03:47','908','Sistema\\STOCKBundle\\Entity\\Articulo',1,'a:7:{s:6:\"codigo\";N;s:11:\"descripcion\";s:25:\"Autoperforante 8 x 1 1/2\"\";s:8:\"cantidad\";i:50;s:17:\"cantidadReservada\";i:0;s:6:\"precio\";d:0;s:6:\"activo\";b:1;s:5:\"rubro\";a:1:{s:2:\"id\";i:9;}}','coordinador'),(505,'update','2014-09-24 11:03:47','908','Sistema\\STOCKBundle\\Entity\\Articulo',2,'a:1:{s:6:\"codigo\";i:908;}','coordinador'),(506,'create','2014-09-24 11:10:57','909','Sistema\\STOCKBundle\\Entity\\Articulo',1,'a:7:{s:6:\"codigo\";N;s:11:\"descripcion\";s:11:\"Pared 600mm\";s:8:\"cantidad\";i:2;s:17:\"cantidadReservada\";i:0;s:6:\"precio\";d:0;s:6:\"activo\";b:1;s:5:\"rubro\";a:1:{s:2:\"id\";i:21;}}','coordinador'),(507,'update','2014-09-24 11:10:57','909','Sistema\\STOCKBundle\\Entity\\Articulo',2,'a:1:{s:6:\"codigo\";i:909;}','coordinador'),(508,'update','2014-09-24 11:11:22','65','Sistema\\STOCKBundle\\Entity\\Articulo',2,'a:1:{s:8:\"cantidad\";i:15;}','coordinador'),(509,'create','2014-09-25 07:58:23','910','Sistema\\STOCKBundle\\Entity\\Articulo',1,'a:7:{s:6:\"codigo\";N;s:11:\"descripcion\";s:5:\"1000W\";s:8:\"cantidad\";i:1;s:17:\"cantidadReservada\";i:0;s:6:\"precio\";d:0;s:6:\"activo\";b:1;s:5:\"rubro\";a:1:{s:2:\"id\";i:11;}}','coordinador'),(510,'update','2014-09-25 07:58:23','910','Sistema\\STOCKBundle\\Entity\\Articulo',2,'a:1:{s:6:\"codigo\";i:910;}','coordinador'),(511,'create','2014-09-25 09:35:23','911','Sistema\\STOCKBundle\\Entity\\Articulo',1,'a:7:{s:6:\"codigo\";N;s:11:\"descripcion\";s:18:\"Ciega JBO completa\";s:8:\"cantidad\";i:1;s:17:\"cantidadReservada\";i:0;s:6:\"precio\";d:0;s:6:\"activo\";b:1;s:5:\"rubro\";a:1:{s:2:\"id\";i:15;}}','coordinador'),(512,'update','2014-09-25 09:35:23','911','Sistema\\STOCKBundle\\Entity\\Articulo',2,'a:1:{s:6:\"codigo\";i:911;}','coordinador'),(513,'update','2014-09-25 09:37:55','911','Sistema\\STOCKBundle\\Entity\\Articulo',3,'a:1:{s:6:\"precio\";s:5:\"20.00\";}','coordinador'),(514,'create','2014-09-25 09:38:34','912','Sistema\\STOCKBundle\\Entity\\Articulo',1,'a:7:{s:6:\"codigo\";N;s:11:\"descripcion\";s:20:\"Pvc estanco 15x20x7*\";s:8:\"cantidad\";i:1;s:17:\"cantidadReservada\";i:0;s:6:\"precio\";d:0;s:6:\"activo\";b:1;s:5:\"rubro\";a:1:{s:2:\"id\";i:4;}}','coordinador'),(515,'update','2014-09-25 09:38:34','912','Sistema\\STOCKBundle\\Entity\\Articulo',2,'a:1:{s:6:\"codigo\";i:912;}','coordinador'),(516,'create','2014-09-26 10:55:44','913','Sistema\\STOCKBundle\\Entity\\Articulo',1,'a:7:{s:6:\"codigo\";N;s:11:\"descripcion\";s:21:\"Unipolar 1,5mm Marron\";s:8:\"cantidad\";i:10;s:17:\"cantidadReservada\";i:0;s:6:\"precio\";d:3.5899999999999999;s:6:\"activo\";b:1;s:5:\"rubro\";a:1:{s:2:\"id\";i:3;}}','coordinador'),(517,'update','2014-09-26 10:55:44','913','Sistema\\STOCKBundle\\Entity\\Articulo',2,'a:1:{s:6:\"codigo\";i:913;}','coordinador'),(518,'update','2014-09-30 18:30:09','704','Sistema\\STOCKBundle\\Entity\\Articulo',1,'a:1:{s:8:\"cantidad\";i:6;}','coordinador'),(519,'update','2014-09-30 18:30:37','230','Sistema\\STOCKBundle\\Entity\\Articulo',2,'a:1:{s:8:\"cantidad\";i:55;}','coordinador'),(520,'update','2014-09-30 18:30:56','173','Sistema\\STOCKBundle\\Entity\\Articulo',10,'a:1:{s:8:\"cantidad\";i:308;}','coordinador'),(521,'update','2014-09-30 18:31:17','95','Sistema\\STOCKBundle\\Entity\\Articulo',1,'a:1:{s:8:\"cantidad\";i:12;}','coordinador'),(522,'update','2014-10-01 07:58:21','889','Sistema\\STOCKBundle\\Entity\\Articulo',4,'a:1:{s:8:\"cantidad\";i:3;}','coordinador'),(523,'create','2014-10-01 15:52:10','914','Sistema\\STOCKBundle\\Entity\\Articulo',1,'a:7:{s:6:\"codigo\";N;s:11:\"descripcion\";s:33:\"Salida de emergencia de pvc 14x41\";s:8:\"cantidad\";i:6;s:17:\"cantidadReservada\";i:0;s:6:\"precio\";d:28.890000000000001;s:6:\"activo\";b:1;s:5:\"rubro\";a:1:{s:2:\"id\";i:1;}}','coordinador'),(524,'update','2014-10-01 15:52:10','914','Sistema\\STOCKBundle\\Entity\\Articulo',2,'a:1:{s:6:\"codigo\";i:914;}','coordinador'),(525,'update','2014-10-01 15:53:58','914','Sistema\\STOCKBundle\\Entity\\Articulo',3,'a:3:{s:11:\"descripcion\";s:32:\"Luz de emergencia 30 led Atomlux\";s:6:\"precio\";d:473.25999999999999;s:5:\"rubro\";a:1:{s:2:\"id\";i:11;}}','coordinador'),(526,'create','2014-10-01 15:56:35','915','Sistema\\STOCKBundle\\Entity\\Articulo',1,'a:7:{s:6:\"codigo\";N;s:11:\"descripcion\";s:33:\"Salida de emergencia de pvc 14x41\";s:8:\"cantidad\";i:1;s:17:\"cantidadReservada\";i:0;s:6:\"precio\";d:28.890000000000001;s:6:\"activo\";b:1;s:5:\"rubro\";a:1:{s:2:\"id\";i:1;}}','coordinador'),(527,'update','2014-10-01 15:56:35','915','Sistema\\STOCKBundle\\Entity\\Articulo',2,'a:1:{s:6:\"codigo\";i:915;}','coordinador'),(528,'create','2014-10-01 15:58:35','916','Sistema\\STOCKBundle\\Entity\\Articulo',1,'a:7:{s:6:\"codigo\";N;s:11:\"descripcion\";s:42:\"Salida de emergencia ESCALERA de pvc 30x40\";s:8:\"cantidad\";i:4;s:17:\"cantidadReservada\";i:0;s:6:\"precio\";d:52.289999999999999;s:6:\"activo\";b:1;s:5:\"rubro\";a:1:{s:2:\"id\";i:1;}}','coordinador'),(529,'update','2014-10-01 15:58:35','916','Sistema\\STOCKBundle\\Entity\\Articulo',2,'a:1:{s:6:\"codigo\";i:916;}','coordinador'),(530,'update','2014-10-01 16:01:49','666','Sistema\\STOCKBundle\\Entity\\Articulo',10,'a:1:{s:8:\"cantidad\";i:84;}','coordinador'),(531,'update','2014-10-01 16:02:24','78','Sistema\\STOCKBundle\\Entity\\Articulo',5,'a:1:{s:8:\"cantidad\";i:181;}','coordinador'),(532,'update','2014-10-01 16:02:49','613','Sistema\\STOCKBundle\\Entity\\Articulo',2,'a:1:{s:8:\"cantidad\";i:380;}','coordinador'),(533,'update','2014-10-01 16:03:18','611','Sistema\\STOCKBundle\\Entity\\Articulo',2,'a:1:{s:8:\"cantidad\";i:380;}','coordinador'),(534,'update','2014-10-03 08:31:57','538','Sistema\\STOCKBundle\\Entity\\Articulo',8,'a:1:{s:8:\"cantidad\";i:765;}','coordinador'),(535,'update','2014-10-06 10:01:17','467','Sistema\\STOCKBundle\\Entity\\Articulo',1,'a:1:{s:8:\"cantidad\";i:28;}','coordinador'),(536,'update','2014-10-06 10:01:43','715','Sistema\\STOCKBundle\\Entity\\Articulo',1,'a:1:{s:8:\"cantidad\";i:6;}','coordinador'),(537,'update','2014-10-06 10:02:17','69','Sistema\\STOCKBundle\\Entity\\Articulo',1,'a:1:{s:8:\"cantidad\";i:1472;}','coordinador'),(538,'update','2014-10-06 10:03:06','704','Sistema\\STOCKBundle\\Entity\\Articulo',2,'a:1:{s:8:\"cantidad\";i:9;}','coordinador'),(539,'update','2014-10-06 10:03:31','95','Sistema\\STOCKBundle\\Entity\\Articulo',2,'a:1:{s:8:\"cantidad\";i:13;}','coordinador'),(540,'create','2014-10-06 10:04:41','917','Sistema\\STOCKBundle\\Entity\\Articulo',1,'a:7:{s:6:\"codigo\";N;s:11:\"descripcion\";s:9:\"Clara 53W\";s:8:\"cantidad\";i:1;s:17:\"cantidadReservada\";i:0;s:6:\"precio\";d:0;s:6:\"activo\";b:1;s:5:\"rubro\";a:1:{s:2:\"id\";i:2;}}','coordinador'),(541,'update','2014-10-06 10:04:41','917','Sistema\\STOCKBundle\\Entity\\Articulo',2,'a:1:{s:6:\"codigo\";i:917;}','coordinador'),(542,'update','2014-10-06 10:10:51','917','Sistema\\STOCKBundle\\Entity\\Articulo',3,'a:1:{s:6:\"precio\";s:5:\"22.05\";}','coordinador'),(543,'create','2014-10-06 11:11:08','918','Sistema\\STOCKBundle\\Entity\\Articulo',1,'a:7:{s:6:\"codigo\";N;s:11:\"descripcion\";s:33:\"Luz de emergencia Atomlux 60 leds\";s:8:\"cantidad\";i:2;s:17:\"cantidadReservada\";i:0;s:6:\"precio\";d:539.39999999999998;s:6:\"activo\";b:1;s:5:\"rubro\";a:1:{s:2:\"id\";i:20;}}','coordinador'),(544,'update','2014-10-06 11:11:08','918','Sistema\\STOCKBundle\\Entity\\Articulo',2,'a:1:{s:6:\"codigo\";i:918;}','coordinador'),(545,'update','2014-10-07 10:09:36','662','Sistema\\STOCKBundle\\Entity\\Articulo',2,'a:1:{s:8:\"cantidad\";i:170;}','coordinador'),(546,'update','2014-10-07 10:09:56','701','Sistema\\STOCKBundle\\Entity\\Articulo',1,'a:1:{s:8:\"cantidad\";i:400;}','coordinador'),(547,'update','2014-10-07 10:10:30','572','Sistema\\STOCKBundle\\Entity\\Articulo',2,'a:1:{s:8:\"cantidad\";i:9;}','coordinador'),(548,'update','2014-10-07 10:11:13','714','Sistema\\STOCKBundle\\Entity\\Articulo',2,'a:1:{s:8:\"cantidad\";i:3;}','coordinador'),(549,'update','2014-10-07 10:28:19','78','Sistema\\STOCKBundle\\Entity\\Articulo',6,'a:1:{s:8:\"cantidad\";i:201;}','coordinador'),(550,'update','2014-10-07 10:28:56','613','Sistema\\STOCKBundle\\Entity\\Articulo',3,'a:1:{s:8:\"cantidad\";i:410;}','coordinador'),(551,'update','2014-10-07 10:29:21','611','Sistema\\STOCKBundle\\Entity\\Articulo',3,'a:1:{s:8:\"cantidad\";i:410;}','coordinador'),(552,'update','2014-10-07 10:30:32','587','Sistema\\STOCKBundle\\Entity\\Articulo',6,'a:1:{s:8:\"cantidad\";i:9;}','coordinador'),(553,'update','2014-10-07 10:31:12','65','Sistema\\STOCKBundle\\Entity\\Articulo',3,'a:1:{s:8:\"cantidad\";i:18;}','coordinador'),(554,'update','2014-10-07 10:31:39','322','Sistema\\STOCKBundle\\Entity\\Articulo',13,'a:1:{s:8:\"cantidad\";i:142;}','coordinador'),(555,'update','2014-10-07 17:47:37','116','Sistema\\STOCKBundle\\Entity\\Articulo',2,'a:1:{s:6:\"precio\";s:5:\"12.99\";}','coordinador'),(556,'update','2014-10-07 17:52:36','250','Sistema\\STOCKBundle\\Entity\\Articulo',5,'a:1:{s:6:\"precio\";s:5:\"12.18\";}','coordinador'),(557,'update','2014-10-07 17:54:02','403','Sistema\\STOCKBundle\\Entity\\Articulo',4,'a:1:{s:6:\"precio\";s:5:\"12.57\";}','coordinador'),(558,'update','2014-10-07 17:56:38','188','Sistema\\STOCKBundle\\Entity\\Articulo',2,'a:1:{s:6:\"precio\";s:5:\"40.91\";}','coordinador'),(559,'update','2014-10-07 18:01:06','575','Sistema\\STOCKBundle\\Entity\\Articulo',3,'a:1:{s:6:\"precio\";s:6:\"161.02\";}','coordinador'),(560,'update','2014-10-07 18:01:51','283','Sistema\\STOCKBundle\\Entity\\Articulo',2,'a:1:{s:6:\"precio\";s:6:\"194.66\";}','coordinador'),(561,'update','2014-10-07 18:04:47','802','Sistema\\STOCKBundle\\Entity\\Articulo',1,'a:1:{s:6:\"precio\";s:6:\"134.81\";}','coordinador'),(562,'update','2014-10-07 18:05:12','204','Sistema\\STOCKBundle\\Entity\\Articulo',1,'a:1:{s:11:\"descripcion\";s:38:\"Abrazadera Para colgar artef.en postes\";}','coordinador'),(563,'update','2014-10-07 18:07:38','456','Sistema\\STOCKBundle\\Entity\\Articulo',1,'a:1:{s:6:\"precio\";s:5:\"29.75\";}','coordinador'),(564,'update','2014-10-07 18:10:07','398','Sistema\\STOCKBundle\\Entity\\Articulo',1,'a:1:{s:6:\"precio\";s:5:\"47.32\";}','coordinador'),(565,'update','2014-10-07 18:13:09','730','Sistema\\STOCKBundle\\Entity\\Articulo',3,'a:1:{s:6:\"precio\";s:3:\"245\";}','coordinador'),(566,'update','2014-10-07 18:13:16','730','Sistema\\STOCKBundle\\Entity\\Articulo',4,'a:1:{s:6:\"precio\";s:6:\"245.00\";}','coordinador'),(567,'update','2014-10-08 08:01:24','65','Sistema\\STOCKBundle\\Entity\\Articulo',4,'a:1:{s:6:\"precio\";s:4:\"4.28\";}','coordinador'),(568,'update','2014-10-08 08:01:58','67','Sistema\\STOCKBundle\\Entity\\Articulo',1,'a:1:{s:6:\"precio\";s:4:\"7.00\";}','coordinador'),(569,'update','2014-10-08 08:08:34','647','Sistema\\STOCKBundle\\Entity\\Articulo',2,'a:1:{s:6:\"precio\";s:6:\"269.07\";}','coordinador'),(570,'update','2014-10-08 08:10:23','58','Sistema\\STOCKBundle\\Entity\\Articulo',1,'a:1:{s:6:\"precio\";s:6:\"395.86\";}','coordinador'),(571,'update','2014-10-08 08:12:49','244','Sistema\\STOCKBundle\\Entity\\Articulo',6,'a:1:{s:6:\"precio\";s:4:\"6.57\";}','coordinador'),(572,'update','2014-10-08 08:12:58','491','Sistema\\STOCKBundle\\Entity\\Articulo',2,'a:1:{s:6:\"precio\";s:4:\"6.57\";}','coordinador'),(573,'update','2014-10-08 08:13:16','251','Sistema\\STOCKBundle\\Entity\\Articulo',1,'a:1:{s:6:\"precio\";s:4:\"6.57\";}','coordinador'),(574,'update','2014-10-08 08:13:29','243','Sistema\\STOCKBundle\\Entity\\Articulo',1,'a:1:{s:6:\"precio\";s:4:\"6.57\";}','coordinador'),(575,'update','2014-10-08 08:15:50','254','Sistema\\STOCKBundle\\Entity\\Articulo',1,'a:1:{s:6:\"precio\";s:5:\"43.70\";}','coordinador'),(576,'update','2014-10-08 08:19:15','690','Sistema\\STOCKBundle\\Entity\\Articulo',1,'a:1:{s:6:\"precio\";s:4:\"5.42\";}','coordinador'),(577,'update','2014-10-08 08:20:43','765','Sistema\\STOCKBundle\\Entity\\Articulo',1,'a:1:{s:6:\"precio\";s:4:\"4.54\";}','coordinador'),(578,'update','2014-10-08 08:21:28','766','Sistema\\STOCKBundle\\Entity\\Articulo',1,'a:1:{s:6:\"precio\";s:4:\"6.42\";}','coordinador'),(579,'update','2014-10-08 08:22:53','616','Sistema\\STOCKBundle\\Entity\\Articulo',2,'a:1:{s:6:\"precio\";s:4:\"4.65\";}','coordinador'),(580,'update','2014-10-08 08:23:55','839','Sistema\\STOCKBundle\\Entity\\Articulo',1,'a:1:{s:6:\"precio\";s:4:\"5.61\";}','coordinador'),(581,'create','2014-10-08 08:28:40','919','Sistema\\STOCKBundle\\Entity\\Articulo',1,'a:7:{s:6:\"codigo\";N;s:11:\"descripcion\";s:27:\"Capuchón para bornera 100A\";s:8:\"cantidad\";i:0;s:17:\"cantidadReservada\";i:0;s:6:\"precio\";d:11.449999999999999;s:6:\"activo\";b:1;s:5:\"rubro\";a:1:{s:2:\"id\";i:6;}}','coordinador'),(582,'update','2014-10-08 08:28:40','919','Sistema\\STOCKBundle\\Entity\\Articulo',2,'a:1:{s:6:\"codigo\";i:919;}','coordinador'),(583,'update','2014-10-08 08:48:03','613','Sistema\\STOCKBundle\\Entity\\Articulo',4,'a:1:{s:6:\"precio\";s:4:\"0.21\";}','coordinador'),(584,'update','2014-10-08 08:48:48','611','Sistema\\STOCKBundle\\Entity\\Articulo',4,'a:1:{s:6:\"precio\";s:4:\"0.32\";}','coordinador'),(585,'update','2014-10-08 09:00:54','857','Sistema\\STOCKBundle\\Entity\\Articulo',2,'a:1:{s:6:\"precio\";s:6:\"584.99\";}','coordinador'),(586,'update','2014-10-08 09:07:52','137','Sistema\\STOCKBundle\\Entity\\Articulo',1,'a:1:{s:6:\"precio\";s:5:\"26.29\";}','coordinador'),(587,'update','2014-10-08 09:08:35','134','Sistema\\STOCKBundle\\Entity\\Articulo',1,'a:1:{s:6:\"precio\";s:5:\"20.01\";}','coordinador'),(588,'update','2014-10-08 09:10:37','768','Sistema\\STOCKBundle\\Entity\\Articulo',2,'a:1:{s:6:\"precio\";s:6:\"102.16\";}','coordinador'),(589,'update','2014-10-08 09:12:15','54','Sistema\\STOCKBundle\\Entity\\Articulo',2,'a:1:{s:6:\"precio\";s:4:\"8.49\";}','coordinador'),(590,'update','2014-10-08 09:13:27','267','Sistema\\STOCKBundle\\Entity\\Articulo',1,'a:1:{s:6:\"precio\";s:4:\"3.71\";}','coordinador'),(591,'update','2014-10-08 09:29:25','34','Sistema\\STOCKBundle\\Entity\\Articulo',1,'a:1:{s:6:\"precio\";s:4:\"0.87\";}','coordinador'),(592,'update','2014-10-08 09:30:07','35','Sistema\\STOCKBundle\\Entity\\Articulo',1,'a:1:{s:6:\"precio\";s:4:\"0.42\";}','coordinador'),(593,'update','2014-10-08 09:31:23','104','Sistema\\STOCKBundle\\Entity\\Articulo',1,'a:1:{s:6:\"precio\";s:5:\"26.16\";}','coordinador'),(594,'update','2014-10-08 09:37:19','110','Sistema\\STOCKBundle\\Entity\\Articulo',6,'a:1:{s:6:\"precio\";s:5:\"23.58\";}','coordinador'),(595,'update','2014-10-08 09:38:53','844','Sistema\\STOCKBundle\\Entity\\Articulo',1,'a:1:{s:6:\"precio\";s:6:\"462.63\";}','coordinador'),(596,'update','2014-10-08 09:40:25','582','Sistema\\STOCKBundle\\Entity\\Articulo',1,'a:1:{s:6:\"precio\";s:6:\"375.87\";}','coordinador'),(597,'update','2014-10-08 09:40:36','769','Sistema\\STOCKBundle\\Entity\\Articulo',1,'a:1:{s:6:\"activo\";b:0;}','coordinador'),(598,'update','2014-10-08 09:41:50','249','Sistema\\STOCKBundle\\Entity\\Articulo',1,'a:1:{s:6:\"precio\";s:4:\"7.76\";}','coordinador'),(599,'update','2014-10-08 09:42:44','233','Sistema\\STOCKBundle\\Entity\\Articulo',1,'a:1:{s:6:\"precio\";s:4:\"6.14\";}','coordinador'),(600,'update','2014-10-08 09:43:33','247','Sistema\\STOCKBundle\\Entity\\Articulo',7,'a:1:{s:6:\"precio\";s:4:\"6.36\";}','coordinador'),(601,'update','2014-10-08 09:44:26','447','Sistema\\STOCKBundle\\Entity\\Articulo',1,'a:1:{s:6:\"precio\";s:6:\"128.00\";}','coordinador'),(602,'update','2014-10-08 09:59:42','567','Sistema\\STOCKBundle\\Entity\\Articulo',1,'a:1:{s:6:\"precio\";s:4:\"5.66\";}','coordinador'),(603,'update','2014-10-08 10:02:12','562','Sistema\\STOCKBundle\\Entity\\Articulo',1,'a:1:{s:6:\"precio\";s:4:\"7.21\";}','coordinador'),(604,'update','2014-10-08 10:02:27','562','Sistema\\STOCKBundle\\Entity\\Articulo',2,'a:1:{s:11:\"descripcion\";s:18:\"Paralelo 2 x 1,5mm\";}','coordinador'),(605,'update','2014-10-08 10:03:00','567','Sistema\\STOCKBundle\\Entity\\Articulo',2,'a:1:{s:11:\"descripcion\";s:15:\"Cristal 2 x 1mm\";}','coordinador'),(606,'create','2014-10-08 10:04:20','920','Sistema\\STOCKBundle\\Entity\\Articulo',1,'a:7:{s:6:\"codigo\";N;s:11:\"descripcion\";s:16:\"Telefonico 1 par\";s:8:\"cantidad\";i:0;s:17:\"cantidadReservada\";i:0;s:6:\"precio\";d:3.29;s:6:\"activo\";b:1;s:5:\"rubro\";a:1:{s:2:\"id\";i:3;}}','coordinador'),(607,'update','2014-10-08 10:04:20','920','Sistema\\STOCKBundle\\Entity\\Articulo',2,'a:1:{s:6:\"codigo\";i:920;}','coordinador'),(608,'update','2014-10-08 10:32:36','789','Sistema\\STOCKBundle\\Entity\\Articulo',1,'a:1:{s:6:\"activo\";b:0;}','coordinador'),(609,'update','2014-10-08 10:35:03','627','Sistema\\STOCKBundle\\Entity\\Articulo',4,'a:1:{s:6:\"precio\";s:5:\"11.50\";}','coordinador'),(610,'update','2014-10-08 10:35:56','559','Sistema\\STOCKBundle\\Entity\\Articulo',4,'a:1:{s:6:\"precio\";s:5:\"16.69\";}','coordinador'),(611,'update','2014-10-08 10:37:19','626','Sistema\\STOCKBundle\\Entity\\Articulo',3,'a:1:{s:6:\"precio\";s:5:\"25.22\";}','coordinador'),(612,'update','2014-10-09 07:30:39','558','Sistema\\STOCKBundle\\Entity\\Articulo',2,'a:1:{s:6:\"precio\";s:5:\"22.19\";}','coordinador'),(613,'update','2014-10-09 07:31:15','662','Sistema\\STOCKBundle\\Entity\\Articulo',3,'a:1:{s:6:\"precio\";s:5:\"27.18\";}','coordinador'),(614,'update','2014-10-09 07:35:14','557','Sistema\\STOCKBundle\\Entity\\Articulo',2,'a:1:{s:6:\"precio\";s:5:\"60.93\";}','coordinador'),(615,'update','2014-10-09 07:36:13','907','Sistema\\STOCKBundle\\Entity\\Articulo',3,'a:2:{s:11:\"descripcion\";s:16:\"Sintenax 4 x 4mm\";s:6:\"precio\";d:40.57;}','coordinador'),(616,'update','2014-10-09 07:39:57','735','Sistema\\STOCKBundle\\Entity\\Articulo',1,'a:1:{s:6:\"precio\";s:4:\"9.18\";}','coordinador'),(617,'update','2014-10-09 07:41:17','556','Sistema\\STOCKBundle\\Entity\\Articulo',2,'a:1:{s:6:\"precio\";s:5:\"14.43\";}','coordinador'),(618,'update','2014-10-09 07:42:05','719','Sistema\\STOCKBundle\\Entity\\Articulo',1,'a:1:{s:6:\"precio\";s:5:\"12.82\";}','coordinador'),(619,'update','2014-10-09 07:42:41','718','Sistema\\STOCKBundle\\Entity\\Articulo',1,'a:1:{s:6:\"precio\";s:5:\"19.71\";}','coordinador'),(620,'update','2014-10-09 07:46:48','872','Sistema\\STOCKBundle\\Entity\\Articulo',7,'a:1:{s:6:\"precio\";s:5:\"14.89\";}','coordinador'),(621,'update','2014-10-09 07:53:48','10','Sistema\\STOCKBundle\\Entity\\Articulo',1,'a:1:{s:6:\"precio\";s:5:\"46.56\";}','coordinador'),(622,'update','2014-10-09 08:48:04','676','Sistema\\STOCKBundle\\Entity\\Articulo',2,'a:1:{s:6:\"precio\";s:6:\"114.49\";}','coordinador'),(623,'update','2014-10-09 08:50:38','861','Sistema\\STOCKBundle\\Entity\\Articulo',6,'a:1:{s:6:\"precio\";s:4:\"9.82\";}','coordinador'),(624,'update','2014-10-09 08:54:01','856','Sistema\\STOCKBundle\\Entity\\Articulo',2,'a:1:{s:6:\"activo\";b:0;}','coordinador'),(625,'update','2014-10-09 08:58:25','583','Sistema\\STOCKBundle\\Entity\\Articulo',1,'a:1:{s:6:\"precio\";s:5:\"57.83\";}','coordinador'),(626,'update','2014-10-09 08:58:26','583','Sistema\\STOCKBundle\\Entity\\Articulo',2,'a:1:{s:6:\"precio\";s:5:\"57.83\";}','coordinador'),(627,'update','2014-10-09 08:58:26','583','Sistema\\STOCKBundle\\Entity\\Articulo',3,'a:1:{s:6:\"precio\";s:5:\"57.83\";}','coordinador'),(628,'update','2014-10-09 08:58:33','900','Sistema\\STOCKBundle\\Entity\\Articulo',3,'a:1:{s:6:\"precio\";s:5:\"57.83\";}','coordinador'),(629,'update','2014-10-09 09:52:31','113','Sistema\\STOCKBundle\\Entity\\Articulo',2,'a:1:{s:8:\"cantidad\";i:7;}','coordinador'),(630,'update','2014-10-09 09:53:58','50','Sistema\\STOCKBundle\\Entity\\Articulo',1,'a:1:{s:8:\"cantidad\";i:4;}','coordinador'),(631,'update','2014-10-10 08:09:28','18','Sistema\\STOCKBundle\\Entity\\Articulo',5,'a:1:{s:6:\"precio\";s:5:\"19.94\";}','coordinador'),(632,'update','2014-10-10 08:12:04','19','Sistema\\STOCKBundle\\Entity\\Articulo',1,'a:1:{s:6:\"precio\";s:6:\"127.92\";}','coordinador'),(633,'update','2014-10-10 08:12:51','20','Sistema\\STOCKBundle\\Entity\\Articulo',1,'a:1:{s:6:\"precio\";s:6:\"260.58\";}','coordinador'),(634,'update','2014-10-10 08:13:09','21','Sistema\\STOCKBundle\\Entity\\Articulo',1,'a:1:{s:6:\"precio\";s:5:\"99.87\";}','coordinador'),(635,'update','2014-10-10 09:19:30','123','Sistema\\STOCKBundle\\Entity\\Articulo',3,'a:1:{s:6:\"precio\";s:4:\"9.82\";}','coordinador'),(636,'update','2014-10-10 09:20:04','835','Sistema\\STOCKBundle\\Entity\\Articulo',1,'a:1:{s:6:\"precio\";s:5:\"15.19\";}','coordinador'),(637,'update','2014-10-10 09:23:17','855','Sistema\\STOCKBundle\\Entity\\Articulo',1,'a:1:{s:6:\"precio\";s:4:\"6.02\";}','coordinador'),(638,'update','2014-10-10 09:24:38','686','Sistema\\STOCKBundle\\Entity\\Articulo',2,'a:1:{s:6:\"precio\";s:5:\"99.00\";}','coordinador'),(639,'update','2014-10-10 09:25:11','586','Sistema\\STOCKBundle\\Entity\\Articulo',2,'a:1:{s:6:\"precio\";s:6:\"226.99\";}','coordinador'),(640,'update','2014-10-10 09:33:24','634','Sistema\\STOCKBundle\\Entity\\Articulo',1,'a:1:{s:6:\"precio\";s:5:\"48.83\";}','coordinador'),(641,'update','2014-10-14 09:19:21','306','Sistema\\STOCKBundle\\Entity\\Articulo',1,'a:1:{s:6:\"precio\";s:5:\"62.40\";}','coordinador'),(642,'update','2014-10-14 09:32:16','486','Sistema\\STOCKBundle\\Entity\\Articulo',2,'a:1:{s:8:\"cantidad\";i:10;}','coordinador'),(643,'update','2014-10-14 09:37:55','95','Sistema\\STOCKBundle\\Entity\\Articulo',3,'a:1:{s:8:\"cantidad\";i:14;}','coordinador'),(644,'update','2014-10-14 09:38:48','95','Sistema\\STOCKBundle\\Entity\\Articulo',4,'a:1:{s:6:\"precio\";s:5:\"66.00\";}','coordinador'),(645,'update','2014-10-14 09:51:18','254','Sistema\\STOCKBundle\\Entity\\Articulo',2,'a:1:{s:8:\"cantidad\";i:4;}','coordinador'),(646,'update','2014-10-14 09:52:05','157','Sistema\\STOCKBundle\\Entity\\Articulo',4,'a:1:{s:8:\"cantidad\";i:6;}','coordinador'),(647,'update','2014-10-14 09:52:40','616','Sistema\\STOCKBundle\\Entity\\Articulo',3,'a:1:{s:8:\"cantidad\";i:16;}','coordinador'),(648,'update','2014-10-14 09:52:54','766','Sistema\\STOCKBundle\\Entity\\Articulo',2,'a:1:{s:8:\"cantidad\";i:1;}','coordinador'),(649,'update','2014-10-14 10:10:52','640','Sistema\\STOCKBundle\\Entity\\Articulo',1,'a:1:{s:6:\"precio\";s:5:\"10.00\";}','coordinador'),(650,'update','2014-10-14 10:10:52','640','Sistema\\STOCKBundle\\Entity\\Articulo',2,'a:1:{s:6:\"precio\";s:5:\"10.00\";}','coordinador'),(651,'update','2014-10-14 10:10:52','640','Sistema\\STOCKBundle\\Entity\\Articulo',3,'a:1:{s:6:\"precio\";s:5:\"10.00\";}','coordinador'),(652,'update','2014-10-14 10:10:59','830','Sistema\\STOCKBundle\\Entity\\Articulo',1,'a:1:{s:6:\"precio\";s:5:\"15.00\";}','coordinador'),(653,'update','2014-10-14 15:34:02','148','Sistema\\STOCKBundle\\Entity\\Articulo',1,'a:1:{s:6:\"precio\";s:5:\"41.20\";}','coordinador'),(654,'update','2014-10-14 15:35:03','149','Sistema\\STOCKBundle\\Entity\\Articulo',1,'a:1:{s:6:\"precio\";s:5:\"22.46\";}','coordinador'),(655,'update','2014-10-14 15:38:08','683','Sistema\\STOCKBundle\\Entity\\Articulo',1,'a:1:{s:6:\"precio\";s:6:\"194.10\";}','coordinador'),(656,'update','2014-10-14 15:38:50','494','Sistema\\STOCKBundle\\Entity\\Articulo',1,'a:1:{s:6:\"precio\";s:6:\"230.34\";}','coordinador'),(657,'update','2014-10-14 15:41:25','672','Sistema\\STOCKBundle\\Entity\\Articulo',1,'a:1:{s:6:\"precio\";s:5:\"78.78\";}','coordinador'),(658,'update','2014-10-14 15:42:28','779','Sistema\\STOCKBundle\\Entity\\Articulo',1,'a:1:{s:6:\"precio\";s:6:\"153.97\";}','coordinador'),(659,'update','2014-10-14 15:42:35','899','Sistema\\STOCKBundle\\Entity\\Articulo',3,'a:1:{s:6:\"activo\";b:0;}','coordinador'),(660,'update','2014-10-14 15:43:43','704','Sistema\\STOCKBundle\\Entity\\Articulo',3,'a:1:{s:6:\"precio\";s:5:\"10.82\";}','coordinador'),(661,'update','2014-10-14 15:43:55','771','Sistema\\STOCKBundle\\Entity\\Articulo',1,'a:1:{s:6:\"precio\";s:5:\"10.82\";}','coordinador'),(662,'update','2014-10-14 17:52:49','467','Sistema\\STOCKBundle\\Entity\\Articulo',2,'a:1:{s:6:\"precio\";s:5:\"31.33\";}','coordinador'),(663,'update','2014-10-14 17:53:24','480','Sistema\\STOCKBundle\\Entity\\Articulo',3,'a:1:{s:6:\"precio\";s:5:\"20.65\";}','coordinador'),(664,'update','2014-10-14 18:28:26','173','Sistema\\STOCKBundle\\Entity\\Articulo',11,'a:1:{s:6:\"precio\";s:4:\"1.46\";}','coordinador'),(665,'update','2014-10-14 18:29:48','230','Sistema\\STOCKBundle\\Entity\\Articulo',3,'a:1:{s:6:\"precio\";s:5:\"29.81\";}','coordinador'),(666,'update','2014-10-14 18:30:40','217','Sistema\\STOCKBundle\\Entity\\Articulo',1,'a:1:{s:6:\"precio\";s:5:\"12.98\";}','coordinador'),(667,'update','2014-10-14 18:30:47','218','Sistema\\STOCKBundle\\Entity\\Articulo',1,'a:1:{s:6:\"precio\";s:5:\"12.98\";}','coordinador'),(668,'update','2014-10-14 18:33:12','644','Sistema\\STOCKBundle\\Entity\\Articulo',2,'a:1:{s:6:\"precio\";s:5:\"11.04\";}','coordinador'),(669,'update','2014-10-14 18:33:17','215','Sistema\\STOCKBundle\\Entity\\Articulo',1,'a:1:{s:6:\"precio\";s:5:\"11.04\";}','coordinador'),(670,'update','2014-10-14 18:33:25','117','Sistema\\STOCKBundle\\Entity\\Articulo',6,'a:1:{s:6:\"precio\";s:2:\"11\";}','coordinador'),(671,'update','2014-10-14 18:33:32','117','Sistema\\STOCKBundle\\Entity\\Articulo',7,'a:1:{s:6:\"precio\";s:5:\"11.04\";}','coordinador'),(672,'update','2014-10-14 18:33:40','213','Sistema\\STOCKBundle\\Entity\\Articulo',1,'a:1:{s:6:\"precio\";s:5:\"11.04\";}','coordinador'),(673,'update','2014-10-14 18:33:48','214','Sistema\\STOCKBundle\\Entity\\Articulo',1,'a:1:{s:6:\"precio\";s:5:\"11.04\";}','coordinador'),(674,'update','2014-10-14 18:34:24','729','Sistema\\STOCKBundle\\Entity\\Articulo',4,'a:1:{s:6:\"precio\";s:5:\"22.16\";}','coordinador'),(675,'update','2014-10-14 18:34:31','216','Sistema\\STOCKBundle\\Entity\\Articulo',1,'a:1:{s:6:\"precio\";s:5:\"22.16\";}','coordinador'),(676,'update','2014-10-14 18:35:25','630','Sistema\\STOCKBundle\\Entity\\Articulo',1,'a:1:{s:11:\"descripcion\";s:27:\"Sica termomagnetico 1 x 15A\";}','coordinador'),(677,'update','2014-10-14 18:38:41','273','Sistema\\STOCKBundle\\Entity\\Articulo',1,'a:1:{s:6:\"precio\";s:6:\"196.51\";}','coordinador'),(678,'update','2014-10-14 18:50:32','68','Sistema\\STOCKBundle\\Entity\\Articulo',1,'a:1:{s:6:\"precio\";s:5:\"25.15\";}','coordinador'),(679,'update','2014-10-14 18:51:44','147','Sistema\\STOCKBundle\\Entity\\Articulo',1,'a:1:{s:6:\"precio\";s:5:\"36.65\";}','coordinador'),(680,'update','2014-10-14 18:57:40','245','Sistema\\STOCKBundle\\Entity\\Articulo',2,'a:1:{s:6:\"precio\";s:4:\"6.48\";}','coordinador'),(681,'update','2014-10-14 18:59:12','57','Sistema\\STOCKBundle\\Entity\\Articulo',2,'a:2:{s:11:\"descripcion\";s:35:\"DE ESCALERA TIPO DIN 5KW RBC SISTEL\";s:6:\"precio\";d:424.82999999999998;}','coordinador'),(682,'update','2014-10-15 09:24:58','548','Sistema\\STOCKBundle\\Entity\\Articulo',2,'a:1:{s:8:\"cantidad\";i:306;}','coordinador'),(683,'update','2014-10-15 09:25:03','548','Sistema\\STOCKBundle\\Entity\\Articulo',3,'a:1:{s:8:\"cantidad\";i:326;}','coordinador'),(684,'update','2014-10-15 09:25:53','913','Sistema\\STOCKBundle\\Entity\\Articulo',3,'a:1:{s:8:\"cantidad\";i:30;}','coordinador'),(685,'update','2014-10-15 09:26:02','544','Sistema\\STOCKBundle\\Entity\\Articulo',2,'a:1:{s:8:\"cantidad\";i:46;}','coordinador'),(686,'update','2014-10-15 09:26:09','540','Sistema\\STOCKBundle\\Entity\\Articulo',6,'a:1:{s:8:\"cantidad\";i:143;}','coordinador'),(687,'update','2014-10-15 09:26:26','920','Sistema\\STOCKBundle\\Entity\\Articulo',3,'a:1:{s:8:\"cantidad\";i:25;}','coordinador'),(688,'update','2014-10-15 09:26:58','18','Sistema\\STOCKBundle\\Entity\\Articulo',6,'a:1:{s:8:\"cantidad\";i:107;}','coordinador'),(689,'update','2014-10-15 09:27:46','704','Sistema\\STOCKBundle\\Entity\\Articulo',4,'a:1:{s:8:\"cantidad\";i:10;}','coordinador'),(690,'update','2014-10-15 09:28:09','889','Sistema\\STOCKBundle\\Entity\\Articulo',5,'a:1:{s:8:\"cantidad\";i:4;}','coordinador'),(691,'create','2014-10-15 09:32:24','921','Sistema\\STOCKBundle\\Entity\\Articulo',1,'a:7:{s:6:\"codigo\";N;s:11:\"descripcion\";s:12:\"Para velador\";s:8:\"cantidad\";i:1;s:17:\"cantidadReservada\";i:0;s:6:\"precio\";d:0;s:6:\"activo\";b:1;s:5:\"rubro\";a:1:{s:2:\"id\";i:8;}}','coordinador'),(692,'update','2014-10-15 09:32:24','921','Sistema\\STOCKBundle\\Entity\\Articulo',2,'a:1:{s:6:\"codigo\";i:921;}','coordinador'),(693,'update','2014-10-15 09:33:01','255','Sistema\\STOCKBundle\\Entity\\Articulo',1,'a:1:{s:8:\"cantidad\";i:6;}','coordinador'),(694,'update','2014-10-15 09:42:00','921','Sistema\\STOCKBundle\\Entity\\Articulo',3,'a:1:{s:6:\"precio\";s:4:\"7.00\";}','coordinador'),(695,'create','2014-10-15 10:31:28','922','Sistema\\STOCKBundle\\Entity\\Articulo',1,'a:7:{s:6:\"codigo\";N;s:11:\"descripcion\";s:18:\"Toma 10A Schneider\";s:8:\"cantidad\";i:2;s:17:\"cantidadReservada\";i:0;s:6:\"precio\";d:19.699999999999999;s:6:\"activo\";b:1;s:5:\"rubro\";a:1:{s:2:\"id\";i:8;}}','coordinador'),(696,'update','2014-10-15 10:31:28','922','Sistema\\STOCKBundle\\Entity\\Articulo',2,'a:1:{s:6:\"codigo\";i:922;}','coordinador'),(697,'update','2014-10-17 11:08:40','642','Sistema\\STOCKBundle\\Entity\\Articulo',2,'a:1:{s:8:\"cantidad\";i:8;}','coordinador'),(698,'update','2014-10-17 11:09:10','113','Sistema\\STOCKBundle\\Entity\\Articulo',3,'a:1:{s:8:\"cantidad\";i:10;}','coordinador'),(699,'update','2014-10-17 11:09:37','50','Sistema\\STOCKBundle\\Entity\\Articulo',2,'a:1:{s:8:\"cantidad\";i:7;}','coordinador'),(700,'update','2014-10-17 11:12:50','145','Sistema\\STOCKBundle\\Entity\\Articulo',1,'a:1:{s:8:\"cantidad\";i:8;}','coordinador'),(701,'update','2014-10-17 11:16:01','145','Sistema\\STOCKBundle\\Entity\\Articulo',2,'a:1:{s:6:\"precio\";s:5:\"19.80\";}','coordinador'),(702,'update','2014-10-20 18:00:49','29','Sistema\\STOCKBundle\\Entity\\Articulo',2,'a:1:{s:8:\"cantidad\";i:8;}','coordinador'),(703,'create','2014-10-20 18:20:47','923','Sistema\\STOCKBundle\\Entity\\Articulo',1,'a:7:{s:6:\"codigo\";N;s:11:\"descripcion\";s:19:\"NH 200A T01 Siemens\";s:8:\"cantidad\";i:3;s:17:\"cantidadReservada\";i:0;s:6:\"precio\";d:206.81;s:6:\"activo\";b:1;s:5:\"rubro\";a:1:{s:2:\"id\";i:5;}}','coordinador'),(704,'update','2014-10-20 18:20:47','923','Sistema\\STOCKBundle\\Entity\\Articulo',2,'a:1:{s:6:\"codigo\";i:923;}','coordinador'),(705,'update','2014-10-21 09:07:12','648','Sistema\\STOCKBundle\\Entity\\Articulo',1,'a:1:{s:6:\"precio\";s:5:\"66.71\";}','coordinador'),(706,'update','2014-10-21 09:20:56','500','Sistema\\STOCKBundle\\Entity\\Articulo',1,'a:2:{s:8:\"cantidad\";i:2;s:6:\"precio\";d:63.009999999999998;}','coordinador'),(707,'create','2014-10-21 09:21:46','924','Sistema\\STOCKBundle\\Entity\\Articulo',1,'a:7:{s:6:\"codigo\";N;s:11:\"descripcion\";s:16:\"Mini Twister 12W\";s:8:\"cantidad\";i:1;s:17:\"cantidadReservada\";i:0;s:6:\"precio\";d:60.479999999999997;s:6:\"activo\";b:1;s:5:\"rubro\";a:1:{s:2:\"id\";i:2;}}','coordinador'),(708,'update','2014-10-21 09:21:46','924','Sistema\\STOCKBundle\\Entity\\Articulo',2,'a:1:{s:6:\"codigo\";i:924;}','coordinador'),(709,'update','2014-10-21 09:26:35','500','Sistema\\STOCKBundle\\Entity\\Articulo',2,'a:1:{s:6:\"precio\";s:6:\"149.76\";}','coordinador'),(710,'create','2014-10-21 18:17:16','925','Sistema\\STOCKBundle\\Entity\\Articulo',1,'a:7:{s:6:\"codigo\";N;s:11:\"descripcion\";s:42:\"Fluorescente 2x36 c/tubo y equipo nacional\";s:8:\"cantidad\";i:1;s:17:\"cantidadReservada\";i:0;s:6:\"precio\";d:311.72000000000003;s:6:\"activo\";b:1;s:5:\"rubro\";a:1:{s:2:\"id\";i:20;}}','coordinador'),(711,'update','2014-10-21 18:17:16','925','Sistema\\STOCKBundle\\Entity\\Articulo',2,'a:1:{s:6:\"codigo\";i:925;}','coordinador'),(712,'create','2014-10-21 18:19:06','926','Sistema\\STOCKBundle\\Entity\\Articulo',1,'a:7:{s:6:\"codigo\";N;s:11:\"descripcion\";s:32:\"Termomagnetico 4 x 40A Interelec\";s:8:\"cantidad\";i:1;s:17:\"cantidadReservada\";i:0;s:6:\"precio\";d:183.91999999999999;s:6:\"activo\";b:1;s:5:\"rubro\";a:1:{s:2:\"id\";i:6;}}','coordinador'),(713,'update','2014-10-21 18:19:06','926','Sistema\\STOCKBundle\\Entity\\Articulo',2,'a:1:{s:6:\"codigo\";i:926;}','coordinador'),(714,'create','2014-10-21 18:27:42','927','Sistema\\STOCKBundle\\Entity\\Articulo',1,'a:7:{s:6:\"codigo\";N;s:11:\"descripcion\";s:5:\"X 5KG\";s:8:\"cantidad\";i:5;s:17:\"cantidadReservada\";i:0;s:6:\"precio\";d:15;s:6:\"activo\";b:1;s:5:\"rubro\";a:1:{s:2:\"id\";i:13;}}','coordinador'),(715,'update','2014-10-21 18:27:42','927','Sistema\\STOCKBundle\\Entity\\Articulo',2,'a:1:{s:6:\"codigo\";i:927;}','coordinador'),(716,'create','2014-10-21 18:30:11','928','Sistema\\STOCKBundle\\Entity\\Articulo',1,'a:7:{s:6:\"codigo\";N;s:11:\"descripcion\";s:22:\"Punto y toma 10A V2000\";s:8:\"cantidad\";i:1;s:17:\"cantidadReservada\";i:0;s:6:\"precio\";d:31.75;s:6:\"activo\";b:1;s:5:\"rubro\";a:1:{s:2:\"id\";i:15;}}','coordinador'),(717,'update','2014-10-21 18:30:11','928','Sistema\\STOCKBundle\\Entity\\Articulo',2,'a:1:{s:6:\"codigo\";i:928;}','coordinador'),(718,'create','2014-10-21 18:32:05','929','Sistema\\STOCKBundle\\Entity\\Articulo',1,'a:7:{s:6:\"codigo\";N;s:11:\"descripcion\";s:23:\"Sujeta cable por unidad\";s:8:\"cantidad\";i:20;s:17:\"cantidadReservada\";i:0;s:6:\"precio\";d:0.59999999999999998;s:6:\"activo\";b:1;s:5:\"rubro\";a:1:{s:2:\"id\";i:4;}}','coordinador'),(719,'update','2014-10-21 18:32:05','929','Sistema\\STOCKBundle\\Entity\\Articulo',2,'a:1:{s:6:\"codigo\";i:929;}','coordinador'),(720,'update','2014-10-21 18:33:44','21','Sistema\\STOCKBundle\\Entity\\Articulo',2,'a:2:{s:11:\"descripcion\";s:31:\"DIN EMANAL Embutir PVC 6 Polos*\";s:8:\"cantidad\";i:1;}','coordinador'),(721,'update','2014-10-21 18:43:24','927','Sistema\\STOCKBundle\\Entity\\Articulo',3,'a:1:{s:6:\"activo\";b:0;}','coordinador'),(722,'create','2014-10-21 18:44:25','930','Sistema\\STOCKBundle\\Entity\\Articulo',1,'a:7:{s:6:\"codigo\";N;s:11:\"descripcion\";s:6:\"X 5KG.\";s:8:\"cantidad\";i:1;s:17:\"cantidadReservada\";i:0;s:6:\"precio\";d:15;s:6:\"activo\";b:1;s:5:\"rubro\";a:1:{s:2:\"id\";i:13;}}','coordinador'),(723,'update','2014-10-21 18:44:25','930','Sistema\\STOCKBundle\\Entity\\Articulo',2,'a:1:{s:6:\"codigo\";i:930;}','coordinador'),(724,'update','2014-10-22 08:50:47','836','Sistema\\STOCKBundle\\Entity\\Articulo',7,'a:1:{s:8:\"cantidad\";i:32;}','coordinador'),(725,'create','2014-10-22 08:53:12','931','Sistema\\STOCKBundle\\Entity\\Articulo',1,'a:7:{s:6:\"codigo\";N;s:11:\"descripcion\";s:8:\"Pvc 50mm\";s:8:\"cantidad\";i:2;s:17:\"cantidadReservada\";i:0;s:6:\"precio\";d:0;s:6:\"activo\";b:1;s:5:\"rubro\";a:1:{s:2:\"id\";i:4;}}','coordinador'),(726,'update','2014-10-22 08:53:12','931','Sistema\\STOCKBundle\\Entity\\Articulo',2,'a:1:{s:6:\"codigo\";i:931;}','coordinador'),(727,'update','2014-10-22 08:56:02','323','Sistema\\STOCKBundle\\Entity\\Articulo',5,'a:1:{s:8:\"cantidad\";i:506;}','coordinador'),(728,'update','2014-10-22 08:57:37','18','Sistema\\STOCKBundle\\Entity\\Articulo',7,'a:1:{s:8:\"cantidad\";i:111;}','coordinador'),(729,'create','2014-10-22 08:59:46','932','Sistema\\STOCKBundle\\Entity\\Articulo',1,'a:7:{s:6:\"codigo\";N;s:11:\"descripcion\";s:14:\"Media omega 1\"\";s:8:\"cantidad\";i:40;s:17:\"cantidadReservada\";i:0;s:6:\"precio\";d:0;s:6:\"activo\";b:1;s:5:\"rubro\";a:1:{s:2:\"id\";i:4;}}','coordinador'),(730,'update','2014-10-22 08:59:46','932','Sistema\\STOCKBundle\\Entity\\Articulo',2,'a:1:{s:6:\"codigo\";i:932;}','coordinador'),(731,'create','2014-10-22 09:05:50','933','Sistema\\STOCKBundle\\Entity\\Articulo',1,'a:7:{s:6:\"codigo\";N;s:11:\"descripcion\";s:27:\"Pvc estanco 10x10x8 Emanal*\";s:8:\"cantidad\";i:10;s:17:\"cantidadReservada\";i:0;s:6:\"precio\";d:40.280000000000001;s:6:\"activo\";b:1;s:5:\"rubro\";a:1:{s:2:\"id\";i:4;}}','coordinador'),(732,'update','2014-10-22 09:05:50','933','Sistema\\STOCKBundle\\Entity\\Articulo',2,'a:1:{s:6:\"codigo\";i:933;}','coordinador'),(733,'update','2014-10-22 09:06:39','932','Sistema\\STOCKBundle\\Entity\\Articulo',3,'a:1:{s:6:\"precio\";s:4:\"0.84\";}','coordinador'),(734,'update','2014-10-22 09:07:16','931','Sistema\\STOCKBundle\\Entity\\Articulo',3,'a:1:{s:6:\"precio\";s:5:\"43.99\";}','coordinador'),(735,'update','2014-10-23 08:13:48','767','Sistema\\STOCKBundle\\Entity\\Articulo',1,'a:1:{s:8:\"cantidad\";i:3;}','coordinador'),(736,'update','2014-10-23 15:32:40','678','Sistema\\STOCKBundle\\Entity\\Articulo',6,'a:1:{s:11:\"descripcion\";s:9:\"25mm Pvc*\";}','coordinador'),(737,'update','2014-10-23 16:12:27','666','Sistema\\STOCKBundle\\Entity\\Articulo',11,'a:1:{s:11:\"descripcion\";s:9:\"20mm Pvc*\";}','coordinador'),(738,'update','2014-10-23 17:16:06','323','Sistema\\STOCKBundle\\Entity\\Articulo',6,'a:1:{s:8:\"cantidad\";i:2287;}','coordinador'),(739,'update','2014-10-23 17:25:08','323','Sistema\\STOCKBundle\\Entity\\Articulo',7,'a:1:{s:11:\"descripcion\";s:9:\"Pvc 25mm*\";}','coordinador'),(740,'create','2014-10-23 17:54:44','934','Sistema\\STOCKBundle\\Entity\\Articulo',1,'a:7:{s:6:\"codigo\";N;s:11:\"descripcion\";s:9:\"40mm Pvc*\";s:8:\"cantidad\";i:6;s:17:\"cantidadReservada\";i:0;s:6:\"precio\";d:0;s:6:\"activo\";b:1;s:5:\"rubro\";a:1:{s:2:\"id\";i:4;}}','coordinador'),(741,'update','2014-10-23 17:54:44','934','Sistema\\STOCKBundle\\Entity\\Articulo',2,'a:1:{s:6:\"codigo\";i:934;}','coordinador'),(742,'update','2014-10-23 17:56:39','934','Sistema\\STOCKBundle\\Entity\\Articulo',3,'a:1:{s:11:\"descripcion\";s:9:\"Pvc 40mm*\";}','coordinador'),(743,'update','2014-10-23 17:57:29','341','Sistema\\STOCKBundle\\Entity\\Articulo',1,'a:1:{s:11:\"descripcion\";s:9:\"Pvc 32mm*\";}','coordinador'),(744,'update','2014-10-23 17:58:01','340','Sistema\\STOCKBundle\\Entity\\Articulo',1,'a:1:{s:6:\"activo\";b:0;}','coordinador'),(745,'update','2014-10-23 18:01:06','339','Sistema\\STOCKBundle\\Entity\\Articulo',1,'a:1:{s:11:\"descripcion\";s:9:\"Pvc 50mm*\";}','coordinador'),(746,'update','2014-10-23 18:07:37','321','Sistema\\STOCKBundle\\Entity\\Articulo',2,'a:1:{s:8:\"cantidad\";i:65;}','coordinador'),(747,'update','2014-10-23 18:08:41','323','Sistema\\STOCKBundle\\Entity\\Articulo',8,'a:1:{s:8:\"cantidad\";i:2296;}','coordinador'),(748,'update','2014-10-23 18:12:44','321','Sistema\\STOCKBundle\\Entity\\Articulo',3,'a:1:{s:11:\"descripcion\";s:9:\"Pvc 22mm*\";}','coordinador'),(749,'update','2014-10-23 18:13:30','322','Sistema\\STOCKBundle\\Entity\\Articulo',14,'a:1:{s:11:\"descripcion\";s:9:\"Pvc 20mm*\";}','coordinador'),(750,'update','2014-10-23 18:15:22','931','Sistema\\STOCKBundle\\Entity\\Articulo',4,'a:1:{s:11:\"descripcion\";s:9:\"Pvc 50mm*\";}','coordinador'),(751,'update','2014-10-23 18:32:48','325','Sistema\\STOCKBundle\\Entity\\Articulo',1,'a:1:{s:8:\"cantidad\";i:49;}','coordinador'),(752,'update','2014-10-23 18:33:40','325','Sistema\\STOCKBundle\\Entity\\Articulo',2,'a:1:{s:11:\"descripcion\";s:9:\"Pvc 22mm*\";}','coordinador'),(753,'update','2014-10-23 18:39:13','115','Sistema\\STOCKBundle\\Entity\\Articulo',9,'a:1:{s:11:\"descripcion\";s:9:\"Pvc 20mm*\";}','coordinador'),(754,'update','2014-10-23 18:43:36','114','Sistema\\STOCKBundle\\Entity\\Articulo',3,'a:1:{s:11:\"descripcion\";s:9:\"Pvc 25mm*\";}','coordinador'),(755,'update','2014-10-23 18:44:29','326','Sistema\\STOCKBundle\\Entity\\Articulo',1,'a:1:{s:11:\"descripcion\";s:9:\"Pvc 32mm*\";}','coordinador'),(756,'update','2014-10-23 18:48:45','930','Sistema\\STOCKBundle\\Entity\\Articulo',3,'a:2:{s:11:\"descripcion\";s:6:\"X 1KG.\";s:6:\"precio\";d:3;}','coordinador'),(757,'update','2014-10-27 16:09:39','690','Sistema\\STOCKBundle\\Entity\\Articulo',2,'a:1:{s:8:\"cantidad\";i:18;}','coordinador'),(758,'update','2014-10-27 16:10:00','829','Sistema\\STOCKBundle\\Entity\\Articulo',2,'a:1:{s:8:\"cantidad\";i:11;}','coordinador'),(759,'update','2014-10-27 17:06:20','715','Sistema\\STOCKBundle\\Entity\\Articulo',2,'a:1:{s:8:\"cantidad\";i:7;}','coordinador'),(760,'update','2014-10-27 17:58:44','914','Sistema\\STOCKBundle\\Entity\\Articulo',4,'a:1:{s:8:\"cantidad\";i:8;}','coordinador'),(761,'create','2014-10-27 18:42:10','935','Sistema\\STOCKBundle\\Entity\\Articulo',1,'a:7:{s:6:\"codigo\";N;s:11:\"descripcion\";s:32:\"Auxiliar tipo bandeja Sodio 250W\";s:8:\"cantidad\";i:1;s:17:\"cantidadReservada\";i:0;s:6:\"precio\";d:0;s:6:\"activo\";b:1;s:5:\"rubro\";a:1:{s:2:\"id\";i:11;}}','coordinador'),(762,'update','2014-10-27 18:42:10','935','Sistema\\STOCKBundle\\Entity\\Articulo',2,'a:1:{s:6:\"codigo\";i:935;}','coordinador'),(763,'update','2014-10-29 09:03:05','666','Sistema\\STOCKBundle\\Entity\\Articulo',12,'a:1:{s:8:\"cantidad\";i:85;}','coordinador'),(764,'update','2014-10-29 10:31:50','829','Sistema\\STOCKBundle\\Entity\\Articulo',3,'a:1:{s:11:\"descripcion\";s:28:\"Ciega octogonal grande METAL\";}','coordinador'),(765,'update','2014-10-29 10:32:34','829','Sistema\\STOCKBundle\\Entity\\Articulo',4,'a:1:{s:8:\"cantidad\";i:14;}','coordinador'),(766,'update','2014-10-29 10:33:57','829','Sistema\\STOCKBundle\\Entity\\Articulo',5,'a:1:{s:11:\"descripcion\";s:29:\"Ciega octogonal grande METAL*\";}','coordinador'),(767,'update','2014-10-29 10:35:45','766','Sistema\\STOCKBundle\\Entity\\Articulo',3,'a:1:{s:11:\"descripcion\";s:43:\"Ciega octogonal grande a presión PLASTICA*\";}','coordinador'),(768,'update','2014-10-29 10:36:13','766','Sistema\\STOCKBundle\\Entity\\Articulo',4,'a:1:{s:8:\"cantidad\";i:3;}','coordinador'),(769,'update','2014-10-29 10:36:39','765','Sistema\\STOCKBundle\\Entity\\Articulo',2,'a:1:{s:11:\"descripcion\";s:31:\"Ciega octogonal chica PLASTICA*\";}','coordinador'),(770,'create','2014-10-29 10:38:34','936','Sistema\\STOCKBundle\\Entity\\Articulo',1,'a:7:{s:6:\"codigo\";N;s:11:\"descripcion\";s:32:\"Ciega 10x10 a presión PLASTICA*\";s:8:\"cantidad\";i:15;s:17:\"cantidadReservada\";i:0;s:6:\"precio\";d:0;s:6:\"activo\";b:1;s:5:\"rubro\";a:1:{s:2:\"id\";i:4;}}','coordinador'),(771,'update','2014-10-29 10:38:34','936','Sistema\\STOCKBundle\\Entity\\Articulo',2,'a:1:{s:6:\"codigo\";i:936;}','coordinador'),(772,'create','2014-10-29 10:40:35','937','Sistema\\STOCKBundle\\Entity\\Articulo',1,'a:7:{s:6:\"codigo\";N;s:11:\"descripcion\";s:30:\"cIEGA 10X10 Tecnocom PLASTICA*\";s:8:\"cantidad\";i:21;s:17:\"cantidadReservada\";i:0;s:6:\"precio\";d:0;s:6:\"activo\";b:1;s:5:\"rubro\";a:1:{s:2:\"id\";i:4;}}','coordinador'),(773,'update','2014-10-29 10:40:35','937','Sistema\\STOCKBundle\\Entity\\Articulo',2,'a:1:{s:6:\"codigo\";i:937;}','coordinador'),(774,'update','2014-10-29 10:41:04','937','Sistema\\STOCKBundle\\Entity\\Articulo',3,'a:1:{s:8:\"cantidad\";i:22;}','coordinador'),(775,'create','2014-10-29 10:41:55','938','Sistema\\STOCKBundle\\Entity\\Articulo',1,'a:7:{s:6:\"codigo\";N;s:11:\"descripcion\";s:28:\"Ciega 10X10 Emanal PLASTICA*\";s:8:\"cantidad\";i:17;s:17:\"cantidadReservada\";i:0;s:6:\"precio\";d:0;s:6:\"activo\";b:1;s:5:\"rubro\";a:1:{s:2:\"id\";i:4;}}','coordinador'),(776,'update','2014-10-29 10:41:55','938','Sistema\\STOCKBundle\\Entity\\Articulo',2,'a:1:{s:6:\"codigo\";i:938;}','coordinador'),(777,'update','2014-10-29 10:47:38','640','Sistema\\STOCKBundle\\Entity\\Articulo',4,'a:1:{s:8:\"cantidad\";i:13;}','coordinador'),(778,'update','2014-10-29 10:48:20','640','Sistema\\STOCKBundle\\Entity\\Articulo',5,'a:1:{s:11:\"descripcion\";s:20:\"Ciega 15x15cm METAL*\";}','coordinador'),(779,'update','2014-10-29 10:48:53','830','Sistema\\STOCKBundle\\Entity\\Articulo',2,'a:1:{s:11:\"descripcion\";s:18:\"Ciega 20x20 metal*\";}','coordinador'),(780,'update','2014-10-29 10:49:18','937','Sistema\\STOCKBundle\\Entity\\Articulo',4,'a:1:{s:11:\"descripcion\";s:30:\"Ciega 10X10 Tecnocom PLASTICA*\";}','coordinador'),(781,'update','2014-10-29 10:55:01','616','Sistema\\STOCKBundle\\Entity\\Articulo',4,'a:1:{s:11:\"descripcion\";s:25:\"Ciega 10x10 Genrod METAL*\";}','coordinador'),(782,'update','2014-10-29 10:57:22','690','Sistema\\STOCKBundle\\Entity\\Articulo',3,'a:1:{s:11:\"descripcion\";s:22:\"Ciega mignon bakelita*\";}','coordinador'),(783,'update','2014-10-29 11:03:47','893','Sistema\\STOCKBundle\\Entity\\Articulo',3,'a:1:{s:11:\"descripcion\";s:28:\"Ciega octogonal chica METAL*\";}','coordinador'),(784,'update','2014-10-29 11:04:24','839','Sistema\\STOCKBundle\\Entity\\Articulo',2,'a:1:{s:11:\"descripcion\";s:27:\"Ciega rectangular bakelita*\";}','coordinador'),(785,'create','2014-10-29 11:08:54','939','Sistema\\STOCKBundle\\Entity\\Articulo',1,'a:7:{s:6:\"codigo\";N;s:11:\"descripcion\";s:17:\"Ciega 22x15 METAL\";s:8:\"cantidad\";i:1;s:17:\"cantidadReservada\";i:0;s:6:\"precio\";d:0;s:6:\"activo\";b:1;s:5:\"rubro\";a:1:{s:2:\"id\";i:4;}}','coordinador'),(786,'update','2014-10-29 11:08:54','939','Sistema\\STOCKBundle\\Entity\\Articulo',2,'a:1:{s:6:\"codigo\";i:939;}','coordinador'),(787,'update','2014-10-29 11:09:00','939','Sistema\\STOCKBundle\\Entity\\Articulo',3,'a:1:{s:11:\"descripcion\";s:18:\"Ciega 22x15 METAL*\";}','coordinador'),(788,'create','2014-10-29 11:09:48','940','Sistema\\STOCKBundle\\Entity\\Articulo',1,'a:7:{s:6:\"codigo\";N;s:11:\"descripcion\";s:18:\"Ciega 22x17 METAL*\";s:8:\"cantidad\";i:1;s:17:\"cantidadReservada\";i:0;s:6:\"precio\";d:0;s:6:\"activo\";b:1;s:5:\"rubro\";a:1:{s:2:\"id\";i:4;}}','coordinador'),(789,'update','2014-10-29 11:09:48','940','Sistema\\STOCKBundle\\Entity\\Articulo',2,'a:1:{s:6:\"codigo\";i:940;}','coordinador'),(790,'create','2014-10-29 11:37:34','941','Sistema\\STOCKBundle\\Entity\\Articulo',1,'a:7:{s:6:\"codigo\";N;s:11:\"descripcion\";s:30:\"Para caja pvc estanca 10x10x7*\";s:8:\"cantidad\";i:6;s:17:\"cantidadReservada\";i:0;s:6:\"precio\";d:0;s:6:\"activo\";b:1;s:5:\"rubro\";a:1:{s:2:\"id\";i:4;}}','coordinador'),(791,'update','2014-10-29 11:37:34','941','Sistema\\STOCKBundle\\Entity\\Articulo',2,'a:1:{s:6:\"codigo\";i:941;}','coordinador'),(792,'update','2014-10-29 11:38:48','640','Sistema\\STOCKBundle\\Entity\\Articulo',6,'a:1:{s:8:\"cantidad\";i:15;}','coordinador'),(793,'update','2014-10-29 11:40:41','123','Sistema\\STOCKBundle\\Entity\\Articulo',4,'a:1:{s:8:\"cantidad\";i:50;}','coordinador'),(794,'update','2014-10-29 11:41:04','855','Sistema\\STOCKBundle\\Entity\\Articulo',2,'a:1:{s:8:\"cantidad\";i:27;}','coordinador'),(795,'update','2014-10-29 11:41:14','665','Sistema\\STOCKBundle\\Entity\\Articulo',1,'a:1:{s:8:\"cantidad\";i:8;}','coordinador'),(796,'update','2014-10-29 11:41:20','665','Sistema\\STOCKBundle\\Entity\\Articulo',2,'a:1:{s:11:\"descripcion\";s:11:\"Mignon Pvc*\";}','coordinador'),(797,'update','2014-10-29 11:41:33','665','Sistema\\STOCKBundle\\Entity\\Articulo',3,'a:1:{s:11:\"descripcion\";s:10:\"Mignon Pvc\";}','coordinador'),(798,'update','2014-10-29 11:41:54','114','Sistema\\STOCKBundle\\Entity\\Articulo',4,'a:1:{s:8:\"cantidad\";i:163;}','coordinador'),(799,'update','2014-10-29 11:42:23','233','Sistema\\STOCKBundle\\Entity\\Articulo',2,'a:1:{s:8:\"cantidad\";i:21;}','coordinador'),(800,'update','2014-10-29 11:43:15','117','Sistema\\STOCKBundle\\Entity\\Articulo',8,'a:1:{s:8:\"cantidad\";i:72;}','coordinador'),(801,'update','2014-10-29 15:23:48','666','Sistema\\STOCKBundle\\Entity\\Articulo',13,'a:1:{s:8:\"cantidad\";i:86;}','coordinador'),(802,'update','2014-10-29 15:25:31','625','Sistema\\STOCKBundle\\Entity\\Articulo',2,'a:1:{s:8:\"cantidad\";i:80;}','coordinador'),(803,'update','2014-10-29 15:30:31','379','Sistema\\STOCKBundle\\Entity\\Articulo',1,'a:1:{s:6:\"precio\";s:5:\"21.47\";}','coordinador'),(804,'update','2014-10-29 15:32:29','378','Sistema\\STOCKBundle\\Entity\\Articulo',1,'a:1:{s:8:\"cantidad\";i:12;}','coordinador'),(805,'update','2014-10-29 15:32:42','379','Sistema\\STOCKBundle\\Entity\\Articulo',2,'a:1:{s:6:\"activo\";b:0;}','coordinador'),(806,'update','2014-10-29 15:33:15','378','Sistema\\STOCKBundle\\Entity\\Articulo',2,'a:1:{s:8:\"cantidad\";i:13;}','coordinador'),(807,'update','2014-10-29 15:33:54','378','Sistema\\STOCKBundle\\Entity\\Articulo',3,'a:2:{s:11:\"descripcion\";s:21:\"Pvc Estanca 8x8x4 cm*\";s:6:\"precio\";d:12.49;}','coordinador'),(808,'update','2014-10-29 15:34:24','322','Sistema\\STOCKBundle\\Entity\\Articulo',15,'a:1:{s:8:\"cantidad\";i:143;}','coordinador'),(809,'update','2014-10-29 15:36:24','701','Sistema\\STOCKBundle\\Entity\\Articulo',2,'a:1:{s:6:\"precio\";s:5:\"20.06\";}','coordinador'),(810,'update','2014-10-29 15:36:30','701','Sistema\\STOCKBundle\\Entity\\Articulo',3,'a:1:{s:8:\"cantidad\";i:500;}','coordinador'),(811,'create','2014-10-30 09:05:15','942','Sistema\\STOCKBundle\\Entity\\Articulo',1,'a:7:{s:6:\"codigo\";N;s:11:\"descripcion\";s:31:\"Para caja pvc estanca 17x20x17*\";s:8:\"cantidad\";i:1;s:17:\"cantidadReservada\";i:0;s:6:\"precio\";d:0;s:6:\"activo\";b:1;s:5:\"rubro\";a:1:{s:2:\"id\";i:4;}}','coordinador'),(812,'update','2014-10-30 09:05:15','942','Sistema\\STOCKBundle\\Entity\\Articulo',2,'a:1:{s:6:\"codigo\";i:942;}','coordinador'),(813,'update','2014-10-30 09:18:33','117','Sistema\\STOCKBundle\\Entity\\Articulo',9,'a:1:{s:11:\"descripcion\";s:20:\"Toma 10A JBO blanco*\";}','coordinador'),(814,'update','2014-10-30 09:19:09','215','Sistema\\STOCKBundle\\Entity\\Articulo',2,'a:1:{s:11:\"descripcion\";s:19:\"Toma 10A JBO beige*\";}','coordinador'),(815,'update','2014-10-30 09:20:34','116','Sistema\\STOCKBundle\\Entity\\Articulo',3,'a:1:{s:8:\"cantidad\";i:32;}','coordinador'),(816,'update','2014-10-30 09:21:00','116','Sistema\\STOCKBundle\\Entity\\Articulo',4,'a:1:{s:11:\"descripcion\";s:17:\"Punto JBO blanco*\";}','coordinador'),(817,'create','2014-10-30 09:21:53','943','Sistema\\STOCKBundle\\Entity\\Articulo',1,'a:7:{s:6:\"codigo\";N;s:11:\"descripcion\";s:16:\"Punto JBO beige*\";s:8:\"cantidad\";i:9;s:17:\"cantidadReservada\";i:0;s:6:\"precio\";d:0;s:6:\"activo\";b:1;s:5:\"rubro\";a:1:{s:2:\"id\";i:8;}}','coordinador'),(818,'update','2014-10-30 09:21:53','943','Sistema\\STOCKBundle\\Entity\\Articulo',2,'a:1:{s:6:\"codigo\";i:943;}','coordinador'),(819,'update','2014-10-30 09:22:27','943','Sistema\\STOCKBundle\\Entity\\Articulo',3,'a:1:{s:6:\"precio\";s:5:\"12.99\";}','coordinador'),(820,'update','2014-10-30 09:23:11','729','Sistema\\STOCKBundle\\Entity\\Articulo',5,'a:1:{s:11:\"descripcion\";s:20:\"Toma 20A JBO blanco*\";}','coordinador'),(821,'update','2014-10-30 09:23:47','216','Sistema\\STOCKBundle\\Entity\\Articulo',2,'a:1:{s:11:\"descripcion\";s:20:\"Toma 20A JBO bordó*\";}','coordinador'),(822,'update','2014-10-30 09:24:31','135','Sistema\\STOCKBundle\\Entity\\Articulo',1,'a:1:{s:11:\"descripcion\";s:17:\"Toma schucko 16A*\";}','coordinador'),(823,'update','2014-10-30 10:17:35','644','Sistema\\STOCKBundle\\Entity\\Articulo',3,'a:1:{s:11:\"descripcion\";s:35:\"Toma 10A blanco JBO linea PLATINUM*\";}','coordinador'),(824,'update','2014-10-30 10:18:19','213','Sistema\\STOCKBundle\\Entity\\Articulo',2,'a:1:{s:11:\"descripcion\";s:28:\"Toma 10A Jeluz Verona negro*\";}','coordinador'),(825,'update','2014-10-30 10:18:52','214','Sistema\\STOCKBundle\\Entity\\Articulo',2,'a:1:{s:11:\"descripcion\";s:27:\"Toma 10A jeluz Verona rojo*\";}','coordinador'),(826,'update','2014-10-30 10:21:31','173','Sistema\\STOCKBundle\\Entity\\Articulo',12,'a:1:{s:8:\"cantidad\";i:311;}','coordinador'),(827,'update','2014-10-30 10:23:50','244','Sistema\\STOCKBundle\\Entity\\Articulo',7,'a:1:{s:11:\"descripcion\";s:37:\"Blanca para bastidor rectangular JBO*\";}','coordinador'),(828,'update','2014-10-30 10:27:25','247','Sistema\\STOCKBundle\\Entity\\Articulo',8,'a:1:{s:8:\"cantidad\";i:50;}','coordinador'),(829,'update','2014-10-30 10:27:39','247','Sistema\\STOCKBundle\\Entity\\Articulo',9,'a:1:{s:11:\"descripcion\";s:23:\"Oculto rectangular JBO*\";}','coordinador'),(830,'update','2014-10-30 10:31:38','233','Sistema\\STOCKBundle\\Entity\\Articulo',3,'a:1:{s:11:\"descripcion\";s:11:\"Mignon JBO*\";}','coordinador'),(831,'update','2014-10-30 10:41:02','254','Sistema\\STOCKBundle\\Entity\\Articulo',3,'a:1:{s:11:\"descripcion\";s:20:\"Para interperie JBO*\";}','coordinador'),(832,'create','2014-10-30 10:42:38','944','Sistema\\STOCKBundle\\Entity\\Articulo',1,'a:7:{s:6:\"codigo\";N;s:11:\"descripcion\";s:35:\"Para unicanal con toma schucko 16A*\";s:8:\"cantidad\";i:7;s:17:\"cantidadReservada\";i:0;s:6:\"precio\";d:0;s:6:\"activo\";b:1;s:5:\"rubro\";a:1:{s:2:\"id\";i:18;}}','coordinador'),(833,'update','2014-10-30 10:42:38','944','Sistema\\STOCKBundle\\Entity\\Articulo',2,'a:1:{s:6:\"codigo\";i:944;}','coordinador'),(834,'update','2014-10-30 10:49:27','232','Sistema\\STOCKBundle\\Entity\\Articulo',1,'a:1:{s:11:\"descripcion\";s:9:\"De chapa*\";}','coordinador'),(835,'update','2014-10-30 11:01:26','735','Sistema\\STOCKBundle\\Entity\\Articulo',2,'a:1:{s:8:\"cantidad\";i:30;}','coordinador'),(836,'update','2014-10-31 16:09:25','188','Sistema\\STOCKBundle\\Entity\\Articulo',3,'a:1:{s:6:\"precio\";s:5:\"44.17\";}','coordinador'),(837,'update','2014-10-31 16:32:06','113','Sistema\\STOCKBundle\\Entity\\Articulo',4,'a:1:{s:6:\"precio\";s:5:\"54.24\";}','coordinador'),(838,'update','2014-10-31 16:34:07','50','Sistema\\STOCKBundle\\Entity\\Articulo',3,'a:1:{s:6:\"precio\";s:4:\"8.90\";}','coordinador'),(839,'update','2014-10-31 16:36:08','30','Sistema\\STOCKBundle\\Entity\\Articulo',2,'a:1:{s:6:\"precio\";s:5:\"31.00\";}','coordinador'),(840,'update','2014-10-31 18:07:23','919','Sistema\\STOCKBundle\\Entity\\Articulo',3,'a:1:{s:6:\"precio\";s:5:\"12.37\";}','coordinador'),(841,'update','2014-11-03 09:07:23','137','Sistema\\STOCKBundle\\Entity\\Articulo',2,'a:1:{s:6:\"precio\";s:5:\"26.49\";}','coordinador'),(842,'update','2014-11-03 09:21:04','104','Sistema\\STOCKBundle\\Entity\\Articulo',2,'a:1:{s:6:\"precio\";s:5:\"26.68\";}','coordinador'),(843,'update','2014-11-03 09:28:07','920','Sistema\\STOCKBundle\\Entity\\Articulo',4,'a:1:{s:6:\"precio\";s:4:\"3.61\";}','coordinador'),(844,'update','2014-11-03 10:15:54','10','Sistema\\STOCKBundle\\Entity\\Articulo',2,'a:1:{s:6:\"precio\";s:5:\"48.49\";}','coordinador'),(845,'update','2014-11-03 10:17:25','861','Sistema\\STOCKBundle\\Entity\\Articulo',7,'a:1:{s:6:\"precio\";s:5:\"10.11\";}','coordinador'),(846,'update','2014-11-03 10:19:15','18','Sistema\\STOCKBundle\\Entity\\Articulo',8,'a:1:{s:6:\"precio\";s:5:\"20.54\";}','coordinador'),(847,'update','2014-11-03 10:22:16','123','Sistema\\STOCKBundle\\Entity\\Articulo',5,'a:1:{s:6:\"precio\";s:5:\"10.11\";}','coordinador'),(848,'update','2014-11-03 10:22:59','835','Sistema\\STOCKBundle\\Entity\\Articulo',2,'a:1:{s:6:\"precio\";s:5:\"15.65\";}','coordinador'),(849,'update','2014-11-03 10:23:30','855','Sistema\\STOCKBundle\\Entity\\Articulo',3,'a:1:{s:6:\"precio\";s:4:\"6.19\";}','coordinador'),(850,'update','2014-11-03 10:30:47','341','Sistema\\STOCKBundle\\Entity\\Articulo',2,'a:1:{s:6:\"precio\";s:5:\"18.00\";}','coordinador'),(851,'update','2014-11-03 10:31:27','934','Sistema\\STOCKBundle\\Entity\\Articulo',4,'a:1:{s:6:\"precio\";s:5:\"21.21\";}','coordinador'),(852,'update','2014-11-03 10:32:26','934','Sistema\\STOCKBundle\\Entity\\Articulo',5,'a:1:{s:6:\"precio\";s:5:\"21.75\";}','coordinador'),(853,'update','2014-11-03 11:28:09','774','Sistema\\STOCKBundle\\Entity\\Articulo',3,'a:1:{s:6:\"precio\";s:6:\"297.80\";}','coordinador'),(854,'update','2014-11-03 11:28:18','773','Sistema\\STOCKBundle\\Entity\\Articulo',2,'a:1:{s:6:\"precio\";s:6:\"297.80\";}','coordinador'),(855,'update','2014-11-03 16:31:30','666','Sistema\\STOCKBundle\\Entity\\Articulo',14,'a:1:{s:8:\"cantidad\";i:88;}','coordinador'),(856,'update','2014-11-03 16:31:54','115','Sistema\\STOCKBundle\\Entity\\Articulo',10,'a:1:{s:8:\"cantidad\";i:75;}','coordinador'),(857,'update','2014-11-03 16:33:02','322','Sistema\\STOCKBundle\\Entity\\Articulo',16,'a:1:{s:8:\"cantidad\";i:145;}','coordinador'),(858,'update','2014-11-03 16:33:21','78','Sistema\\STOCKBundle\\Entity\\Articulo',7,'a:1:{s:8:\"cantidad\";i:205;}','coordinador'),(859,'update','2014-11-03 16:37:00','905','Sistema\\STOCKBundle\\Entity\\Articulo',4,'a:1:{s:8:\"cantidad\";i:2;}','coordinador'),(860,'update','2014-11-03 16:37:42','843','Sistema\\STOCKBundle\\Entity\\Articulo',2,'a:1:{s:8:\"cantidad\";i:3;}','coordinador'),(861,'update','2014-11-03 16:38:18','543','Sistema\\STOCKBundle\\Entity\\Articulo',4,'a:1:{s:8:\"cantidad\";i:393;}','coordinador'),(862,'update','2014-11-03 16:38:50','538','Sistema\\STOCKBundle\\Entity\\Articulo',9,'a:1:{s:8:\"cantidad\";i:770;}','coordinador'),(863,'update','2014-11-03 16:40:06','533','Sistema\\STOCKBundle\\Entity\\Articulo',13,'a:1:{s:8:\"cantidad\";i:289;}','coordinador'),(864,'create','2014-11-03 16:51:18','945','Sistema\\STOCKBundle\\Entity\\Articulo',1,'a:7:{s:6:\"codigo\";N;s:11:\"descripcion\";s:16:\"Para durlock 6mm\";s:8:\"cantidad\";i:10;s:17:\"cantidadReservada\";i:0;s:6:\"precio\";d:0;s:6:\"activo\";b:1;s:5:\"rubro\";a:1:{s:2:\"id\";i:9;}}','coordinador'),(865,'update','2014-11-03 16:51:18','945','Sistema\\STOCKBundle\\Entity\\Articulo',2,'a:1:{s:6:\"codigo\";i:945;}','coordinador'),(866,'update','2014-11-03 16:52:16','945','Sistema\\STOCKBundle\\Entity\\Articulo',3,'a:1:{s:6:\"precio\";s:1:\"0\";}','coordinador'),(867,'update','2014-11-03 16:52:23','945','Sistema\\STOCKBundle\\Entity\\Articulo',4,'a:1:{s:6:\"precio\";s:4:\"1.06\";}','coordinador'),(868,'update','2014-11-03 16:52:28','770','Sistema\\STOCKBundle\\Entity\\Articulo',1,'a:1:{s:6:\"precio\";s:4:\"1.06\";}','coordinador'),(869,'update','2014-11-03 18:38:29','322','Sistema\\STOCKBundle\\Entity\\Articulo',17,'a:1:{s:8:\"cantidad\";i:147;}','coordinador'),(870,'update','2014-11-03 18:38:47','666','Sistema\\STOCKBundle\\Entity\\Articulo',15,'a:1:{s:8:\"cantidad\";i:90;}','coordinador'),(871,'update','2014-11-03 18:39:12','123','Sistema\\STOCKBundle\\Entity\\Articulo',6,'a:1:{s:8:\"cantidad\";i:51;}','coordinador'),(872,'create','2014-11-04 16:46:40','946','Sistema\\STOCKBundle\\Entity\\Articulo',1,'a:7:{s:6:\"codigo\";N;s:11:\"descripcion\";s:10:\"40 mm Pvc*\";s:8:\"cantidad\";i:7;s:17:\"cantidadReservada\";i:0;s:6:\"precio\";d:0;s:6:\"activo\";b:1;s:5:\"rubro\";a:1:{s:2:\"id\";i:4;}}','coordinador'),(873,'update','2014-11-04 16:46:40','946','Sistema\\STOCKBundle\\Entity\\Articulo',2,'a:1:{s:6:\"codigo\";i:946;}','coordinador'),(874,'update','2014-11-04 16:47:04','946','Sistema\\STOCKBundle\\Entity\\Articulo',3,'a:1:{s:11:\"descripcion\";s:9:\"40mm Pvc*\";}','coordinador'),(875,'create','2014-11-04 16:47:37','947','Sistema\\STOCKBundle\\Entity\\Articulo',1,'a:7:{s:6:\"codigo\";N;s:11:\"descripcion\";s:9:\"50mm Pvc*\";s:8:\"cantidad\";i:3;s:17:\"cantidadReservada\";i:0;s:6:\"precio\";d:0;s:6:\"activo\";b:1;s:5:\"rubro\";a:1:{s:2:\"id\";i:4;}}','coordinador'),(876,'update','2014-11-04 16:47:37','947','Sistema\\STOCKBundle\\Entity\\Articulo',2,'a:1:{s:6:\"codigo\";i:947;}','coordinador'),(877,'update','2014-11-04 16:48:11','678','Sistema\\STOCKBundle\\Entity\\Articulo',7,'a:1:{s:8:\"cantidad\";i:151;}','coordinador'),(878,'update','2014-11-04 16:48:23','666','Sistema\\STOCKBundle\\Entity\\Articulo',16,'a:1:{s:8:\"cantidad\";i:100;}','coordinador'),(879,'update','2014-11-04 16:50:33','931','Sistema\\STOCKBundle\\Entity\\Articulo',5,'a:1:{s:8:\"cantidad\";i:5;}','coordinador'),(880,'create','2014-11-04 16:51:28','948','Sistema\\STOCKBundle\\Entity\\Articulo',1,'a:7:{s:6:\"codigo\";N;s:11:\"descripcion\";s:9:\"Pvc 40mm*\";s:8:\"cantidad\";i:2;s:17:\"cantidadReservada\";i:0;s:6:\"precio\";d:0;s:6:\"activo\";b:1;s:5:\"rubro\";a:1:{s:2:\"id\";i:4;}}','coordinador'),(881,'update','2014-11-04 16:51:28','948','Sistema\\STOCKBundle\\Entity\\Articulo',2,'a:1:{s:6:\"codigo\";i:948;}','coordinador'),(882,'update','2014-11-04 16:52:34','322','Sistema\\STOCKBundle\\Entity\\Articulo',18,'a:1:{s:8:\"cantidad\";i:187;}','coordinador'),(883,'update','2014-11-04 16:53:15','861','Sistema\\STOCKBundle\\Entity\\Articulo',8,'a:1:{s:8:\"cantidad\";i:34;}','coordinador'),(884,'update','2014-11-04 16:53:34','123','Sistema\\STOCKBundle\\Entity\\Articulo',7,'a:1:{s:8:\"cantidad\";i:68;}','coordinador'),(885,'update','2014-11-04 16:53:47','18','Sistema\\STOCKBundle\\Entity\\Articulo',9,'a:1:{s:8:\"cantidad\";i:115;}','coordinador'),(886,'update','2014-11-04 16:57:20','855','Sistema\\STOCKBundle\\Entity\\Articulo',4,'a:1:{s:8:\"cantidad\";i:31;}','coordinador'),(887,'create','2014-11-04 16:59:07','949','Sistema\\STOCKBundle\\Entity\\Articulo',1,'a:7:{s:6:\"codigo\";N;s:11:\"descripcion\";s:27:\"Perforada 200mm x 3 metros*\";s:8:\"cantidad\";i:1;s:17:\"cantidadReservada\";i:0;s:6:\"precio\";d:0;s:6:\"activo\";b:1;s:5:\"rubro\";a:1:{s:2:\"id\";i:21;}}','coordinador'),(888,'update','2014-11-04 16:59:07','949','Sistema\\STOCKBundle\\Entity\\Articulo',2,'a:1:{s:6:\"codigo\";i:949;}','coordinador'),(889,'update','2014-11-04 16:59:29','661','Sistema\\STOCKBundle\\Entity\\Articulo',1,'a:1:{s:8:\"cantidad\";i:180;}','coordinador'),(890,'update','2014-11-04 16:59:46','661','Sistema\\STOCKBundle\\Entity\\Articulo',2,'a:1:{s:11:\"descripcion\";s:29:\"Union para bandeja perforada*\";}','coordinador'),(891,'update','2014-11-04 17:01:33','933','Sistema\\STOCKBundle\\Entity\\Articulo',3,'a:1:{s:8:\"cantidad\";i:12;}','coordinador'),(892,'create','2014-11-04 17:02:16','950','Sistema\\STOCKBundle\\Entity\\Articulo',1,'a:7:{s:6:\"codigo\";N;s:11:\"descripcion\";s:16:\"Media omega 3/4*\";s:8:\"cantidad\";i:30;s:17:\"cantidadReservada\";i:0;s:6:\"precio\";d:0;s:6:\"activo\";b:1;s:5:\"rubro\";a:1:{s:2:\"id\";i:4;}}','coordinador'),(893,'update','2014-11-04 17:02:16','950','Sistema\\STOCKBundle\\Entity\\Articulo',2,'a:1:{s:6:\"codigo\";i:950;}','coordinador'),(894,'update','2014-11-04 17:02:43','932','Sistema\\STOCKBundle\\Entity\\Articulo',4,'a:1:{s:8:\"cantidad\";i:50;}','coordinador'),(895,'create','2014-11-04 17:04:11','951','Sistema\\STOCKBundle\\Entity\\Articulo',1,'a:7:{s:6:\"codigo\";N;s:11:\"descripcion\";s:21:\"Metalico p/108 polos*\";s:8:\"cantidad\";i:1;s:17:\"cantidadReservada\";i:0;s:6:\"precio\";d:0;s:6:\"activo\";b:1;s:5:\"rubro\";a:1:{s:2:\"id\";i:6;}}','coordinador'),(896,'update','2014-11-04 17:04:11','951','Sistema\\STOCKBundle\\Entity\\Articulo',2,'a:1:{s:6:\"codigo\";i:951;}','coordinador'),(897,'create','2014-11-04 17:04:47','952','Sistema\\STOCKBundle\\Entity\\Articulo',1,'a:7:{s:6:\"codigo\";N;s:11:\"descripcion\";s:20:\"Metalico p/72 polos*\";s:8:\"cantidad\";i:1;s:17:\"cantidadReservada\";i:0;s:6:\"precio\";d:0;s:6:\"activo\";b:1;s:5:\"rubro\";a:1:{s:2:\"id\";i:6;}}','coordinador'),(898,'update','2014-11-04 17:04:47','952','Sistema\\STOCKBundle\\Entity\\Articulo',2,'a:1:{s:6:\"codigo\";i:952;}','coordinador'),(899,'update','2014-11-04 17:05:31','339','Sistema\\STOCKBundle\\Entity\\Articulo',2,'a:1:{s:8:\"cantidad\";i:11;}','coordinador'),(900,'update','2014-11-05 15:47:56','322','Sistema\\STOCKBundle\\Entity\\Articulo',19,'a:1:{s:8:\"cantidad\";i:195;}','coordinador'),(901,'update','2014-11-05 15:48:23','115','Sistema\\STOCKBundle\\Entity\\Articulo',11,'a:1:{s:8:\"cantidad\";i:79;}','coordinador'),(902,'create','2014-11-05 15:49:55','953','Sistema\\STOCKBundle\\Entity\\Articulo',1,'a:7:{s:6:\"codigo\";N;s:11:\"descripcion\";s:20:\"Ciega 10x10cm METAL*\";s:8:\"cantidad\";i:4;s:17:\"cantidadReservada\";i:0;s:6:\"precio\";d:4.6500000000000004;s:6:\"activo\";b:1;s:5:\"rubro\";a:1:{s:2:\"id\";i:4;}}','coordinador'),(903,'update','2014-11-05 15:49:55','953','Sistema\\STOCKBundle\\Entity\\Articulo',2,'a:1:{s:6:\"codigo\";i:953;}','coordinador'),(904,'update','2014-11-05 15:50:20','666','Sistema\\STOCKBundle\\Entity\\Articulo',17,'a:1:{s:8:\"cantidad\";i:103;}','coordinador'),(905,'update','2014-11-05 15:50:45','548','Sistema\\STOCKBundle\\Entity\\Articulo',4,'a:1:{s:8:\"cantidad\";i:341;}','coordinador'),(906,'update','2014-11-05 15:51:51','115','Sistema\\STOCKBundle\\Entity\\Articulo',12,'a:1:{s:8:\"cantidad\";i:80;}','coordinador'),(907,'update','2014-11-05 15:52:12','590','Sistema\\STOCKBundle\\Entity\\Articulo',7,'a:1:{s:8:\"cantidad\";i:93;}','coordinador'),(908,'update','2014-11-05 15:52:41','18','Sistema\\STOCKBundle\\Entity\\Articulo',10,'a:1:{s:8:\"cantidad\";i:116;}','coordinador'),(909,'update','2014-11-05 15:53:01','123','Sistema\\STOCKBundle\\Entity\\Articulo',8,'a:1:{s:8:\"cantidad\";i:69;}','coordinador'),(910,'update','2014-11-05 15:53:43','737','Sistema\\STOCKBundle\\Entity\\Articulo',1,'a:1:{s:8:\"cantidad\";i:3;}','coordinador'),(911,'update','2014-11-05 16:01:49','893','Sistema\\STOCKBundle\\Entity\\Articulo',4,'a:1:{s:8:\"cantidad\";i:3;}','coordinador'),(912,'create','2014-11-07 09:47:24','954','Sistema\\STOCKBundle\\Entity\\Articulo',1,'a:7:{s:6:\"codigo\";N;s:11:\"descripcion\";s:16:\"Toma simple 20A.\";s:8:\"cantidad\";i:1;s:17:\"cantidadReservada\";i:0;s:6:\"precio\";d:34.039999999999999;s:6:\"activo\";b:1;s:5:\"rubro\";a:1:{s:2:\"id\";i:15;}}','coordinador'),(913,'update','2014-11-07 09:47:24','954','Sistema\\STOCKBundle\\Entity\\Articulo',2,'a:1:{s:6:\"codigo\";i:954;}','coordinador'),(914,'update','2014-11-07 15:30:48','550','Sistema\\STOCKBundle\\Entity\\Articulo',3,'a:1:{s:8:\"cantidad\";i:18;}','coordinador'),(915,'update','2014-11-07 15:31:41','542','Sistema\\STOCKBundle\\Entity\\Articulo',3,'a:1:{s:8:\"cantidad\";i:32;}','coordinador'),(916,'update','2014-11-07 15:53:37','291','Sistema\\STOCKBundle\\Entity\\Articulo',1,'a:1:{s:8:\"cantidad\";i:5;}','coordinador'),(917,'update','2014-11-07 15:56:16','757','Sistema\\STOCKBundle\\Entity\\Articulo',1,'a:1:{s:8:\"cantidad\";i:2;}','coordinador'),(918,'create','2014-11-07 16:00:21','955','Sistema\\STOCKBundle\\Entity\\Articulo',1,'a:7:{s:6:\"codigo\";N;s:11:\"descripcion\";s:11:\"16mm Negro*\";s:8:\"cantidad\";i:2;s:17:\"cantidadReservada\";i:0;s:6:\"precio\";d:0;s:6:\"activo\";b:1;s:5:\"rubro\";a:1:{s:2:\"id\";i:3;}}','coordinador'),(919,'update','2014-11-07 16:00:21','955','Sistema\\STOCKBundle\\Entity\\Articulo',2,'a:1:{s:6:\"codigo\";i:955;}','coordinador'),(920,'update','2014-11-07 16:00:58','955','Sistema\\STOCKBundle\\Entity\\Articulo',3,'a:2:{s:11:\"descripcion\";s:20:\"Unipolar 16mm Negro*\";s:6:\"precio\";d:36.189999999999998;}','coordinador'),(921,'create','2014-11-07 16:01:46','956','Sistema\\STOCKBundle\\Entity\\Articulo',1,'a:7:{s:6:\"codigo\";N;s:11:\"descripcion\";s:19:\"Unipolar 16mm Azul*\";s:8:\"cantidad\";i:2;s:17:\"cantidadReservada\";i:0;s:6:\"precio\";d:36.189999999999998;s:6:\"activo\";b:1;s:5:\"rubro\";a:1:{s:2:\"id\";i:3;}}','coordinador'),(922,'update','2014-11-07 16:01:46','956','Sistema\\STOCKBundle\\Entity\\Articulo',2,'a:1:{s:6:\"codigo\";i:956;}','coordinador'),(923,'create','2014-11-07 16:02:49','957','Sistema\\STOCKBundle\\Entity\\Articulo',1,'a:7:{s:6:\"codigo\";N;s:11:\"descripcion\";s:21:\"Unipolar 16mm Marron*\";s:8:\"cantidad\";i:2;s:17:\"cantidadReservada\";i:0;s:6:\"precio\";d:36.189999999999998;s:6:\"activo\";b:1;s:5:\"rubro\";a:1:{s:2:\"id\";i:3;}}','coordinador'),(924,'update','2014-11-07 16:02:49','957','Sistema\\STOCKBundle\\Entity\\Articulo',2,'a:1:{s:6:\"codigo\";i:957;}','coordinador'),(925,'update','2014-11-07 18:39:44','608','Sistema\\STOCKBundle\\Entity\\Articulo',1,'a:1:{s:6:\"precio\";s:6:\"303.29\";}','coordinador'),(926,'update','2014-11-07 18:40:04','607','Sistema\\STOCKBundle\\Entity\\Articulo',1,'a:1:{s:6:\"precio\";s:6:\"364.64\";}','coordinador'),(927,'update','2014-11-07 18:40:43','291','Sistema\\STOCKBundle\\Entity\\Articulo',2,'a:1:{s:6:\"precio\";s:6:\"154.80\";}','coordinador'),(928,'update','2014-11-07 18:41:44','750','Sistema\\STOCKBundle\\Entity\\Articulo',3,'a:1:{s:6:\"precio\";s:4:\"0.60\";}','coordinador'),(929,'update','2014-11-07 18:42:10','752','Sistema\\STOCKBundle\\Entity\\Articulo',1,'a:1:{s:6:\"precio\";s:4:\"1.25\";}','coordinador'),(930,'update','2014-11-10 08:48:54','54','Sistema\\STOCKBundle\\Entity\\Articulo',3,'a:1:{s:8:\"cantidad\";i:14;}','coordinador'),(931,'update','2014-11-10 10:42:48','889','Sistema\\STOCKBundle\\Entity\\Articulo',6,'a:1:{s:8:\"cantidad\";i:5;}','coordinador'),(932,'create','2014-11-10 16:27:26','958','Sistema\\STOCKBundle\\Entity\\Articulo',1,'a:7:{s:6:\"codigo\";N;s:11:\"descripcion\";s:9:\"X 1 kilo.\";s:8:\"cantidad\";i:10;s:17:\"cantidadReservada\";i:0;s:6:\"precio\";d:3.8399999999999999;s:6:\"activo\";b:1;s:5:\"rubro\";a:1:{s:2:\"id\";i:5;}}','coordinador'),(933,'update','2014-11-10 16:27:26','958','Sistema\\STOCKBundle\\Entity\\Articulo',2,'a:1:{s:6:\"codigo\";i:958;}','coordinador'),(934,'create','2014-11-10 16:31:43','959','Sistema\\STOCKBundle\\Entity\\Articulo',1,'a:7:{s:6:\"codigo\";N;s:11:\"descripcion\";s:8:\"X bolsa.\";s:8:\"cantidad\";i:1;s:17:\"cantidadReservada\";i:0;s:6:\"precio\";d:30;s:6:\"activo\";b:1;s:5:\"rubro\";a:1:{s:2:\"id\";i:5;}}','coordinador'),(935,'update','2014-11-10 16:31:43','959','Sistema\\STOCKBundle\\Entity\\Articulo',2,'a:1:{s:6:\"codigo\";i:959;}','coordinador'),(936,'update','2014-11-10 16:34:50','809','Sistema\\STOCKBundle\\Entity\\Articulo',2,'a:1:{s:8:\"cantidad\";i:3;}','coordinador'),(937,'create','2014-11-10 16:44:06','960','Sistema\\STOCKBundle\\Entity\\Articulo',1,'a:7:{s:6:\"codigo\";N;s:11:\"descripcion\";s:32:\"Para lamparas de goliat a edison\";s:8:\"cantidad\";i:2;s:17:\"cantidadReservada\";i:0;s:6:\"precio\";d:31.460000000000001;s:6:\"activo\";b:1;s:5:\"rubro\";a:1:{s:2:\"id\";i:22;}}','coordinador'),(938,'update','2014-11-10 16:44:06','960','Sistema\\STOCKBundle\\Entity\\Articulo',2,'a:1:{s:6:\"codigo\";i:960;}','coordinador'),(939,'update','2014-11-10 16:44:41','735','Sistema\\STOCKBundle\\Entity\\Articulo',3,'a:1:{s:8:\"cantidad\";i:37;}','coordinador'),(940,'update','2014-11-10 16:46:01','634','Sistema\\STOCKBundle\\Entity\\Articulo',2,'a:1:{s:8:\"cantidad\";i:4;}','coordinador'),(941,'update','2014-11-10 16:48:58','809','Sistema\\STOCKBundle\\Entity\\Articulo',3,'a:1:{s:8:\"cantidad\";i:4;}','coordinador'),(942,'update','2014-11-10 16:58:52','591','Sistema\\STOCKBundle\\Entity\\Articulo',3,'a:1:{s:6:\"precio\";s:5:\"31.46\";}','coordinador'),(943,'update','2014-11-10 16:59:06','960','Sistema\\STOCKBundle\\Entity\\Articulo',3,'a:1:{s:6:\"activo\";b:0;}','coordinador'),(944,'update','2014-11-10 17:00:01','591','Sistema\\STOCKBundle\\Entity\\Articulo',4,'a:1:{s:8:\"cantidad\";i:5;}','coordinador'),(945,'update','2014-11-12 09:04:20','577','Sistema\\STOCKBundle\\Entity\\Articulo',1,'a:1:{s:8:\"cantidad\";i:3;}','coordinador'),(946,'create','2014-11-12 09:05:56','961','Sistema\\STOCKBundle\\Entity\\Articulo',1,'a:7:{s:6:\"codigo\";N;s:11:\"descripcion\";s:17:\"Tipo taller 4x4mm\";s:8:\"cantidad\";i:25;s:17:\"cantidadReservada\";i:0;s:6:\"precio\";d:37.82;s:6:\"activo\";b:1;s:5:\"rubro\";a:1:{s:2:\"id\";i:3;}}','coordinador'),(947,'update','2014-11-12 09:05:56','961','Sistema\\STOCKBundle\\Entity\\Articulo',2,'a:1:{s:6:\"codigo\";i:961;}','coordinador'),(948,'update','2014-11-12 09:06:53','66','Sistema\\STOCKBundle\\Entity\\Articulo',1,'a:1:{s:8:\"cantidad\";i:6;}','coordinador'),(949,'update','2014-11-12 09:22:20','556','Sistema\\STOCKBundle\\Entity\\Articulo',3,'a:1:{s:8:\"cantidad\";i:76;}','coordinador'),(950,'update','2014-11-12 09:22:57','950','Sistema\\STOCKBundle\\Entity\\Articulo',3,'a:1:{s:8:\"cantidad\";i:50;}','coordinador'),(951,'update','2014-11-12 09:23:35','950','Sistema\\STOCKBundle\\Entity\\Articulo',4,'a:1:{s:6:\"precio\";s:4:\"0.53\";}','coordinador'),(952,'update','2014-11-12 09:24:45','104','Sistema\\STOCKBundle\\Entity\\Articulo',3,'a:1:{s:8:\"cantidad\";i:3;}','coordinador'),(953,'update','2014-11-12 10:12:11','757','Sistema\\STOCKBundle\\Entity\\Articulo',2,'a:1:{s:8:\"cantidad\";i:3;}','coordinador'),(954,'create','2014-11-12 10:18:12','962','Sistema\\STOCKBundle\\Entity\\Articulo',1,'a:7:{s:6:\"codigo\";N;s:11:\"descripcion\";s:26:\"Telefonico 1 mallado 1 par\";s:8:\"cantidad\";i:20;s:17:\"cantidadReservada\";i:0;s:6:\"precio\";d:0;s:6:\"activo\";b:1;s:5:\"rubro\";a:1:{s:2:\"id\";i:3;}}','coordinador'),(955,'update','2014-11-12 10:18:12','962','Sistema\\STOCKBundle\\Entity\\Articulo',2,'a:1:{s:6:\"codigo\";i:962;}','coordinador'),(956,'update','2014-11-12 10:21:43','962','Sistema\\STOCKBundle\\Entity\\Articulo',3,'a:1:{s:6:\"precio\";d:3.6200000000000001;}','coordinador'),(957,'create','2014-11-12 11:37:54','963','Sistema\\STOCKBundle\\Entity\\Articulo',1,'a:7:{s:6:\"codigo\";N;s:11:\"descripcion\";s:42:\"Fluorescente de chapa trapezoidal completo\";s:8:\"cantidad\";i:1;s:17:\"cantidadReservada\";i:0;s:6:\"precio\";d:194.99000000000001;s:6:\"activo\";b:1;s:5:\"rubro\";a:1:{s:2:\"id\";i:20;}}','coordinador'),(958,'update','2014-11-12 11:37:54','963','Sistema\\STOCKBundle\\Entity\\Articulo',2,'a:1:{s:6:\"codigo\";i:963;}','coordinador'),(959,'update','2014-11-12 11:39:10','735','Sistema\\STOCKBundle\\Entity\\Articulo',4,'a:1:{s:8:\"cantidad\";i:49;}','coordinador'),(960,'update','2014-11-12 11:39:34','710','Sistema\\STOCKBundle\\Entity\\Articulo',3,'a:1:{s:8:\"cantidad\";i:4;}','coordinador'),(961,'update','2014-11-12 11:42:56','544','Sistema\\STOCKBundle\\Entity\\Articulo',3,'a:1:{s:8:\"cantidad\";i:56;}','coordinador'),(962,'update','2014-11-12 11:43:14','104','Sistema\\STOCKBundle\\Entity\\Articulo',4,'a:1:{s:8:\"cantidad\";i:4;}','coordinador'),(963,'update','2014-11-12 16:00:35','836','Sistema\\STOCKBundle\\Entity\\Articulo',8,'a:1:{s:8:\"cantidad\";i:33;}','coordinador'),(964,'update','2014-11-12 16:00:57','250','Sistema\\STOCKBundle\\Entity\\Articulo',6,'a:1:{s:8:\"cantidad\";i:29;}','coordinador'),(965,'update','2014-11-12 16:01:24','403','Sistema\\STOCKBundle\\Entity\\Articulo',5,'a:1:{s:8:\"cantidad\";i:29;}','coordinador'),(966,'update','2014-11-12 16:01:53','117','Sistema\\STOCKBundle\\Entity\\Articulo',10,'a:1:{s:8:\"cantidad\";i:78;}','coordinador'),(967,'update','2014-11-12 16:02:24','116','Sistema\\STOCKBundle\\Entity\\Articulo',5,'a:1:{s:8:\"cantidad\";i:35;}','coordinador'),(968,'update','2014-11-12 16:05:55','872','Sistema\\STOCKBundle\\Entity\\Articulo',8,'a:1:{s:8:\"cantidad\";i:5;}','coordinador'),(969,'update','2014-11-12 16:07:27','783','Sistema\\STOCKBundle\\Entity\\Articulo',1,'a:1:{s:8:\"cantidad\";i:4;}','coordinador'),(970,'update','2014-11-12 16:17:24','783','Sistema\\STOCKBundle\\Entity\\Articulo',2,'a:1:{s:6:\"precio\";s:6:\"248.07\";}','coordinador'),(971,'update','2014-11-14 09:42:57','714','Sistema\\STOCKBundle\\Entity\\Articulo',3,'a:1:{s:8:\"cantidad\";i:4;}','coordinador'),(972,'update','2014-11-14 09:43:18','714','Sistema\\STOCKBundle\\Entity\\Articulo',4,'a:1:{s:6:\"precio\";s:5:\"85.05\";}','coordinador'),(973,'update','2014-11-14 11:01:22','735','Sistema\\STOCKBundle\\Entity\\Articulo',5,'a:1:{s:8:\"cantidad\";i:64;}','coordinador'),(974,'create','2014-11-14 11:04:22','964','Sistema\\STOCKBundle\\Entity\\Articulo',1,'a:7:{s:6:\"codigo\";N;s:11:\"descripcion\";s:17:\"Tipo taller 2X6mm\";s:8:\"cantidad\";i:3;s:17:\"cantidadReservada\";i:0;s:6:\"precio\";d:31.75;s:6:\"activo\";b:1;s:5:\"rubro\";a:1:{s:2:\"id\";i:3;}}','coordinador'),(975,'update','2014-11-14 11:04:22','964','Sistema\\STOCKBundle\\Entity\\Articulo',2,'a:1:{s:6:\"codigo\";i:964;}','coordinador'),(976,'update','2014-11-14 11:05:49','542','Sistema\\STOCKBundle\\Entity\\Articulo',4,'a:1:{s:8:\"cantidad\";i:35;}','coordinador'),(977,'update','2014-11-14 11:06:08','550','Sistema\\STOCKBundle\\Entity\\Articulo',4,'a:1:{s:8:\"cantidad\";i:21;}','coordinador'),(978,'update','2014-11-14 11:06:29','548','Sistema\\STOCKBundle\\Entity\\Articulo',5,'a:1:{s:8:\"cantidad\";i:351;}','coordinador'),(979,'create','2014-11-14 11:09:02','965','Sistema\\STOCKBundle\\Entity\\Articulo',1,'a:7:{s:6:\"codigo\";N;s:11:\"descripcion\";s:28:\"Para bandeja perforada 200mm\";s:8:\"cantidad\";i:1;s:17:\"cantidadReservada\";i:0;s:6:\"precio\";d:215.40000000000001;s:6:\"activo\";b:1;s:5:\"rubro\";a:1:{s:2:\"id\";i:21;}}','coordinador'),(980,'update','2014-11-14 11:09:02','965','Sistema\\STOCKBundle\\Entity\\Articulo',2,'a:1:{s:6:\"codigo\";i:965;}','coordinador'),(981,'create','2014-11-14 11:11:30','966','Sistema\\STOCKBundle\\Entity\\Articulo',1,'a:7:{s:6:\"codigo\";N;s:11:\"descripcion\";s:17:\"Conmutadora 2x25A\";s:8:\"cantidad\";i:1;s:17:\"cantidadReservada\";i:0;s:6:\"precio\";d:468.30000000000001;s:6:\"activo\";b:1;s:5:\"rubro\";a:1:{s:2:\"id\";i:6;}}','coordinador'),(982,'update','2014-11-14 11:11:30','966','Sistema\\STOCKBundle\\Entity\\Articulo',2,'a:1:{s:6:\"codigo\";i:966;}','coordinador'),(983,'update','2014-11-14 11:12:20','945','Sistema\\STOCKBundle\\Entity\\Articulo',5,'a:1:{s:8:\"cantidad\";i:22;}','coordinador'),(984,'update','2014-11-14 11:14:40','574','Sistema\\STOCKBundle\\Entity\\Articulo',1,'a:2:{s:11:\"descripcion\";s:32:\"Schneider Termomagnetico 4 x 63A\";s:6:\"precio\";d:844.88;}','coordinador'),(985,'update','2014-11-14 11:15:37','574','Sistema\\STOCKBundle\\Entity\\Articulo',2,'a:1:{s:8:\"cantidad\";i:2;}','coordinador'),(986,'update','2014-11-14 11:18:30','690','Sistema\\STOCKBundle\\Entity\\Articulo',4,'a:1:{s:8:\"cantidad\";i:22;}','coordinador'),(987,'update','2014-11-14 11:23:04','839','Sistema\\STOCKBundle\\Entity\\Articulo',3,'a:1:{s:8:\"cantidad\";i:16;}','coordinador'),(988,'update','2014-11-14 11:25:48','953','Sistema\\STOCKBundle\\Entity\\Articulo',3,'a:1:{s:8:\"cantidad\";i:8;}','coordinador'),(989,'update','2014-11-14 11:26:02','893','Sistema\\STOCKBundle\\Entity\\Articulo',5,'a:1:{s:8:\"cantidad\";i:7;}','coordinador'),(990,'update','2014-11-14 11:31:55','808','Sistema\\STOCKBundle\\Entity\\Articulo',5,'a:2:{s:11:\"descripcion\";s:22:\"Bipolar 28 par x 1 mts\";s:6:\"precio\";d:695.88999999999999;}','coordinador'),(991,'update','2014-11-14 11:35:52','558','Sistema\\STOCKBundle\\Entity\\Articulo',3,'a:1:{s:8:\"cantidad\";i:243;}','coordinador'),(992,'update','2014-11-14 11:36:36','962','Sistema\\STOCKBundle\\Entity\\Articulo',4,'a:1:{s:6:\"precio\";s:5:\"04.39\";}','coordinador'),(993,'update','2014-11-14 11:36:51','962','Sistema\\STOCKBundle\\Entity\\Articulo',5,'a:1:{s:8:\"cantidad\";i:60;}','coordinador'),(994,'update','2014-11-14 11:37:20','962','Sistema\\STOCKBundle\\Entity\\Articulo',6,'a:1:{s:11:\"descripcion\";s:25:\"Telefonico  mallado 2 par\";}','coordinador'),(995,'update','2014-11-14 11:38:13','137','Sistema\\STOCKBundle\\Entity\\Articulo',3,'a:1:{s:8:\"cantidad\";i:75;}','coordinador'),(996,'update','2014-11-14 11:38:47','284','Sistema\\STOCKBundle\\Entity\\Articulo',1,'a:1:{s:8:\"cantidad\";i:2;}','coordinador'),(997,'update','2014-11-14 11:39:35','284','Sistema\\STOCKBundle\\Entity\\Articulo',2,'a:1:{s:6:\"precio\";s:6:\"177.60\";}','coordinador'),(998,'update','2014-11-14 11:44:32','90','Sistema\\STOCKBundle\\Entity\\Articulo',1,'a:1:{s:8:\"cantidad\";i:9;}','coordinador'),(999,'update','2014-11-14 11:44:51','740','Sistema\\STOCKBundle\\Entity\\Articulo',2,'a:1:{s:8:\"cantidad\";i:23;}','coordinador'),(1000,'create','2014-11-17 16:28:58','967','Sistema\\STOCKBundle\\Entity\\Articulo',1,'a:7:{s:6:\"codigo\";N;s:11:\"descripcion\";s:10:\"NH 63A T00\";s:8:\"cantidad\";i:3;s:17:\"cantidadReservada\";i:0;s:6:\"precio\";d:72.140000000000001;s:6:\"activo\";b:1;s:5:\"rubro\";a:1:{s:2:\"id\";i:5;}}','coordinador'),(1001,'update','2014-11-17 16:28:58','967','Sistema\\STOCKBundle\\Entity\\Articulo',2,'a:1:{s:6:\"codigo\";i:967;}','coordinador'),(1002,'update','2014-11-17 18:18:10','611','Sistema\\STOCKBundle\\Entity\\Articulo',5,'a:1:{s:8:\"cantidad\";i:412;}','coordinador'),(1003,'update','2014-11-17 18:23:34','611','Sistema\\STOCKBundle\\Entity\\Articulo',6,'a:1:{s:8:\"cantidad\";i:414;}','coordinador'),(1004,'update','2014-11-17 18:31:20','906','Sistema\\STOCKBundle\\Entity\\Articulo',3,'a:1:{s:8:\"cantidad\";i:2;}','coordinador'),(1005,'update','2014-11-17 18:32:15','249','Sistema\\STOCKBundle\\Entity\\Articulo',2,'a:1:{s:8:\"cantidad\";i:9;}','coordinador'),(1006,'update','2014-11-17 18:32:49','117','Sistema\\STOCKBundle\\Entity\\Articulo',11,'a:1:{s:8:\"cantidad\";i:79;}','coordinador'),(1007,'update','2014-11-17 18:33:12','134','Sistema\\STOCKBundle\\Entity\\Articulo',2,'a:1:{s:8:\"cantidad\";i:3;}','coordinador'),(1008,'update','2014-11-17 18:41:58','870','Sistema\\STOCKBundle\\Entity\\Articulo',1,'a:1:{s:8:\"cantidad\";i:2;}','coordinador'),(1009,'update','2014-11-17 18:42:12','870','Sistema\\STOCKBundle\\Entity\\Articulo',2,'a:1:{s:6:\"precio\";s:6:\"161.99\";}','coordinador'),(1010,'update','2014-11-17 18:42:14','870','Sistema\\STOCKBundle\\Entity\\Articulo',3,'a:1:{s:6:\"precio\";s:6:\"161.99\";}','coordinador'),(1011,'update','2014-11-18 07:49:15','75','Sistema\\STOCKBundle\\Entity\\Articulo',8,'a:1:{s:8:\"cantidad\";i:130;}','coordinador'),(1012,'update','2014-11-18 08:15:12','889','Sistema\\STOCKBundle\\Entity\\Articulo',7,'a:1:{s:8:\"cantidad\";i:6;}','coordinador'),(1013,'update','2014-11-18 16:25:37','897','Sistema\\STOCKBundle\\Entity\\Articulo',3,'a:1:{s:8:\"cantidad\";i:2;}','coordinador'),(1014,'update','2014-11-18 16:26:21','873','Sistema\\STOCKBundle\\Entity\\Articulo',5,'a:1:{s:8:\"cantidad\";i:6;}','coordinador'),(1015,'update','2014-11-18 16:26:59','608','Sistema\\STOCKBundle\\Entity\\Articulo',2,'a:1:{s:8:\"cantidad\";i:3;}','coordinador'),(1016,'create','2014-11-18 16:34:46','968','Sistema\\STOCKBundle\\Entity\\Articulo',1,'a:7:{s:6:\"codigo\";N;s:11:\"descripcion\";s:29:\"Diferencial 4 x 40A Schneider\";s:8:\"cantidad\";i:3;s:17:\"cantidadReservada\";i:0;s:6:\"precio\";d:1563.3399999999999;s:6:\"activo\";b:1;s:5:\"rubro\";a:1:{s:2:\"id\";i:6;}}','coordinador'),(1017,'update','2014-11-18 16:34:46','968','Sistema\\STOCKBundle\\Entity\\Articulo',2,'a:1:{s:6:\"codigo\";i:968;}','coordinador'),(1018,'update','2014-11-18 16:39:20','968','Sistema\\STOCKBundle\\Entity\\Articulo',3,'a:1:{s:11:\"descripcion\";s:29:\"Schneider Diferencial 4 x 40A\";}','coordinador'),(1019,'update','2014-11-18 16:40:11','968','Sistema\\STOCKBundle\\Entity\\Articulo',4,'a:1:{s:5:\"rubro\";a:1:{s:2:\"id\";i:7;}}','coordinador'),(1020,'create','2014-11-18 16:41:10','969','Sistema\\STOCKBundle\\Entity\\Articulo',1,'a:7:{s:6:\"codigo\";N;s:11:\"descripcion\";s:29:\"Schneider Diferencial 2 x 25A\";s:8:\"cantidad\";i:2;s:17:\"cantidadReservada\";i:0;s:6:\"precio\";d:1008.72;s:6:\"activo\";b:1;s:5:\"rubro\";a:1:{s:2:\"id\";i:7;}}','coordinador'),(1021,'update','2014-11-18 16:41:10','969','Sistema\\STOCKBundle\\Entity\\Articulo',2,'a:1:{s:6:\"codigo\";i:969;}','coordinador'),(1022,'update','2014-11-18 16:42:22','574','Sistema\\STOCKBundle\\Entity\\Articulo',3,'a:1:{s:8:\"cantidad\";i:3;}','coordinador'),(1023,'update','2014-11-18 16:43:44','573','Sistema\\STOCKBundle\\Entity\\Articulo',1,'a:1:{s:8:\"cantidad\";i:4;}','coordinador'),(1024,'create','2014-11-19 08:02:23','970','Sistema\\STOCKBundle\\Entity\\Articulo',1,'a:7:{s:6:\"codigo\";N;s:11:\"descripcion\";s:22:\"Proyector cuarzo 1000W\";s:8:\"cantidad\";i:1;s:17:\"cantidadReservada\";i:0;s:6:\"precio\";d:508.74000000000001;s:6:\"activo\";b:1;s:5:\"rubro\";a:1:{s:2:\"id\";i:20;}}','coordinador'),(1025,'update','2014-11-19 08:02:23','970','Sistema\\STOCKBundle\\Entity\\Articulo',2,'a:1:{s:6:\"codigo\";i:970;}','coordinador'),(1026,'create','2014-11-19 08:03:05','971','Sistema\\STOCKBundle\\Entity\\Articulo',1,'a:7:{s:6:\"codigo\";N;s:11:\"descripcion\";s:5:\"1000W\";s:8:\"cantidad\";i:1;s:17:\"cantidadReservada\";i:0;s:6:\"precio\";d:202.31;s:6:\"activo\";b:1;s:5:\"rubro\";a:1:{s:2:\"id\";i:2;}}','coordinador'),(1027,'update','2014-11-19 08:03:05','971','Sistema\\STOCKBundle\\Entity\\Articulo',2,'a:1:{s:6:\"codigo\";i:971;}','coordinador'),(1028,'create','2014-11-19 09:09:37','972','Sistema\\STOCKBundle\\Entity\\Articulo',1,'a:7:{s:6:\"codigo\";N;s:11:\"descripcion\";s:43:\"Luz de emergencia con tubo fluorescente 20W\";s:8:\"cantidad\";i:1;s:17:\"cantidadReservada\";i:0;s:6:\"precio\";d:443.75999999999999;s:6:\"activo\";b:1;s:5:\"rubro\";a:1:{s:2:\"id\";i:20;}}','coordinador'),(1029,'update','2014-11-19 09:09:37','972','Sistema\\STOCKBundle\\Entity\\Articulo',2,'a:1:{s:6:\"codigo\";i:972;}','coordinador'),(1030,'create','2014-11-19 09:32:37','973','Sistema\\STOCKBundle\\Entity\\Articulo',1,'a:7:{s:6:\"codigo\";N;s:11:\"descripcion\";s:17:\"Tipo taller 4x6mm\";s:8:\"cantidad\";i:20;s:17:\"cantidadReservada\";i:0;s:6:\"precio\";d:58.109999999999999;s:6:\"activo\";b:1;s:5:\"rubro\";a:1:{s:2:\"id\";i:3;}}','coordinador'),(1031,'update','2014-11-19 09:32:37','973','Sistema\\STOCKBundle\\Entity\\Articulo',2,'a:1:{s:6:\"codigo\";i:973;}','coordinador'),(1032,'update','2014-11-19 09:33:07','67','Sistema\\STOCKBundle\\Entity\\Articulo',2,'a:1:{s:8:\"cantidad\";i:5;}','coordinador'),(1033,'update','2014-11-19 09:33:20','66','Sistema\\STOCKBundle\\Entity\\Articulo',2,'a:1:{s:8:\"cantidad\";i:10;}','coordinador'),(1034,'create','2014-11-19 09:35:17','974','Sistema\\STOCKBundle\\Entity\\Articulo',1,'a:7:{s:6:\"codigo\";N;s:11:\"descripcion\";s:29:\"Auxiliar capsulado Sodio 400W\";s:8:\"cantidad\";i:1;s:17:\"cantidadReservada\";i:0;s:6:\"precio\";d:762.94000000000005;s:6:\"activo\";b:1;s:5:\"rubro\";a:1:{s:2:\"id\";i:22;}}','coordinador'),(1035,'update','2014-11-19 09:35:17','974','Sistema\\STOCKBundle\\Entity\\Articulo',2,'a:1:{s:6:\"codigo\";i:974;}','coordinador'),(1036,'update','2014-11-19 09:36:10','767','Sistema\\STOCKBundle\\Entity\\Articulo',2,'a:1:{s:8:\"cantidad\";i:4;}','coordinador'),(1037,'update','2014-11-19 09:40:25','66','Sistema\\STOCKBundle\\Entity\\Articulo',3,'a:1:{s:6:\"precio\";s:4:\"7.00\";}','coordinador'),(1038,'create','2014-11-19 11:12:13','975','Sistema\\STOCKBundle\\Entity\\Articulo',1,'a:7:{s:6:\"codigo\";N;s:11:\"descripcion\";s:11:\"Ciega 30x16\";s:8:\"cantidad\";i:1;s:17:\"cantidadReservada\";i:0;s:6:\"precio\";d:20;s:6:\"activo\";b:1;s:5:\"rubro\";a:1:{s:2:\"id\";i:4;}}','coordinador'),(1039,'update','2014-11-19 11:12:13','975','Sistema\\STOCKBundle\\Entity\\Articulo',2,'a:1:{s:6:\"codigo\";i:975;}','coordinador'),(1040,'update','2014-11-19 11:22:08','460','Sistema\\STOCKBundle\\Entity\\Articulo',1,'a:1:{s:6:\"precio\";s:6:\"137.10\";}','coordinador'),(1041,'update','2014-11-19 11:22:40','449','Sistema\\STOCKBundle\\Entity\\Articulo',1,'a:1:{s:6:\"precio\";s:6:\"245.00\";}','coordinador'),(1042,'update','2014-11-19 16:50:38','343','Sistema\\STOCKBundle\\Entity\\Articulo',2,'a:1:{s:8:\"cantidad\";i:122;}','coordinador'),(1043,'update','2014-11-19 16:51:15','343','Sistema\\STOCKBundle\\Entity\\Articulo',3,'a:1:{s:6:\"precio\";s:5:\"36.15\";}','coordinador'),(1044,'update','2014-11-19 16:58:59','343','Sistema\\STOCKBundle\\Entity\\Articulo',4,'a:1:{s:8:\"cantidad\";i:182;}','coordinador'),(1045,'update','2014-11-20 07:38:02','648','Sistema\\STOCKBundle\\Entity\\Articulo',2,'a:1:{s:11:\"descripcion\";s:10:\"NH 125A 00\";}','coordinador'),(1046,'update','2014-11-20 07:38:20','648','Sistema\\STOCKBundle\\Entity\\Articulo',3,'a:1:{s:8:\"cantidad\";i:6;}','coordinador'),(1047,'update','2014-11-20 08:02:34','648','Sistema\\STOCKBundle\\Entity\\Articulo',4,'a:1:{s:6:\"precio\";s:5:\"91.08\";}','coordinador'),(1048,'create','2014-11-20 09:04:51','976','Sistema\\STOCKBundle\\Entity\\Articulo',1,'a:7:{s:6:\"codigo\";N;s:11:\"descripcion\";s:44:\"Tipo proyector Mercurio 150W sin portaequipo\";s:8:\"cantidad\";i:2;s:17:\"cantidadReservada\";i:0;s:6:\"precio\";d:308.63999999999999;s:6:\"activo\";b:1;s:5:\"rubro\";a:1:{s:2:\"id\";i:20;}}','coordinador'),(1049,'update','2014-11-20 09:04:51','976','Sistema\\STOCKBundle\\Entity\\Articulo',2,'a:1:{s:6:\"codigo\";i:976;}','coordinador'),(1050,'update','2014-11-20 09:05:20','874','Sistema\\STOCKBundle\\Entity\\Articulo',5,'a:1:{s:8:\"cantidad\";i:3;}','coordinador'),(1051,'update','2014-11-20 09:05:45','874','Sistema\\STOCKBundle\\Entity\\Articulo',6,'a:1:{s:6:\"precio\";s:6:\"464.20\";}','coordinador'),(1052,'update','2014-11-20 09:06:23','774','Sistema\\STOCKBundle\\Entity\\Articulo',4,'a:1:{s:8:\"cantidad\";i:7;}','coordinador'),(1053,'update','2014-11-20 09:06:54','735','Sistema\\STOCKBundle\\Entity\\Articulo',6,'a:1:{s:8:\"cantidad\";i:69;}','coordinador'),(1054,'update','2014-11-20 09:07:34','864','Sistema\\STOCKBundle\\Entity\\Articulo',1,'a:1:{s:8:\"cantidad\";i:14;}','coordinador'),(1055,'update','2014-11-20 09:12:39','864','Sistema\\STOCKBundle\\Entity\\Articulo',2,'a:1:{s:6:\"precio\";s:4:\"0.91\";}','coordinador'),(1056,'update','2014-11-20 09:13:12','865','Sistema\\STOCKBundle\\Entity\\Articulo',1,'a:1:{s:11:\"descripcion\";s:31:\"Tirafondo Cabeza hexagonal 10mm\";}','coordinador'),(1057,'update','2014-11-20 09:13:57','865','Sistema\\STOCKBundle\\Entity\\Articulo',2,'a:1:{s:8:\"cantidad\";i:14;}','coordinador'),(1058,'update','2014-11-20 09:58:22','865','Sistema\\STOCKBundle\\Entity\\Articulo',3,'a:1:{s:6:\"precio\";s:4:\"2.29\";}','coordinador'),(1059,'update','2014-11-21 16:39:26','533','Sistema\\STOCKBundle\\Entity\\Articulo',14,'a:1:{s:8:\"cantidad\";i:296;}','coordinador'),(1060,'create','2014-11-21 16:44:39','977','Sistema\\STOCKBundle\\Entity\\Articulo',1,'a:7:{s:6:\"codigo\";N;s:11:\"descripcion\";s:14:\"60mm Para agua\";s:8:\"cantidad\";i:2;s:17:\"cantidadReservada\";i:0;s:6:\"precio\";d:47;s:6:\"activo\";b:1;s:5:\"rubro\";a:1:{s:2:\"id\";i:24;}}','coordinador'),(1061,'update','2014-11-21 16:44:39','977','Sistema\\STOCKBundle\\Entity\\Articulo',2,'a:1:{s:6:\"codigo\";i:977;}','coordinador'),(1062,'create','2014-11-21 18:34:26','978','Sistema\\STOCKBundle\\Entity\\Articulo',1,'a:7:{s:6:\"codigo\";N;s:11:\"descripcion\";s:32:\"Schneider Termomagnetico 2 x 40A\";s:8:\"cantidad\";i:1;s:17:\"cantidadReservada\";i:0;s:6:\"precio\";d:0;s:6:\"activo\";b:1;s:5:\"rubro\";a:1:{s:2:\"id\";i:7;}}','coordinador'),(1063,'update','2014-11-21 18:34:26','978','Sistema\\STOCKBundle\\Entity\\Articulo',2,'a:1:{s:6:\"codigo\";i:978;}','coordinador'),(1064,'create','2014-11-21 18:36:02','979','Sistema\\STOCKBundle\\Entity\\Articulo',1,'a:7:{s:6:\"codigo\";N;s:11:\"descripcion\";s:32:\"Schneider Termomagnetico 4 x 40A\";s:8:\"cantidad\";i:1;s:17:\"cantidadReservada\";i:0;s:6:\"precio\";d:0;s:6:\"activo\";b:1;s:5:\"rubro\";a:1:{s:2:\"id\";i:7;}}','coordinador'),(1065,'update','2014-11-21 18:36:02','979','Sistema\\STOCKBundle\\Entity\\Articulo',2,'a:1:{s:6:\"codigo\";i:979;}','coordinador'),(1066,'create','2014-11-21 18:39:56','980','Sistema\\STOCKBundle\\Entity\\Articulo',1,'a:7:{s:6:\"codigo\";N;s:11:\"descripcion\";s:33:\"Schneider Termomagnetico 4 x 100A\";s:8:\"cantidad\";i:1;s:17:\"cantidadReservada\";i:0;s:6:\"precio\";d:0;s:6:\"activo\";b:1;s:5:\"rubro\";a:1:{s:2:\"id\";i:7;}}','coordinador'),(1067,'update','2014-11-21 18:39:56','980','Sistema\\STOCKBundle\\Entity\\Articulo',2,'a:1:{s:6:\"codigo\";i:980;}','coordinador'),(1068,'create','2014-11-21 18:41:06','981','Sistema\\STOCKBundle\\Entity\\Articulo',1,'a:7:{s:6:\"codigo\";N;s:11:\"descripcion\";s:10:\"Toma 3x32A\";s:8:\"cantidad\";i:1;s:17:\"cantidadReservada\";i:0;s:6:\"precio\";d:0;s:6:\"activo\";b:1;s:5:\"rubro\";a:1:{s:2:\"id\";i:16;}}','coordinador'),(1069,'update','2014-11-21 18:41:06','981','Sistema\\STOCKBundle\\Entity\\Articulo',2,'a:1:{s:6:\"codigo\";i:981;}','coordinador'),(1070,'update','2014-11-21 18:42:05','559','Sistema\\STOCKBundle\\Entity\\Articulo',5,'a:1:{s:8:\"cantidad\";i:33;}','coordinador'),(1071,'update','2014-11-21 18:43:24','533','Sistema\\STOCKBundle\\Entity\\Articulo',15,'a:1:{s:8:\"cantidad\";i:596;}','coordinador'),(1072,'update','2014-11-21 18:44:03','861','Sistema\\STOCKBundle\\Entity\\Articulo',9,'a:1:{s:8:\"cantidad\";i:51;}','coordinador'),(1073,'update','2014-11-21 18:44:20','18','Sistema\\STOCKBundle\\Entity\\Articulo',11,'a:1:{s:8:\"cantidad\";i:119;}','coordinador'),(1074,'update','2014-11-21 18:45:01','832','Sistema\\STOCKBundle\\Entity\\Articulo',1,'a:1:{s:8:\"cantidad\";i:9;}','coordinador'),(1075,'update','2014-11-21 18:45:26','322','Sistema\\STOCKBundle\\Entity\\Articulo',20,'a:1:{s:8:\"cantidad\";i:335;}','coordinador'),(1076,'create','2014-11-21 18:46:48','982','Sistema\\STOCKBundle\\Entity\\Articulo',1,'a:7:{s:6:\"codigo\";N;s:11:\"descripcion\";s:31:\"Estanco 300x200 c/ contrafrente\";s:8:\"cantidad\";i:1;s:17:\"cantidadReservada\";i:0;s:6:\"precio\";d:0;s:6:\"activo\";b:1;s:5:\"rubro\";a:1:{s:2:\"id\";i:6;}}','coordinador'),(1077,'update','2014-11-21 18:46:48','982','Sistema\\STOCKBundle\\Entity\\Articulo',2,'a:1:{s:6:\"codigo\";i:982;}','coordinador'),(1078,'create','2014-11-21 18:48:04','983','Sistema\\STOCKBundle\\Entity\\Articulo',1,'a:7:{s:6:\"codigo\";N;s:11:\"descripcion\";s:11:\"450x600x150\";s:8:\"cantidad\";i:1;s:17:\"cantidadReservada\";i:0;s:6:\"precio\";d:0;s:6:\"activo\";b:1;s:5:\"rubro\";a:1:{s:2:\"id\";i:6;}}','coordinador'),(1079,'update','2014-11-21 18:48:04','983','Sistema\\STOCKBundle\\Entity\\Articulo',2,'a:1:{s:6:\"codigo\";i:983;}','coordinador'),(1080,'update','2014-11-27 07:43:42','905','Sistema\\STOCKBundle\\Entity\\Articulo',5,'a:1:{s:6:\"precio\";s:5:\"32.63\";}','coordinador'),(1081,'update','2014-11-27 07:43:55','905','Sistema\\STOCKBundle\\Entity\\Articulo',6,'a:1:{s:8:\"cantidad\";i:3;}','coordinador'),(1082,'update','2014-11-28 17:52:55','156','Sistema\\STOCKBundle\\Entity\\Articulo',1,'a:1:{s:11:\"descripcion\";s:22:\"Zocalo fotocontrol A.P\";}','coordinador'),(1083,'update','2014-11-28 18:22:05','157','Sistema\\STOCKBundle\\Entity\\Articulo',5,'a:1:{s:8:\"cantidad\";i:7;}','coordinador'),(1084,'update','2014-11-28 18:24:40','117','Sistema\\STOCKBundle\\Entity\\Articulo',12,'a:1:{s:8:\"cantidad\";i:80;}','coordinador'),(1085,'update','2014-11-28 18:25:20','906','Sistema\\STOCKBundle\\Entity\\Articulo',4,'a:1:{s:8:\"cantidad\";i:3;}','coordinador'),(1086,'update','2014-12-01 17:05:52','871','Sistema\\STOCKBundle\\Entity\\Articulo',6,'a:1:{s:8:\"cantidad\";i:5;}','coordinador'),(1087,'update','2014-12-02 10:03:30','545','Sistema\\STOCKBundle\\Entity\\Articulo',3,'a:1:{s:8:\"cantidad\";i:298;}','coordinador'),(1088,'update','2014-12-02 10:03:42','535','Sistema\\STOCKBundle\\Entity\\Articulo',6,'a:1:{s:8:\"cantidad\";i:281;}','coordinador'),(1089,'update','2014-12-02 10:03:54','550','Sistema\\STOCKBundle\\Entity\\Articulo',5,'a:1:{s:8:\"cantidad\";i:31;}','coordinador'),(1090,'update','2014-12-02 10:04:04','542','Sistema\\STOCKBundle\\Entity\\Articulo',5,'a:1:{s:8:\"cantidad\";i:45;}','coordinador'),(1091,'update','2014-12-02 10:05:32','930','Sistema\\STOCKBundle\\Entity\\Articulo',4,'a:1:{s:6:\"precio\";s:4:\"3,50\";}','coordinador'),(1092,'update','2014-12-02 10:05:40','930','Sistema\\STOCKBundle\\Entity\\Articulo',5,'a:1:{s:8:\"cantidad\";i:11;}','coordinador'),(1093,'update','2014-12-02 10:06:29','274','Sistema\\STOCKBundle\\Entity\\Articulo',1,'a:1:{s:8:\"cantidad\";i:2;}','coordinador'),(1094,'create','2014-12-02 10:07:46','984','Sistema\\STOCKBundle\\Entity\\Articulo',1,'a:7:{s:6:\"codigo\";N;s:11:\"descripcion\";s:25:\"Termomagnetico Sica 2x40A\";s:8:\"cantidad\";i:1;s:17:\"cantidadReservada\";i:0;s:6:\"precio\";d:0;s:6:\"activo\";b:1;s:5:\"rubro\";a:1:{s:2:\"id\";i:7;}}','coordinador'),(1095,'update','2014-12-02 10:07:46','984','Sistema\\STOCKBundle\\Entity\\Articulo',2,'a:1:{s:6:\"codigo\";i:984;}','coordinador'),(1096,'update','2014-12-02 10:08:10','972','Sistema\\STOCKBundle\\Entity\\Articulo',3,'a:1:{s:8:\"cantidad\";i:2;}','coordinador'),(1097,'update','2014-12-02 10:16:25','984','Sistema\\STOCKBundle\\Entity\\Articulo',3,'a:2:{s:11:\"descripcion\";s:25:\"Sica Termomagnetico 2x40A\";s:6:\"precio\";d:152.47999999999999;}','coordinador'),(1098,'update','2014-12-02 10:20:45','116','Sistema\\STOCKBundle\\Entity\\Articulo',6,'a:1:{s:8:\"cantidad\";i:36;}','coordinador'),(1099,'update','2014-12-02 10:21:49','172','Sistema\\STOCKBundle\\Entity\\Articulo',1,'a:1:{s:8:\"cantidad\";i:10;}','coordinador'),(1100,'update','2014-12-02 10:22:31','766','Sistema\\STOCKBundle\\Entity\\Articulo',5,'a:1:{s:8:\"cantidad\";i:6;}','coordinador'),(1101,'update','2014-12-02 10:25:17','915','Sistema\\STOCKBundle\\Entity\\Articulo',3,'a:1:{s:6:\"precio\";s:5:\"30,00\";}','coordinador'),(1102,'update','2014-12-02 10:25:23','915','Sistema\\STOCKBundle\\Entity\\Articulo',4,'a:1:{s:8:\"cantidad\";i:2;}','coordinador'),(1103,'update','2014-12-02 10:27:33','834','Sistema\\STOCKBundle\\Entity\\Articulo',1,'a:1:{s:8:\"cantidad\";i:2;}','coordinador'),(1104,'update','2014-12-02 10:29:21','585','Sistema\\STOCKBundle\\Entity\\Articulo',1,'a:1:{s:6:\"precio\";s:6:\"260.58\";}','coordinador'),(1105,'update','2014-12-02 10:29:28','585','Sistema\\STOCKBundle\\Entity\\Articulo',2,'a:1:{s:8:\"cantidad\";i:2;}','coordinador'),(1106,'update','2014-12-02 10:30:28','114','Sistema\\STOCKBundle\\Entity\\Articulo',5,'a:1:{s:8:\"cantidad\";i:169;}','coordinador'),(1107,'update','2014-12-02 10:48:07','930','Sistema\\STOCKBundle\\Entity\\Articulo',6,'a:1:{s:6:\"precio\";s:4:\"3.50\";}','coordinador'),(1108,'update','2014-12-02 11:14:24','839','Sistema\\STOCKBundle\\Entity\\Articulo',4,'a:1:{s:8:\"cantidad\";i:18;}','coordinador'),(1109,'update','2014-12-02 11:14:54','953','Sistema\\STOCKBundle\\Entity\\Articulo',4,'a:1:{s:8:\"cantidad\";i:9;}','coordinador'),(1110,'update','2014-12-02 15:58:14','540','Sistema\\STOCKBundle\\Entity\\Articulo',7,'a:1:{s:8:\"cantidad\";i:153;}','coordinador'),(1111,'update','2014-12-02 15:58:34','544','Sistema\\STOCKBundle\\Entity\\Articulo',4,'a:1:{s:8:\"cantidad\";i:66;}','coordinador'),(1112,'create','2014-12-02 15:59:57','985','Sistema\\STOCKBundle\\Entity\\Articulo',1,'a:7:{s:6:\"codigo\";N;s:11:\"descripcion\";s:19:\"Unipolar 1,5mm V/A.\";s:8:\"cantidad\";i:10;s:17:\"cantidadReservada\";i:0;s:6:\"precio\";d:0;s:6:\"activo\";b:1;s:5:\"rubro\";a:1:{s:2:\"id\";i:3;}}','coordinador'),(1113,'update','2014-12-02 15:59:57','985','Sistema\\STOCKBundle\\Entity\\Articulo',2,'a:1:{s:6:\"codigo\";i:985;}','coordinador'),(1114,'update','2014-12-02 16:00:26','985','Sistema\\STOCKBundle\\Entity\\Articulo',3,'a:1:{s:6:\"precio\";s:4:\"3,59\";}','coordinador'),(1115,'update','2014-12-02 16:00:55','839','Sistema\\STOCKBundle\\Entity\\Articulo',5,'a:1:{s:8:\"cantidad\";i:19;}','coordinador'),(1116,'update','2014-12-02 16:01:37','244','Sistema\\STOCKBundle\\Entity\\Articulo',8,'a:1:{s:8:\"cantidad\";i:56;}','coordinador'),(1117,'update','2014-12-02 16:02:19','247','Sistema\\STOCKBundle\\Entity\\Articulo',10,'a:1:{s:8:\"cantidad\";i:51;}','coordinador'),(1118,'update','2014-12-02 16:02:48','117','Sistema\\STOCKBundle\\Entity\\Articulo',13,'a:1:{s:8:\"cantidad\";i:81;}','coordinador'),(1119,'update','2014-12-02 16:02:58','729','Sistema\\STOCKBundle\\Entity\\Articulo',6,'a:1:{s:8:\"cantidad\";i:3;}','coordinador'),(1120,'update','2014-12-02 16:03:44','117','Sistema\\STOCKBundle\\Entity\\Articulo',14,'a:1:{s:8:\"cantidad\";i:82;}','coordinador'),(1121,'update','2014-12-02 16:08:35','985','Sistema\\STOCKBundle\\Entity\\Articulo',4,'a:1:{s:6:\"precio\";s:4:\"3.59\";}','coordinador'),(1122,'update','2014-12-03 15:23:16','640','Sistema\\STOCKBundle\\Entity\\Articulo',7,'a:1:{s:8:\"cantidad\";d:45;}','coordinador'),(1123,'update','2014-12-03 15:24:59','640','Sistema\\STOCKBundle\\Entity\\Articulo',8,'a:1:{s:6:\"precio\";s:5:\"30.00\";}','coordinador'),(1124,'create','2014-12-04 09:52:03','986','Sistema\\STOCKBundle\\Entity\\Articulo',1,'a:7:{s:6:\"codigo\";N;s:11:\"descripcion\";s:12:\"Bolsa x 50kg\";s:8:\"cantidad\";i:2;s:17:\"cantidadReservada\";i:0;s:6:\"precio\";d:95;s:6:\"activo\";b:1;s:5:\"rubro\";a:1:{s:2:\"id\";i:13;}}','coordinador'),(1125,'update','2014-12-04 09:52:03','986','Sistema\\STOCKBundle\\Entity\\Articulo',2,'a:1:{s:6:\"codigo\";i:986;}','coordinador'),(1126,'create','2014-12-04 09:55:38','987','Sistema\\STOCKBundle\\Entity\\Articulo',1,'a:7:{s:6:\"codigo\";N;s:11:\"descripcion\";s:16:\"M3(metro cubico)\";s:8:\"cantidad\";i:3;s:17:\"cantidadReservada\";i:0;s:6:\"precio\";d:255;s:6:\"activo\";b:1;s:5:\"rubro\";a:1:{s:2:\"id\";i:13;}}','coordinador'),(1127,'update','2014-12-04 09:55:38','987','Sistema\\STOCKBundle\\Entity\\Articulo',2,'a:1:{s:6:\"codigo\";i:987;}','coordinador'),(1128,'create','2014-12-04 09:56:28','988','Sistema\\STOCKBundle\\Entity\\Articulo',1,'a:7:{s:6:\"codigo\";N;s:11:\"descripcion\";s:16:\"M3(metro cubico)\";s:8:\"cantidad\";i:3;s:17:\"cantidadReservada\";i:0;s:6:\"precio\";d:480;s:6:\"activo\";b:1;s:5:\"rubro\";a:1:{s:2:\"id\";i:13;}}','coordinador'),(1129,'update','2014-12-04 09:56:28','988','Sistema\\STOCKBundle\\Entity\\Articulo',2,'a:1:{s:6:\"codigo\";i:988;}','coordinador'),(1130,'update','2014-12-04 10:12:39','587','Sistema\\STOCKBundle\\Entity\\Articulo',7,'a:1:{s:11:\"descripcion\";s:47:\"Pvc estanco10x10x10 IP 56  (1 está perforada)*\";}','coordinador'),(1131,'update','2014-12-04 10:13:09','587','Sistema\\STOCKBundle\\Entity\\Articulo',8,'a:1:{s:8:\"cantidad\";i:11;}','coordinador'),(1132,'update','2014-12-04 10:22:01','933','Sistema\\STOCKBundle\\Entity\\Articulo',4,'a:1:{s:11:\"descripcion\";s:33:\"Pvc estanco 10x10x8 IP 44 Emanal*\";}','coordinador'),(1133,'update','2014-12-04 10:31:49','111','Sistema\\STOCKBundle\\Entity\\Articulo',1,'a:1:{s:11:\"descripcion\";s:61:\"Pvc estanca 15 X 11X 7cm IP 56(LA TAPA TIENE UNA PERFORACION)\";}','coordinador'),(1134,'update','2014-12-04 10:36:15','111','Sistema\\STOCKBundle\\Entity\\Articulo',2,'a:1:{s:11:\"descripcion\";s:62:\"Pvc estanca 15 X 11X 7cm IP 56(LA TAPA TIENE UNA PERFORACION)*\";}','coordinador'),(1135,'update','2014-12-04 10:37:05','836','Sistema\\STOCKBundle\\Entity\\Articulo',9,'a:1:{s:11:\"descripcion\";s:28:\"Pvc estanco IP56 10x10x7 cm*\";}','coordinador'),(1136,'update','2014-12-04 10:39:04','378','Sistema\\STOCKBundle\\Entity\\Articulo',4,'a:1:{s:11:\"descripcion\";s:27:\"Pvc Estanca IP 65 9X9X5 cm*\";}','coordinador'),(1137,'update','2014-12-04 10:45:38','251','Sistema\\STOCKBundle\\Entity\\Articulo',2,'a:1:{s:11:\"descripcion\";s:46:\"Negra antracita para bastidor rectangular JBO*\";}','coordinador'),(1138,'update','2014-12-04 10:49:27','933','Sistema\\STOCKBundle\\Entity\\Articulo',5,'a:1:{s:8:\"cantidad\";i:13;}','coordinador'),(1139,'update','2014-12-04 11:16:51','842','Sistema\\STOCKBundle\\Entity\\Articulo',5,'a:1:{s:11:\"descripcion\";s:23:\"Sica diferencial 4x63A*\";}','coordinador'),(1140,'update','2014-12-04 11:18:21','274','Sistema\\STOCKBundle\\Entity\\Articulo',2,'a:1:{s:8:\"cantidad\";i:4;}','coordinador'),(1141,'update','2014-12-04 11:19:08','273','Sistema\\STOCKBundle\\Entity\\Articulo',2,'a:1:{s:11:\"descripcion\";s:26:\"Sica Termomagnetico 3x32A*\";}','coordinador'),(1142,'update','2014-12-04 11:19:51','631','Sistema\\STOCKBundle\\Entity\\Articulo',1,'a:1:{s:8:\"cantidad\";i:5;}','coordinador'),(1143,'update','2014-12-04 11:20:51','631','Sistema\\STOCKBundle\\Entity\\Articulo',2,'a:1:{s:11:\"descripcion\";s:28:\"Sica termomagnetico 2 x 20A*\";}','coordinador'),(1144,'update','2014-12-04 11:21:33','577','Sistema\\STOCKBundle\\Entity\\Articulo',2,'a:1:{s:8:\"cantidad\";i:4;}','coordinador'),(1145,'update','2014-12-04 11:21:46','577','Sistema\\STOCKBundle\\Entity\\Articulo',3,'a:1:{s:11:\"descripcion\";s:28:\"Sica Termomagnetico 2 x 15A*\";}','coordinador'),(1146,'update','2014-12-04 11:22:29','269','Sistema\\STOCKBundle\\Entity\\Articulo',4,'a:1:{s:11:\"descripcion\";s:26:\"Sica Termomagnetico 2x10A*\";}','coordinador'),(1147,'update','2014-12-04 11:23:05','271','Sistema\\STOCKBundle\\Entity\\Articulo',1,'a:1:{s:11:\"descripcion\";s:26:\"Sica Termomagnetico 1x63A*\";}','coordinador'),(1148,'update','2014-12-04 11:23:41','629','Sistema\\STOCKBundle\\Entity\\Articulo',1,'a:1:{s:11:\"descripcion\";s:28:\"Sica termomagnetico 3 x 15A*\";}','coordinador'),(1149,'create','2014-12-04 11:25:34','989','Sistema\\STOCKBundle\\Entity\\Articulo',1,'a:7:{s:6:\"codigo\";N;s:11:\"descripcion\";s:29:\"Sica Termomagnetico 4 x 100A*\";s:8:\"cantidad\";i:1;s:17:\"cantidadReservada\";i:0;s:6:\"precio\";d:0;s:6:\"activo\";b:1;s:5:\"rubro\";a:1:{s:2:\"id\";i:7;}}','coordinador'),(1150,'update','2014-12-04 11:25:34','989','Sistema\\STOCKBundle\\Entity\\Articulo',2,'a:1:{s:6:\"codigo\";i:989;}','coordinador'),(1151,'update','2014-12-04 11:26:28','292','Sistema\\STOCKBundle\\Entity\\Articulo',1,'a:1:{s:11:\"descripcion\";s:26:\"Sica Termomagnetico 4x63A*\";}','coordinador'),(1152,'create','2014-12-04 11:31:04','990','Sistema\\STOCKBundle\\Entity\\Articulo',1,'a:7:{s:6:\"codigo\";N;s:11:\"descripcion\";s:26:\"Sica Termomagnetico 4x40A*\";s:8:\"cantidad\";i:1;s:17:\"cantidadReservada\";i:0;s:6:\"precio\";d:0;s:6:\"activo\";b:1;s:5:\"rubro\";a:1:{s:2:\"id\";i:7;}}','coordinador'),(1153,'update','2014-12-04 11:31:04','990','Sistema\\STOCKBundle\\Entity\\Articulo',2,'a:1:{s:6:\"codigo\";i:990;}','coordinador'),(1154,'update','2014-12-04 11:31:51','274','Sistema\\STOCKBundle\\Entity\\Articulo',3,'a:1:{s:11:\"descripcion\";s:23:\"Sica Diferencial 2x40A*\";}','coordinador'),(1155,'update','2014-12-04 11:32:11','628','Sistema\\STOCKBundle\\Entity\\Articulo',1,'a:1:{s:11:\"descripcion\";s:23:\"Diferencial Sica 4x40A*\";}','coordinador'),(1156,'update','2014-12-04 11:32:28','840','Sistema\\STOCKBundle\\Entity\\Articulo',1,'a:1:{s:11:\"descripcion\";s:23:\"Sica diferencial 2x25A*\";}','coordinador'),(1157,'update','2014-12-04 11:32:54','270','Sistema\\STOCKBundle\\Entity\\Articulo',4,'a:1:{s:11:\"descripcion\";s:26:\"Sica Termomagnetico 2x25A*\";}','coordinador'),(1158,'update','2014-12-04 11:33:20','272','Sistema\\STOCKBundle\\Entity\\Articulo',2,'a:1:{s:11:\"descripcion\";s:26:\"Sica Termomagnetico 1x25A*\";}','coordinador'),(1159,'update','2014-12-04 11:36:50','636','Sistema\\STOCKBundle\\Entity\\Articulo',1,'a:1:{s:11:\"descripcion\";s:28:\"Sica termomagnetico 1 x 10A*\";}','coordinador'),(1160,'update','2014-12-04 11:37:14','630','Sistema\\STOCKBundle\\Entity\\Articulo',2,'a:1:{s:11:\"descripcion\";s:28:\"Sica termomagnetico 1 x 15A*\";}','coordinador'),(1161,'update','2014-12-04 11:37:54','984','Sistema\\STOCKBundle\\Entity\\Articulo',4,'a:1:{s:11:\"descripcion\";s:26:\"Sica Termomagnetico 2x40A*\";}','coordinador'),(1162,'update','2014-12-04 11:38:46','842','Sistema\\STOCKBundle\\Entity\\Articulo',6,'a:1:{s:8:\"cantidad\";i:3;}','coordinador'),(1163,'update','2014-12-04 11:42:39','314','Sistema\\STOCKBundle\\Entity\\Articulo',1,'a:1:{s:11:\"descripcion\";s:24:\"Diferencial 4x40A Steck*\";}','coordinador'),(1164,'update','2014-12-04 11:43:33','307','Sistema\\STOCKBundle\\Entity\\Articulo',1,'a:1:{s:11:\"descripcion\";s:27:\"Steck Termomagnetico 1x16A*\";}','coordinador'),(1165,'update','2014-12-04 11:43:54','307','Sistema\\STOCKBundle\\Entity\\Articulo',2,'a:1:{s:8:\"cantidad\";i:8;}','coordinador'),(1166,'update','2014-12-04 11:44:05','311','Sistema\\STOCKBundle\\Entity\\Articulo',1,'a:1:{s:11:\"descripcion\";s:27:\"Steck Termomagnetico 1x20A*\";}','coordinador'),(1167,'update','2014-12-04 11:45:47','306','Sistema\\STOCKBundle\\Entity\\Articulo',2,'a:1:{s:11:\"descripcion\";s:27:\"Steck Termomagnetico 1x10A*\";}','coordinador'),(1168,'update','2014-12-04 11:46:15','312','Sistema\\STOCKBundle\\Entity\\Articulo',1,'a:1:{s:11:\"descripcion\";s:27:\"Steck Termomagnetico 2x10A*\";}','coordinador'),(1169,'update','2014-12-04 11:46:46','313','Sistema\\STOCKBundle\\Entity\\Articulo',1,'a:1:{s:11:\"descripcion\";s:27:\"Steck Termomagnetico 4x20A*\";}','coordinador'),(1170,'update','2014-12-04 11:49:32','316','Sistema\\STOCKBundle\\Entity\\Articulo',1,'a:1:{s:11:\"descripcion\";s:22:\"Steck 18A Bovina 220A*\";}','coordinador'),(1171,'update','2014-12-04 11:51:27','650','Sistema\\STOCKBundle\\Entity\\Articulo',1,'a:1:{s:11:\"descripcion\";s:22:\"Weg Diferencial 2x25A*\";}','coordinador'),(1172,'update','2014-12-04 11:52:23','650','Sistema\\STOCKBundle\\Entity\\Articulo',2,'a:1:{s:8:\"cantidad\";i:7;}','coordinador'),(1173,'update','2014-12-04 11:53:08','654','Sistema\\STOCKBundle\\Entity\\Articulo',1,'a:1:{s:11:\"descripcion\";s:25:\"Weg Termomagnetico 1x16A*\";}','coordinador'),(1174,'update','2014-12-04 11:53:56','651','Sistema\\STOCKBundle\\Entity\\Articulo',1,'a:1:{s:8:\"cantidad\";i:19;}','coordinador'),(1175,'update','2014-12-04 11:54:03','651','Sistema\\STOCKBundle\\Entity\\Articulo',2,'a:1:{s:11:\"descripcion\";s:25:\"Weg Termomagnetico 2x16A*\";}','coordinador'),(1176,'update','2014-12-04 11:54:30','653','Sistema\\STOCKBundle\\Entity\\Articulo',1,'a:1:{s:11:\"descripcion\";s:25:\"Weg Termomagnetico 2x10A*\";}','coordinador'),(1177,'update','2014-12-04 11:54:59','654','Sistema\\STOCKBundle\\Entity\\Articulo',2,'a:1:{s:8:\"cantidad\";i:6;}','coordinador'),(1178,'update','2014-12-04 11:55:08','652','Sistema\\STOCKBundle\\Entity\\Articulo',1,'a:1:{s:8:\"cantidad\";i:3;}','coordinador'),(1179,'update','2014-12-04 11:55:14','652','Sistema\\STOCKBundle\\Entity\\Articulo',2,'a:1:{s:11:\"descripcion\";s:25:\"Weg Termomagnetico 2x25A*\";}','coordinador'),(1180,'update','2014-12-04 11:56:48','688','Sistema\\STOCKBundle\\Entity\\Articulo',1,'a:1:{s:11:\"descripcion\";s:25:\"Weg termomagnetico 2x32A*\";}','coordinador'),(1181,'update','2014-12-04 11:57:06','655','Sistema\\STOCKBundle\\Entity\\Articulo',1,'a:1:{s:11:\"descripcion\";s:25:\"Weg Termomagnetico 3x20A*\";}','coordinador'),(1182,'update','2014-12-04 15:43:10','615','Sistema\\STOCKBundle\\Entity\\Articulo',1,'a:1:{s:11:\"descripcion\";s:26:\"Siemens diferencial 4x40A*\";}','coordinador'),(1183,'update','2014-12-04 15:44:13','289','Sistema\\STOCKBundle\\Entity\\Articulo',1,'a:1:{s:11:\"descripcion\";s:25:\"Siemens Diferencial 2x40A\";}','coordinador'),(1184,'update','2014-12-04 15:44:18','289','Sistema\\STOCKBundle\\Entity\\Articulo',2,'a:1:{s:11:\"descripcion\";s:26:\"Siemens Diferencial 2x40A*\";}','coordinador'),(1185,'update','2014-12-04 15:45:12','282','Sistema\\STOCKBundle\\Entity\\Articulo',1,'a:1:{s:11:\"descripcion\";s:26:\"Siemens Diferencial 2x80A*\";}','coordinador'),(1186,'update','2014-12-04 15:45:48','615','Sistema\\STOCKBundle\\Entity\\Articulo',2,'a:1:{s:11:\"descripcion\";s:26:\"Siemens Diferencial 4x40A*\";}','coordinador'),(1187,'update','2014-12-04 15:48:33','277','Sistema\\STOCKBundle\\Entity\\Articulo',1,'a:1:{s:11:\"descripcion\";s:29:\"Siemens Termomagnetico 1x10A*\";}','coordinador'),(1188,'update','2014-12-04 16:02:00','275','Sistema\\STOCKBundle\\Entity\\Articulo',1,'a:1:{s:11:\"descripcion\";s:29:\"Siemens Termomagnetico 2x16A*\";}','coordinador'),(1189,'update','2014-12-04 16:03:36','617','Sistema\\STOCKBundle\\Entity\\Articulo',1,'a:1:{s:11:\"descripcion\";s:29:\"Siemens termomagnetico 2x20A*\";}','coordinador'),(1190,'update','2014-12-04 16:06:01','276','Sistema\\STOCKBundle\\Entity\\Articulo',1,'a:1:{s:11:\"descripcion\";s:29:\"Siemens Termomagnetico 2x40A*\";}','coordinador'),(1191,'update','2014-12-04 16:08:18','278','Sistema\\STOCKBundle\\Entity\\Articulo',1,'a:1:{s:11:\"descripcion\";s:30:\"Siemens Termomagnetico 3x100A*\";}','coordinador'),(1192,'update','2014-12-04 16:12:38','279','Sistema\\STOCKBundle\\Entity\\Articulo',1,'a:1:{s:11:\"descripcion\";s:29:\"Siemens Termomagnetico 3x20A*\";}','coordinador'),(1193,'update','2014-12-04 16:13:34','280','Sistema\\STOCKBundle\\Entity\\Articulo',1,'a:1:{s:11:\"descripcion\";s:29:\"Siemens Termomagnetico 4x16A*\";}','coordinador'),(1194,'update','2014-12-04 16:14:19','290','Sistema\\STOCKBundle\\Entity\\Articulo',1,'a:1:{s:11:\"descripcion\";s:29:\"Siemens Termomagnetico 4x40A*\";}','coordinador'),(1195,'update','2014-12-04 16:14:43','281','Sistema\\STOCKBundle\\Entity\\Articulo',1,'a:1:{s:11:\"descripcion\";s:29:\"Siemens Termomagnetico 4x63A*\";}','coordinador'),(1196,'update','2014-12-04 16:40:00','288','Sistema\\STOCKBundle\\Entity\\Articulo',1,'a:1:{s:11:\"descripcion\";s:26:\"Horario Schneider bipolar*\";}','coordinador'),(1197,'update','2014-12-04 16:40:38','121','Sistema\\STOCKBundle\\Entity\\Articulo',1,'a:1:{s:6:\"activo\";b:0;}','coordinador'),(1198,'update','2014-12-04 16:41:55','299','Sistema\\STOCKBundle\\Entity\\Articulo',1,'a:1:{s:11:\"descripcion\";s:33:\"Schneider bipolar 25A Bovina 220A\";}','coordinador'),(1199,'update','2014-12-04 16:42:26','299','Sistema\\STOCKBundle\\Entity\\Articulo',2,'a:1:{s:11:\"descripcion\";s:34:\"Schneider bipolar 25A Bovina 220A*\";}','coordinador'),(1200,'create','2014-12-04 16:43:49','991','Sistema\\STOCKBundle\\Entity\\Articulo',1,'a:7:{s:6:\"codigo\";N;s:11:\"descripcion\";s:31:\"Schneider termomagnetico 1x10A*\";s:8:\"cantidad\";i:2;s:17:\"cantidadReservada\";i:0;s:6:\"precio\";d:0;s:6:\"activo\";b:1;s:5:\"rubro\";a:1:{s:2:\"id\";i:7;}}','coordinador'),(1201,'update','2014-12-04 16:43:49','991','Sistema\\STOCKBundle\\Entity\\Articulo',2,'a:1:{s:6:\"codigo\";i:991;}','coordinador'),(1202,'update','2014-12-04 16:44:55','315','Sistema\\STOCKBundle\\Entity\\Articulo',1,'a:1:{s:11:\"descripcion\";s:31:\"Schneider Termomagnetico 3x10A*\";}','coordinador'),(1203,'update','2014-12-04 16:46:05','574','Sistema\\STOCKBundle\\Entity\\Articulo',4,'a:1:{s:11:\"descripcion\";s:33:\"Schneider Termomagnetico 4 x 63A*\";}','coordinador'),(1204,'update','2014-12-04 16:48:17','574','Sistema\\STOCKBundle\\Entity\\Articulo',5,'a:1:{s:8:\"cantidad\";i:4;}','coordinador'),(1205,'update','2014-12-04 16:48:39','574','Sistema\\STOCKBundle\\Entity\\Articulo',6,'a:1:{s:8:\"cantidad\";i:5;}','coordinador'),(1206,'update','2014-12-04 16:50:35','286','Sistema\\STOCKBundle\\Entity\\Articulo',1,'a:1:{s:11:\"descripcion\";s:31:\"Schneider Termomagnetico 3x80A*\";}','coordinador'),(1207,'update','2014-12-04 16:51:39','285','Sistema\\STOCKBundle\\Entity\\Articulo',1,'a:1:{s:11:\"descripcion\";s:31:\"Schneider Termomagnetico 3x16A*\";}','coordinador'),(1208,'update','2014-12-04 16:52:06','284','Sistema\\STOCKBundle\\Entity\\Articulo',3,'a:1:{s:11:\"descripcion\";s:31:\"Schneider Termomagnetico 2x10A*\";}','coordinador'),(1209,'update','2014-12-04 16:54:10','573','Sistema\\STOCKBundle\\Entity\\Articulo',2,'a:1:{s:11:\"descripcion\";s:33:\"Schneider Termomagnetico 4 x 25A*\";}','coordinador'),(1210,'update','2014-12-04 16:55:25','980','Sistema\\STOCKBundle\\Entity\\Articulo',3,'a:1:{s:11:\"descripcion\";s:34:\"Schneider Termomagnetico 4 x 100A*\";}','coordinador'),(1211,'update','2014-12-04 16:58:42','980','Sistema\\STOCKBundle\\Entity\\Articulo',4,'a:1:{s:8:\"cantidad\";i:2;}','coordinador'),(1212,'update','2014-12-04 17:00:08','576','Sistema\\STOCKBundle\\Entity\\Articulo',1,'a:1:{s:11:\"descripcion\";s:33:\"Schneider Termomagnetico 2 x 16A*\";}','coordinador'),(1213,'update','2014-12-04 17:00:58','979','Sistema\\STOCKBundle\\Entity\\Articulo',3,'a:1:{s:11:\"descripcion\";s:33:\"Schneider Termomagnetico 4 x 40A*\";}','coordinador'),(1214,'update','2014-12-04 17:06:27','969','Sistema\\STOCKBundle\\Entity\\Articulo',3,'a:1:{s:11:\"descripcion\";s:30:\"Schneider Diferencial 2 x 25A*\";}','coordinador'),(1215,'update','2014-12-04 17:07:18','841','Sistema\\STOCKBundle\\Entity\\Articulo',1,'a:1:{s:11:\"descripcion\";s:28:\"Schneider Diferencial 2x40A*\";}','coordinador'),(1216,'update','2014-12-04 17:07:40','968','Sistema\\STOCKBundle\\Entity\\Articulo',5,'a:1:{s:11:\"descripcion\";s:30:\"Schneider Diferencial 4 x 40A*\";}','coordinador'),(1217,'update','2014-12-04 17:08:03','978','Sistema\\STOCKBundle\\Entity\\Articulo',3,'a:1:{s:11:\"descripcion\";s:33:\"Schneider Termomagnetico 2 x 40A*\";}','coordinador'),(1218,'update','2014-12-04 17:08:28','575','Sistema\\STOCKBundle\\Entity\\Articulo',4,'a:1:{s:11:\"descripcion\";s:39:\"Schneider Domae Termomagnetico 2 x 25A*\";}','coordinador'),(1219,'update','2014-12-04 17:08:51','298','Sistema\\STOCKBundle\\Entity\\Articulo',1,'a:1:{s:11:\"descripcion\";s:31:\"Schneider Termomagnetico 2x20A*\";}','coordinador'),(1220,'update','2014-12-04 17:09:15','283','Sistema\\STOCKBundle\\Entity\\Articulo',3,'a:1:{s:11:\"descripcion\";s:31:\"Schneider Termomagnetico 2x32A*\";}','coordinador'),(1221,'update','2014-12-04 17:09:52','287','Sistema\\STOCKBundle\\Entity\\Articulo',1,'a:1:{s:11:\"descripcion\";s:30:\"Schneider Termomagnetico 4x16*\";}','coordinador'),(1222,'update','2014-12-04 17:13:29','575','Sistema\\STOCKBundle\\Entity\\Articulo',5,'a:1:{s:11:\"descripcion\";s:32:\"SchneiderTermomagnetico 2 x 25A*\";}','coordinador'),(1223,'update','2014-12-05 08:52:57','297','Sistema\\STOCKBundle\\Entity\\Articulo',1,'a:1:{s:11:\"descripcion\";s:26:\"Baw Sin proteccion 1x100A*\";}','coordinador'),(1224,'update','2014-12-05 08:53:38','293','Sistema\\STOCKBundle\\Entity\\Articulo',1,'a:1:{s:11:\"descripcion\";s:22:\"Diferencial 4x25A Baw*\";}','coordinador'),(1225,'update','2014-12-05 08:54:36','294','Sistema\\STOCKBundle\\Entity\\Articulo',1,'a:1:{s:11:\"descripcion\";s:22:\"Diferencial 2x40A Baw*\";}','coordinador'),(1226,'update','2014-12-05 08:55:50','295','Sistema\\STOCKBundle\\Entity\\Articulo',1,'a:1:{s:11:\"descripcion\";s:25:\"Baw Termomagnetico 2x32A*\";}','coordinador'),(1227,'update','2014-12-05 08:56:32','296','Sistema\\STOCKBundle\\Entity\\Articulo',1,'a:1:{s:11:\"descripcion\";s:25:\"Baw Termomagnetico 1x40A*\";}','coordinador'),(1228,'update','2014-12-05 09:08:31','300','Sistema\\STOCKBundle\\Entity\\Articulo',1,'a:1:{s:6:\"activo\";b:0;}','coordinador'),(1229,'update','2014-12-05 09:08:54','926','Sistema\\STOCKBundle\\Entity\\Articulo',3,'a:1:{s:6:\"activo\";b:0;}','coordinador'),(1230,'create','2014-12-05 09:09:33','992','Sistema\\STOCKBundle\\Entity\\Articulo',1,'a:7:{s:6:\"codigo\";N;s:11:\"descripcion\";s:31:\"Interelec termomagnetico 1x63A*\";s:8:\"cantidad\";i:2;s:17:\"cantidadReservada\";i:0;s:6:\"precio\";d:0;s:6:\"activo\";b:1;s:5:\"rubro\";a:1:{s:2:\"id\";i:7;}}','coordinador'),(1231,'update','2014-12-05 09:09:33','992','Sistema\\STOCKBundle\\Entity\\Articulo',2,'a:1:{s:6:\"codigo\";i:992;}','coordinador'),(1232,'update','2014-12-05 11:19:33','304','Sistema\\STOCKBundle\\Entity\\Articulo',1,'a:1:{s:8:\"cantidad\";i:2;}','coordinador'),(1233,'update','2014-12-05 11:20:11','304','Sistema\\STOCKBundle\\Entity\\Articulo',2,'a:1:{s:11:\"descripcion\";s:25:\"Termomagnetico 1x16A AEG*\";}','coordinador'),(1234,'update','2014-12-05 11:21:43','302','Sistema\\STOCKBundle\\Entity\\Articulo',1,'a:1:{s:11:\"descripcion\";s:25:\"Termomagnetico 1x20A AEG*\";}','coordinador'),(1235,'update','2014-12-05 11:23:15','303','Sistema\\STOCKBundle\\Entity\\Articulo',1,'a:1:{s:11:\"descripcion\";s:25:\"Termomagnetico 1x63A AEG*\";}','coordinador'),(1236,'update','2014-12-05 11:24:36','301','Sistema\\STOCKBundle\\Entity\\Articulo',1,'a:1:{s:11:\"descripcion\";s:25:\"Termomagnetico 2x40A AEG*\";}','coordinador'),(1237,'update','2014-12-05 11:25:45','309','Sistema\\STOCKBundle\\Entity\\Articulo',1,'a:1:{s:11:\"descripcion\";s:38:\"General Electric Termomagnetico 2x20A*\";}','coordinador'),(1238,'update','2014-12-05 11:26:26','310','Sistema\\STOCKBundle\\Entity\\Articulo',1,'a:1:{s:11:\"descripcion\";s:28:\"Sassin Termomagnetico 4x20A*\";}','coordinador'),(1239,'update','2014-12-05 11:41:11','63','Sistema\\STOCKBundle\\Entity\\Articulo',1,'a:1:{s:11:\"descripcion\";s:13:\"Sassin 18-20*\";}','coordinador'),(1240,'update','2014-12-05 11:41:57','61','Sistema\\STOCKBundle\\Entity\\Articulo',1,'a:1:{s:11:\"descripcion\";s:25:\"Telemecanique 8,5 x 31,5*\";}','coordinador'),(1241,'update','2014-12-05 11:43:24','62','Sistema\\STOCKBundle\\Entity\\Articulo',1,'a:1:{s:11:\"descripcion\";s:12:\"Zoloda 8-31*\";}','coordinador'),(1242,'update','2014-12-05 15:33:48','267','Sistema\\STOCKBundle\\Entity\\Articulo',2,'a:1:{s:11:\"descripcion\";s:12:\"Para centro*\";}','coordinador'),(1243,'update','2014-12-05 17:11:42','836','Sistema\\STOCKBundle\\Entity\\Articulo',10,'a:1:{s:6:\"precio\";s:5:\"39.93\";}','coordinador'),(1244,'update','2014-12-05 17:13:17','666','Sistema\\STOCKBundle\\Entity\\Articulo',18,'a:1:{s:6:\"precio\";s:5:\"20.65\";}','coordinador'),(1245,'update','2014-12-05 17:13:52','115','Sistema\\STOCKBundle\\Entity\\Articulo',13,'a:1:{s:6:\"precio\";s:4:\"3.48\";}','coordinador'),(1246,'update','2014-12-05 17:14:26','322','Sistema\\STOCKBundle\\Entity\\Articulo',21,'a:1:{s:6:\"precio\";s:4:\"1.87\";}','coordinador'),(1247,'update','2014-12-05 17:16:02','718','Sistema\\STOCKBundle\\Entity\\Articulo',2,'a:1:{s:6:\"precio\";s:5:\"20.18\";}','coordinador'),(1248,'update','2014-12-05 17:16:29','78','Sistema\\STOCKBundle\\Entity\\Articulo',8,'a:1:{s:6:\"precio\";s:4:\"2.78\";}','coordinador'),(1249,'update','2014-12-05 17:17:03','613','Sistema\\STOCKBundle\\Entity\\Articulo',5,'a:1:{s:6:\"precio\";s:4:\"0.25\";}','coordinador'),(1250,'update','2014-12-05 17:18:24','611','Sistema\\STOCKBundle\\Entity\\Articulo',7,'a:1:{s:6:\"precio\";s:4:\"0.41\";}','coordinador'),(1251,'update','2014-12-05 17:19:44','666','Sistema\\STOCKBundle\\Entity\\Articulo',19,'a:1:{s:8:\"cantidad\";i:106;}','coordinador'),(1252,'update','2014-12-05 17:19:58','115','Sistema\\STOCKBundle\\Entity\\Articulo',14,'a:1:{s:8:\"cantidad\";i:84;}','coordinador'),(1253,'update','2014-12-05 17:20:15','322','Sistema\\STOCKBundle\\Entity\\Articulo',22,'a:1:{s:8:\"cantidad\";i:339;}','coordinador'),(1254,'update','2014-12-05 17:20:32','836','Sistema\\STOCKBundle\\Entity\\Articulo',11,'a:1:{s:8:\"cantidad\";i:35;}','coordinador'),(1255,'update','2014-12-05 17:21:03','718','Sistema\\STOCKBundle\\Entity\\Articulo',3,'a:1:{s:8:\"cantidad\";i:16;}','coordinador'),(1256,'update','2014-12-05 17:22:15','590','Sistema\\STOCKBundle\\Entity\\Articulo',8,'a:1:{s:8:\"cantidad\";i:103;}','coordinador'),(1257,'update','2014-12-05 17:22:25','538','Sistema\\STOCKBundle\\Entity\\Articulo',10,'a:1:{s:8:\"cantidad\";i:780;}','coordinador'),(1258,'update','2014-12-05 17:22:33','533','Sistema\\STOCKBundle\\Entity\\Articulo',16,'a:1:{s:8:\"cantidad\";i:606;}','coordinador'),(1259,'update','2014-12-05 17:51:34','198','Sistema\\STOCKBundle\\Entity\\Articulo',1,'a:1:{s:6:\"precio\";s:5:\"35.00\";}','coordinador'),(1260,'update','2014-12-05 17:51:58','198','Sistema\\STOCKBundle\\Entity\\Articulo',2,'a:1:{s:11:\"descripcion\";s:12:\"Continua 2,5\";}','coordinador'),(1261,'update','2014-12-05 18:02:19','150','Sistema\\STOCKBundle\\Entity\\Articulo',1,'a:1:{s:6:\"precio\";s:6:\"562.40\";}','coordinador'),(1262,'create','2014-12-05 18:14:08','993','Sistema\\STOCKBundle\\Entity\\Articulo',1,'a:7:{s:6:\"codigo\";N;s:11:\"descripcion\";s:34:\"Bidireccional ANKA p/2 dicro GU10*\";s:8:\"cantidad\";i:1;s:17:\"cantidadReservada\";i:0;s:6:\"precio\";d:1075;s:6:\"activo\";b:1;s:5:\"rubro\";a:1:{s:2:\"id\";i:20;}}','coordinador'),(1263,'update','2014-12-05 18:14:08','993','Sistema\\STOCKBundle\\Entity\\Articulo',2,'a:1:{s:6:\"codigo\";i:993;}','coordinador'),(1264,'update','2014-12-05 18:17:22','695','Sistema\\STOCKBundle\\Entity\\Articulo',1,'a:1:{s:6:\"precio\";s:5:\"46.05\";}','coordinador'),(1265,'update','2014-12-05 18:26:05','893','Sistema\\STOCKBundle\\Entity\\Articulo',6,'a:1:{s:6:\"activo\";b:0;}','coordinador'),(1266,'update','2014-12-05 18:26:28','737','Sistema\\STOCKBundle\\Entity\\Articulo',2,'a:1:{s:8:\"cantidad\";i:4;}','coordinador'),(1267,'update','2014-12-06 10:54:56','904','Sistema\\STOCKBundle\\Entity\\Articulo',3,'a:1:{s:8:\"cantidad\";i:2;}','coordinador'),(1268,'update','2014-12-06 10:56:45','904','Sistema\\STOCKBundle\\Entity\\Articulo',4,'a:1:{s:6:\"precio\";s:5:\"85.00\";}','coordinador'),(1269,'update','2014-12-06 11:03:33','95','Sistema\\STOCKBundle\\Entity\\Articulo',5,'a:1:{s:8:\"cantidad\";i:15;}','coordinador'),(1270,'create','2014-12-06 11:32:56','994','Sistema\\STOCKBundle\\Entity\\Articulo',1,'a:7:{s:6:\"codigo\";N;s:11:\"descripcion\";s:23:\"Para soporte ventilador\";s:8:\"cantidad\";i:2;s:17:\"cantidadReservada\";i:0;s:6:\"precio\";d:5;s:6:\"activo\";b:1;s:5:\"rubro\";a:1:{s:2:\"id\";i:9;}}','coordinador'),(1271,'update','2014-12-06 11:32:56','994','Sistema\\STOCKBundle\\Entity\\Articulo',2,'a:1:{s:6:\"codigo\";i:994;}','coordinador'),(1272,'create','2014-12-09 08:11:54','995','Sistema\\STOCKBundle\\Entity\\Articulo',1,'a:7:{s:6:\"codigo\";N;s:11:\"descripcion\";s:6:\"X kilo\";s:8:\"cantidad\";i:5;s:17:\"cantidadReservada\";i:0;s:6:\"precio\";d:5;s:6:\"activo\";b:1;s:5:\"rubro\";a:1:{s:2:\"id\";i:13;}}','coordinador'),(1273,'update','2014-12-09 08:11:54','995','Sistema\\STOCKBundle\\Entity\\Articulo',2,'a:1:{s:6:\"codigo\";i:995;}','coordinador'),(1274,'update','2014-12-09 08:12:27','930','Sistema\\STOCKBundle\\Entity\\Articulo',7,'a:1:{s:8:\"cantidad\";i:16;}','coordinador'),(1275,'update','2014-12-09 08:13:23','611','Sistema\\STOCKBundle\\Entity\\Articulo',8,'a:1:{s:8:\"cantidad\";i:421;}','coordinador'),(1276,'update','2014-12-09 08:13:40','613','Sistema\\STOCKBundle\\Entity\\Articulo',6,'a:1:{s:8:\"cantidad\";i:411;}','coordinador'),(1277,'create','2014-12-09 08:29:50','996','Sistema\\STOCKBundle\\Entity\\Articulo',1,'a:7:{s:6:\"codigo\";N;s:11:\"descripcion\";s:6:\"X kilo\";s:8:\"cantidad\";i:1;s:17:\"cantidadReservada\";i:0;s:6:\"precio\";d:25.140000000000001;s:6:\"activo\";b:1;s:5:\"rubro\";a:1:{s:2:\"id\";i:13;}}','coordinador'),(1278,'update','2014-12-09 08:29:50','996','Sistema\\STOCKBundle\\Entity\\Articulo',2,'a:1:{s:6:\"codigo\";i:996;}','coordinador'),(1279,'update','2014-12-09 10:12:23','342','Sistema\\STOCKBundle\\Entity\\Articulo',3,'a:1:{s:8:\"cantidad\";i:34;}','coordinador'),(1280,'update','2014-12-09 10:16:37','105','Sistema\\STOCKBundle\\Entity\\Articulo',3,'a:1:{s:8:\"cantidad\";i:22;}','coordinador'),(1281,'update','2014-12-09 10:21:12','712','Sistema\\STOCKBundle\\Entity\\Articulo',10,'a:1:{s:8:\"cantidad\";i:59;}','coordinador'),(1282,'create','2014-12-09 10:22:42','997','Sistema\\STOCKBundle\\Entity\\Articulo',1,'a:7:{s:6:\"codigo\";N;s:11:\"descripcion\";s:32:\"Mecanico p/tubo fluorescente 30W\";s:8:\"cantidad\";i:4;s:17:\"cantidadReservada\";i:0;s:6:\"precio\";d:0;s:6:\"activo\";b:1;s:5:\"rubro\";a:1:{s:2:\"id\";i:11;}}','coordinador'),(1283,'update','2014-12-09 10:22:42','997','Sistema\\STOCKBundle\\Entity\\Articulo',2,'a:1:{s:6:\"codigo\";i:997;}','coordinador'),(1284,'update','2014-12-09 10:23:06','997','Sistema\\STOCKBundle\\Entity\\Articulo',3,'a:1:{s:6:\"precio\";s:5:\"76.25\";}','coordinador'),(1285,'create','2014-12-09 10:24:59','998','Sistema\\STOCKBundle\\Entity\\Articulo',1,'a:7:{s:6:\"codigo\";N;s:11:\"descripcion\";s:16:\"Fluorescente 30W\";s:8:\"cantidad\";i:4;s:17:\"cantidadReservada\";i:0;s:6:\"precio\";d:0;s:6:\"activo\";b:1;s:5:\"rubro\";a:1:{s:2:\"id\";i:2;}}','coordinador'),(1286,'update','2014-12-09 10:24:59','998','Sistema\\STOCKBundle\\Entity\\Articulo',2,'a:1:{s:6:\"codigo\";i:998;}','coordinador'),(1287,'update','2014-12-09 10:25:24','998','Sistema\\STOCKBundle\\Entity\\Articulo',3,'a:1:{s:6:\"precio\";s:5:\"18.50\";}','coordinador'),(1288,'update','2014-12-09 10:27:33','149','Sistema\\STOCKBundle\\Entity\\Articulo',2,'a:1:{s:8:\"cantidad\";i:32;}','coordinador'),(1289,'update','2014-12-09 10:29:41','577','Sistema\\STOCKBundle\\Entity\\Articulo',4,'a:1:{s:8:\"cantidad\";i:5;}','coordinador'),(1290,'update','2014-12-09 10:32:46','782','Sistema\\STOCKBundle\\Entity\\Articulo',2,'a:1:{s:8:\"cantidad\";i:27;}','coordinador'),(1291,'update','2014-12-09 10:33:27','782','Sistema\\STOCKBundle\\Entity\\Articulo',3,'a:1:{s:6:\"precio\";s:6:\"103.73\";}','coordinador'),(1292,'update','2014-12-09 10:34:50','486','Sistema\\STOCKBundle\\Entity\\Articulo',3,'a:1:{s:8:\"cantidad\";i:11;}','coordinador'),(1293,'update','2014-12-09 10:36:05','95','Sistema\\STOCKBundle\\Entity\\Articulo',6,'a:1:{s:8:\"cantidad\";i:16;}','coordinador'),(1294,'update','2014-12-09 16:18:19','759','Sistema\\STOCKBundle\\Entity\\Articulo',2,'a:1:{s:6:\"precio\";s:4:\"6.53\";}','coordinador'),(1295,'update','2014-12-09 16:35:13','456','Sistema\\STOCKBundle\\Entity\\Articulo',2,'a:1:{s:6:\"precio\";s:5:\"31.00\";}','coordinador'),(1296,'update','2014-12-09 16:37:20','715','Sistema\\STOCKBundle\\Entity\\Articulo',3,'a:1:{s:6:\"precio\";s:5:\"12.00\";}','coordinador'),(1297,'update','2014-12-09 16:38:07','256','Sistema\\STOCKBundle\\Entity\\Articulo',2,'a:1:{s:6:\"precio\";s:5:\"55.69\";}','coordinador'),(1298,'update','2014-12-09 16:38:32','255','Sistema\\STOCKBundle\\Entity\\Articulo',2,'a:1:{s:6:\"precio\";s:5:\"32.00\";}','coordinador'),(1299,'update','2014-12-10 07:52:29','838','Sistema\\STOCKBundle\\Entity\\Articulo',1,'a:1:{s:6:\"precio\";s:6:\"249.11\";}','coordinador'),(1300,'update','2014-12-10 07:54:55','58','Sistema\\STOCKBundle\\Entity\\Articulo',2,'a:1:{s:6:\"precio\";s:6:\"407.74\";}','coordinador'),(1301,'update','2014-12-10 07:58:59','647','Sistema\\STOCKBundle\\Entity\\Articulo',3,'a:1:{s:6:\"precio\";s:6:\"269.99\";}','coordinador'),(1302,'update','2014-12-10 10:41:43','953','Sistema\\STOCKBundle\\Entity\\Articulo',5,'a:1:{s:6:\"precio\";s:4:\"5.08\";}','coordinador'),(1303,'update','2014-12-10 10:46:32','90','Sistema\\STOCKBundle\\Entity\\Articulo',2,'a:1:{s:6:\"precio\";s:4:\"8.48\";}','coordinador'),(1304,'update','2014-12-10 10:47:26','91','Sistema\\STOCKBundle\\Entity\\Articulo',1,'a:1:{s:6:\"precio\";s:4:\"2.91\";}','coordinador'),(1305,'update','2014-12-10 10:48:25','611','Sistema\\STOCKBundle\\Entity\\Articulo',9,'a:1:{s:6:\"precio\";s:4:\"0.32\";}','coordinador'),(1306,'update','2014-12-10 11:06:06','114','Sistema\\STOCKBundle\\Entity\\Articulo',6,'a:1:{s:6:\"precio\";s:4:\"4.85\";}','coordinador'),(1307,'update','2014-12-10 11:06:44','326','Sistema\\STOCKBundle\\Entity\\Articulo',2,'a:1:{s:6:\"precio\";s:5:\"19.04\";}','coordinador'),(1308,'update','2014-12-10 11:15:55','857','Sistema\\STOCKBundle\\Entity\\Articulo',3,'a:1:{s:6:\"precio\";s:6:\"590.85\";}','coordinador'),(1309,'update','2014-12-10 11:21:17','267','Sistema\\STOCKBundle\\Entity\\Articulo',3,'a:1:{s:6:\"precio\";s:4:\"4.52\";}','coordinador'),(1310,'update','2014-12-10 11:22:31','75','Sistema\\STOCKBundle\\Entity\\Articulo',9,'a:1:{s:6:\"precio\";s:4:\"3.46\";}','coordinador'),(1311,'update','2014-12-10 15:48:18','34','Sistema\\STOCKBundle\\Entity\\Articulo',2,'a:1:{s:6:\"precio\";s:4:\"0.95\";}','coordinador'),(1312,'update','2014-12-10 15:48:57','35','Sistema\\STOCKBundle\\Entity\\Articulo',2,'a:1:{s:6:\"precio\";s:4:\"0.45\";}','coordinador'),(1313,'update','2014-12-10 15:52:16','598','Sistema\\STOCKBundle\\Entity\\Articulo',1,'a:1:{s:6:\"precio\";s:6:\"160.32\";}','coordinador'),(1314,'update','2014-12-10 15:53:21','597','Sistema\\STOCKBundle\\Entity\\Articulo',1,'a:1:{s:6:\"precio\";s:6:\"209.74\";}','coordinador'),(1315,'update','2014-12-10 15:55:30','689','Sistema\\STOCKBundle\\Entity\\Articulo',2,'a:1:{s:6:\"precio\";s:5:\"32.75\";}','coordinador'),(1316,'update','2014-12-10 15:58:12','192','Sistema\\STOCKBundle\\Entity\\Articulo',1,'a:1:{s:6:\"precio\";s:5:\"33.15\";}','coordinador'),(1317,'update','2014-12-10 15:58:36','178','Sistema\\STOCKBundle\\Entity\\Articulo',1,'a:1:{s:6:\"precio\";s:2:\"57\";}','coordinador'),(1318,'update','2014-12-10 16:03:05','179','Sistema\\STOCKBundle\\Entity\\Articulo',1,'a:1:{s:6:\"precio\";s:5:\"19.74\";}','coordinador'),(1319,'update','2014-12-10 16:03:16','181','Sistema\\STOCKBundle\\Entity\\Articulo',1,'a:1:{s:6:\"precio\";s:5:\"19.74\";}','coordinador'),(1320,'update','2014-12-10 16:03:31','191','Sistema\\STOCKBundle\\Entity\\Articulo',1,'a:1:{s:6:\"precio\";s:5:\"33.15\";}','coordinador'),(1321,'update','2014-12-10 16:03:50','194','Sistema\\STOCKBundle\\Entity\\Articulo',1,'a:1:{s:6:\"precio\";s:5:\"19.74\";}','coordinador'),(1322,'update','2014-12-10 16:04:16','190','Sistema\\STOCKBundle\\Entity\\Articulo',1,'a:1:{s:6:\"precio\";s:5:\"15.00\";}','coordinador'),(1323,'update','2014-12-10 16:04:27','180','Sistema\\STOCKBundle\\Entity\\Articulo',1,'a:1:{s:6:\"precio\";s:5:\"19.74\";}','coordinador'),(1324,'update','2014-12-10 16:04:39','193','Sistema\\STOCKBundle\\Entity\\Articulo',1,'a:1:{s:6:\"precio\";s:5:\"57.00\";}','coordinador'),(1325,'update','2014-12-10 16:04:45','177','Sistema\\STOCKBundle\\Entity\\Articulo',1,'a:1:{s:6:\"precio\";s:5:\"57.00\";}','coordinador'),(1326,'update','2014-12-10 16:12:01','182','Sistema\\STOCKBundle\\Entity\\Articulo',3,'a:1:{s:6:\"precio\";s:5:\"19.74\";}','coordinador'),(1327,'update','2014-12-10 16:12:41','195','Sistema\\STOCKBundle\\Entity\\Articulo',1,'a:1:{s:6:\"precio\";s:5:\"33.15\";}','coordinador'),(1328,'update','2014-12-10 16:25:53','627','Sistema\\STOCKBundle\\Entity\\Articulo',5,'a:1:{s:6:\"precio\";s:5:\"11.78\";}','coordinador'),(1329,'update','2014-12-10 16:26:36','559','Sistema\\STOCKBundle\\Entity\\Articulo',6,'a:1:{s:6:\"precio\";s:5:\"17.09\";}','coordinador'),(1330,'update','2014-12-11 08:02:28','626','Sistema\\STOCKBundle\\Entity\\Articulo',4,'a:1:{s:6:\"precio\";s:5:\"25.84\";}','coordinador'),(1331,'update','2014-12-11 08:04:14','625','Sistema\\STOCKBundle\\Entity\\Articulo',3,'a:1:{s:6:\"precio\";s:5:\"35.69\";}','coordinador'),(1332,'update','2014-12-11 08:05:06','558','Sistema\\STOCKBundle\\Entity\\Articulo',4,'a:1:{s:6:\"precio\";s:5:\"22.72\";}','coordinador'),(1333,'update','2014-12-11 08:09:02','907','Sistema\\STOCKBundle\\Entity\\Articulo',4,'a:1:{s:6:\"precio\";s:5:\"41.53\";}','coordinador'),(1334,'update','2014-12-11 08:09:37','557','Sistema\\STOCKBundle\\Entity\\Articulo',3,'a:1:{s:6:\"precio\";s:5:\"62.39\";}','coordinador'),(1335,'update','2014-12-11 08:10:15','735','Sistema\\STOCKBundle\\Entity\\Articulo',7,'a:1:{s:6:\"precio\";s:4:\"9.40\";}','coordinador'),(1336,'update','2014-12-11 08:11:02','556','Sistema\\STOCKBundle\\Entity\\Articulo',4,'a:1:{s:6:\"precio\";s:5:\"14.78\";}','coordinador'),(1337,'update','2014-12-11 08:11:43','964','Sistema\\STOCKBundle\\Entity\\Articulo',3,'a:1:{s:6:\"precio\";s:5:\"32.51\";}','coordinador'),(1338,'update','2014-12-11 08:12:18','719','Sistema\\STOCKBundle\\Entity\\Articulo',2,'a:1:{s:6:\"precio\";s:5:\"13.12\";}','coordinador'),(1339,'update','2014-12-11 08:13:30','961','Sistema\\STOCKBundle\\Entity\\Articulo',3,'a:1:{s:6:\"precio\";s:5:\"38.73\";}','coordinador'),(1340,'update','2014-12-11 08:14:18','973','Sistema\\STOCKBundle\\Entity\\Articulo',3,'a:1:{s:6:\"precio\";s:5:\"59.50\";}','coordinador'),(1341,'update','2014-12-11 08:41:24','323','Sistema\\STOCKBundle\\Entity\\Articulo',9,'a:1:{s:6:\"precio\";s:4:\"4.47\";}','coordinador'),(1342,'update','2014-12-11 08:42:04','341','Sistema\\STOCKBundle\\Entity\\Articulo',3,'a:1:{s:6:\"precio\";s:5:\"19.26\";}','coordinador'),(1343,'update','2014-12-11 08:42:21','934','Sistema\\STOCKBundle\\Entity\\Articulo',6,'a:1:{s:6:\"precio\";s:5:\"23.26\";}','coordinador'),(1344,'update','2014-12-11 08:44:37','998','Sistema\\STOCKBundle\\Entity\\Articulo',4,'a:1:{s:6:\"precio\";s:5:\"26.89\";}','coordinador'),(1345,'update','2014-12-11 09:03:14','57','Sistema\\STOCKBundle\\Entity\\Articulo',3,'a:1:{s:6:\"precio\";s:6:\"437.57\";}','coordinador'),(1346,'create','2014-12-11 16:40:46','999','Sistema\\STOCKBundle\\Entity\\Articulo',1,'a:7:{s:6:\"codigo\";N;s:11:\"descripcion\";s:16:\"Sintenax 4x16mm.\";s:8:\"cantidad\";i:51;s:17:\"cantidadReservada\";i:0;s:6:\"precio\";d:147.62;s:6:\"activo\";b:1;s:5:\"rubro\";a:1:{s:2:\"id\";i:3;}}','coordinador'),(1347,'update','2014-12-11 16:40:46','999','Sistema\\STOCKBundle\\Entity\\Articulo',2,'a:1:{s:6:\"codigo\";i:999;}','coordinador'),(1348,'update','2014-12-11 16:46:30','626','Sistema\\STOCKBundle\\Entity\\Articulo',5,'a:1:{s:8:\"cantidad\";i:110;}','coordinador'),(1349,'update','2014-12-11 16:47:38','626','Sistema\\STOCKBundle\\Entity\\Articulo',6,'a:1:{s:8:\"cantidad\";i:170;}','coordinador'),(1350,'update','2014-12-11 16:48:51','29','Sistema\\STOCKBundle\\Entity\\Articulo',3,'a:1:{s:8:\"cantidad\";i:13;}','coordinador'),(1351,'update','2014-12-11 16:51:56','90','Sistema\\STOCKBundle\\Entity\\Articulo',3,'a:1:{s:6:\"precio\";s:2:\"12\";}','coordinador'),(1352,'create','2014-12-11 16:53:13','1000','Sistema\\STOCKBundle\\Entity\\Articulo',1,'a:7:{s:6:\"codigo\";N;s:11:\"descripcion\";s:10:\"Tea 4x100A\";s:8:\"cantidad\";i:1;s:17:\"cantidadReservada\";i:0;s:6:\"precio\";d:130.50999999999999;s:6:\"activo\";b:1;s:5:\"rubro\";a:1:{s:2:\"id\";i:6;}}','coordinador'),(1353,'update','2014-12-11 16:53:13','1000','Sistema\\STOCKBundle\\Entity\\Articulo',2,'a:1:{s:6:\"codigo\";i:1000;}','coordinador'),(1354,'create','2014-12-11 16:57:31','1001','Sistema\\STOCKBundle\\Entity\\Articulo',1,'a:7:{s:6:\"codigo\";N;s:11:\"descripcion\";s:20:\"Pvc estanca 20x16x10\";s:8:\"cantidad\";i:1;s:17:\"cantidadReservada\";i:0;s:6:\"precio\";d:0;s:6:\"activo\";b:1;s:5:\"rubro\";a:1:{s:2:\"id\";i:4;}}','coordinador'),(1355,'update','2014-12-11 16:57:31','1001','Sistema\\STOCKBundle\\Entity\\Articulo',2,'a:1:{s:6:\"codigo\";i:1001;}','coordinador'),(1356,'create','2014-12-11 16:59:27','1002','Sistema\\STOCKBundle\\Entity\\Articulo',1,'a:7:{s:6:\"codigo\";N;s:11:\"descripcion\";s:19:\"14 mm con tomacable\";s:8:\"cantidad\";i:1;s:17:\"cantidadReservada\";i:0;s:6:\"precio\";d:0;s:6:\"activo\";b:1;s:5:\"rubro\";a:1:{s:2:\"id\";i:5;}}','coordinador'),(1357,'update','2014-12-11 16:59:27','1002','Sistema\\STOCKBundle\\Entity\\Articulo',2,'a:1:{s:6:\"codigo\";i:1002;}','coordinador'),(1358,'create','2014-12-11 17:02:48','1003','Sistema\\STOCKBundle\\Entity\\Articulo',1,'a:7:{s:6:\"codigo\";N;s:11:\"descripcion\";s:18:\"40mm pvc para agua\";s:8:\"cantidad\";i:1;s:17:\"cantidadReservada\";i:0;s:6:\"precio\";d:99.599999999999994;s:6:\"activo\";b:1;s:5:\"rubro\";a:1:{s:2:\"id\";i:24;}}','coordinador'),(1359,'update','2014-12-11 17:02:48','1003','Sistema\\STOCKBundle\\Entity\\Articulo',2,'a:1:{s:6:\"codigo\";i:1003;}','coordinador'),(1360,'create','2014-12-11 17:05:39','1004','Sistema\\STOCKBundle\\Entity\\Articulo',1,'a:7:{s:6:\"codigo\";N;s:11:\"descripcion\";s:37:\"40mm 90° hembra-hembra pvc para agua\";s:8:\"cantidad\";i:1;s:17:\"cantidadReservada\";i:0;s:6:\"precio\";d:18.27;s:6:\"activo\";b:1;s:5:\"rubro\";a:1:{s:2:\"id\";i:24;}}','coordinador'),(1361,'update','2014-12-11 17:05:39','1004','Sistema\\STOCKBundle\\Entity\\Articulo',2,'a:1:{s:6:\"codigo\";i:1004;}','coordinador'),(1362,'create','2014-12-11 17:25:16','1005','Sistema\\STOCKBundle\\Entity\\Articulo',1,'a:7:{s:6:\"codigo\";N;s:11:\"descripcion\";s:36:\"40mm 90° hembra-macho pvc para agua\";s:8:\"cantidad\";i:1;s:17:\"cantidadReservada\";i:0;s:6:\"precio\";d:13.529999999999999;s:6:\"activo\";b:1;s:5:\"rubro\";a:1:{s:2:\"id\";i:24;}}','coordinador'),(1363,'update','2014-12-11 17:25:16','1005','Sistema\\STOCKBundle\\Entity\\Articulo',2,'a:1:{s:6:\"codigo\";i:1005;}','coordinador'),(1364,'create','2014-12-11 17:29:47','1006','Sistema\\STOCKBundle\\Entity\\Articulo',1,'a:7:{s:6:\"codigo\";N;s:11:\"descripcion\";s:27:\"100mm 45° Macho-Hembra pvc\";s:8:\"cantidad\";i:1;s:17:\"cantidadReservada\";i:0;s:6:\"precio\";d:20.530000000000001;s:6:\"activo\";b:1;s:5:\"rubro\";a:1:{s:2:\"id\";i:24;}}','coordinador'),(1365,'update','2014-12-11 17:29:47','1006','Sistema\\STOCKBundle\\Entity\\Articulo',2,'a:1:{s:6:\"codigo\";i:1006;}','coordinador'),(1366,'create','2014-12-11 17:30:54','1007','Sistema\\STOCKBundle\\Entity\\Articulo',1,'a:7:{s:6:\"codigo\";N;s:11:\"descripcion\";s:9:\"100mm pvc\";s:8:\"cantidad\";i:11;s:17:\"cantidadReservada\";i:0;s:6:\"precio\";d:141.75999999999999;s:6:\"activo\";b:1;s:5:\"rubro\";a:1:{s:2:\"id\";i:24;}}','coordinador'),(1367,'update','2014-12-11 17:30:54','1007','Sistema\\STOCKBundle\\Entity\\Articulo',2,'a:1:{s:6:\"codigo\";i:1007;}','coordinador'),(1368,'update','2014-12-11 17:32:39','1006','Sistema\\STOCKBundle\\Entity\\Articulo',3,'a:1:{s:8:\"cantidad\";i:3;}','coordinador'),(1369,'update','2014-12-11 17:32:57','90','Sistema\\STOCKBundle\\Entity\\Articulo',4,'a:1:{s:8:\"cantidad\";i:17;}','coordinador'),(1370,'update','2014-12-11 17:33:49','90','Sistema\\STOCKBundle\\Entity\\Articulo',5,'a:1:{s:8:\"cantidad\";i:23;}','coordinador'),(1371,'update','2014-12-11 17:48:26','1001','Sistema\\STOCKBundle\\Entity\\Articulo',3,'a:1:{s:6:\"precio\";s:5:\"79.24\";}','coordinador'),(1372,'update','2014-12-11 17:48:40','1002','Sistema\\STOCKBundle\\Entity\\Articulo',3,'a:1:{s:6:\"precio\";s:5:\"48.83\";}','coordinador'),(1373,'create','2014-12-11 17:56:44','1008','Sistema\\STOCKBundle\\Entity\\Articulo',1,'a:7:{s:6:\"codigo\";N;s:11:\"descripcion\";s:13:\"Rapida 1 1/2\"\";s:8:\"cantidad\";i:1;s:17:\"cantidadReservada\";i:0;s:6:\"precio\";d:7.5;s:6:\"activo\";b:1;s:5:\"rubro\";a:1:{s:2:\"id\";i:4;}}','coordinador'),(1374,'update','2014-12-11 17:56:44','1008','Sistema\\STOCKBundle\\Entity\\Articulo',2,'a:1:{s:6:\"codigo\";i:1008;}','coordinador'),(1375,'update','2014-12-11 18:28:14','968','Sistema\\STOCKBundle\\Entity\\Articulo',6,'a:1:{s:6:\"precio\";s:1:\"3\";}','coordinador'),(1376,'update','2014-12-11 18:28:21','969','Sistema\\STOCKBundle\\Entity\\Articulo',4,'a:1:{s:6:\"precio\";s:1:\"2\";}','coordinador'),(1377,'update','2014-12-11 18:30:17','968','Sistema\\STOCKBundle\\Entity\\Articulo',7,'a:1:{s:6:\"precio\";s:7:\"1563.34\";}','coordinador'),(1378,'update','2014-12-11 18:30:22','968','Sistema\\STOCKBundle\\Entity\\Articulo',8,'a:1:{s:8:\"cantidad\";i:6;}','coordinador'),(1379,'update','2014-12-11 18:30:51','969','Sistema\\STOCKBundle\\Entity\\Articulo',5,'a:1:{s:6:\"precio\";s:6:\"924.00\";}','coordinador'),(1380,'update','2014-12-11 18:30:58','969','Sistema\\STOCKBundle\\Entity\\Articulo',6,'a:1:{s:8:\"cantidad\";i:4;}','coordinador'),(1381,'update','2014-12-11 18:45:06','574','Sistema\\STOCKBundle\\Entity\\Articulo',7,'a:1:{s:8:\"cantidad\";i:6;}','coordinador'),(1382,'update','2014-12-11 18:45:19','573','Sistema\\STOCKBundle\\Entity\\Articulo',3,'a:1:{s:8:\"cantidad\";i:5;}','coordinador'),(1383,'create','2014-12-11 18:47:35','1009','Sistema\\STOCKBundle\\Entity\\Articulo',1,'a:7:{s:6:\"codigo\";N;s:11:\"descripcion\";s:31:\"Schneider Termomagnetico 3x25A*\";s:8:\"cantidad\";i:1;s:17:\"cantidadReservada\";i:0;s:6:\"precio\";d:338.41000000000003;s:6:\"activo\";b:1;s:5:\"rubro\";a:1:{s:2:\"id\";i:7;}}','coordinador'),(1384,'update','2014-12-11 18:47:35','1009','Sistema\\STOCKBundle\\Entity\\Articulo',2,'a:1:{s:6:\"codigo\";i:1009;}','coordinador'),(1385,'update','2014-12-11 18:48:06','285','Sistema\\STOCKBundle\\Entity\\Articulo',2,'a:1:{s:8:\"cantidad\";i:5;}','coordinador'),(1386,'update','2014-12-11 18:48:30','285','Sistema\\STOCKBundle\\Entity\\Articulo',3,'a:1:{s:6:\"precio\";s:6:\"338.41\";}','coordinador'),(1387,'update','2014-12-11 18:48:44','575','Sistema\\STOCKBundle\\Entity\\Articulo',6,'a:1:{s:8:\"cantidad\";i:8;}','coordinador'),(1388,'update','2014-12-11 18:49:03','576','Sistema\\STOCKBundle\\Entity\\Articulo',2,'a:1:{s:8:\"cantidad\";i:10;}','coordinador'),(1389,'update','2014-12-11 18:49:30','576','Sistema\\STOCKBundle\\Entity\\Articulo',3,'a:1:{s:6:\"precio\";s:6:\"219.07\";}','coordinador'),(1390,'update','2014-12-11 18:50:11','288','Sistema\\STOCKBundle\\Entity\\Articulo',2,'a:1:{s:6:\"precio\";s:6:\"601.99\";}','coordinador'),(1391,'update','2014-12-11 18:50:17','288','Sistema\\STOCKBundle\\Entity\\Articulo',3,'a:1:{s:8:\"cantidad\";i:2;}','coordinador'),(1392,'update','2014-12-11 18:55:17','299','Sistema\\STOCKBundle\\Entity\\Articulo',3,'a:1:{s:6:\"precio\";s:6:\"815.40\";}','coordinador'),(1393,'update','2014-12-11 18:55:37','299','Sistema\\STOCKBundle\\Entity\\Articulo',4,'a:1:{s:8:\"cantidad\";i:2;}','coordinador'),(1394,'update','2014-12-12 15:43:28','672','Sistema\\STOCKBundle\\Entity\\Articulo',2,'a:1:{s:8:\"cantidad\";i:14;}','coordinador'),(1395,'update','2014-12-12 15:44:45','95','Sistema\\STOCKBundle\\Entity\\Articulo',7,'a:1:{s:8:\"cantidad\";i:17;}','coordinador'),(1396,'update','2014-12-15 15:51:06','843','Sistema\\STOCKBundle\\Entity\\Articulo',3,'a:1:{s:8:\"cantidad\";i:4;}','coordinador'),(1397,'update','2014-12-15 16:37:57','480','Sistema\\STOCKBundle\\Entity\\Articulo',4,'a:1:{s:6:\"precio\";s:5:\"31.39\";}','coordinador'),(1398,'update','2014-12-15 16:38:07','480','Sistema\\STOCKBundle\\Entity\\Articulo',5,'a:1:{s:8:\"cantidad\";i:5;}','coordinador'),(1399,'create','2014-12-16 11:10:26','1010','Sistema\\STOCKBundle\\Entity\\Articulo',1,'a:7:{s:6:\"codigo\";N;s:11:\"descripcion\";s:21:\"Sica 40A bovina 220V*\";s:8:\"cantidad\";i:1;s:17:\"cantidadReservada\";i:0;s:6:\"precio\";d:871.5;s:6:\"activo\";b:1;s:5:\"rubro\";a:1:{s:2:\"id\";i:6;}}','coordinador'),(1400,'update','2014-12-16 11:10:26','1010','Sistema\\STOCKBundle\\Entity\\Articulo',2,'a:1:{s:6:\"codigo\";i:1010;}','coordinador'),(1401,'create','2014-12-16 11:11:57','1011','Sistema\\STOCKBundle\\Entity\\Articulo',1,'a:7:{s:6:\"codigo\";N;s:11:\"descripcion\";s:31:\"Conmutadora tetrapolar FKH 45A.\";s:8:\"cantidad\";i:1;s:17:\"cantidadReservada\";i:0;s:6:\"precio\";d:1904.9400000000001;s:6:\"activo\";b:1;s:5:\"rubro\";a:1:{s:2:\"id\";i:6;}}','coordinador'),(1402,'update','2014-12-16 11:11:57','1011','Sistema\\STOCKBundle\\Entity\\Articulo',2,'a:1:{s:6:\"codigo\";i:1011;}','coordinador'),(1403,'update','2014-12-16 11:40:11','887','Sistema\\STOCKBundle\\Entity\\Articulo',5,'a:1:{s:8:\"cantidad\";i:14;}','coordinador'),(1404,'update','2014-12-16 11:43:20','621','Sistema\\STOCKBundle\\Entity\\Articulo',1,'a:1:{s:11:\"descripcion\";s:20:\"Poxiran tipo jeringa\";}','coordinador'),(1405,'update','2014-12-16 17:06:55','573','Sistema\\STOCKBundle\\Entity\\Articulo',4,'a:1:{s:6:\"precio\";s:6:\"499.69\";}','coordinador'),(1406,'update','2014-12-16 17:07:51','575','Sistema\\STOCKBundle\\Entity\\Articulo',7,'a:1:{s:11:\"descripcion\";s:30:\"SchneiderTermomagnetico 2x25A*\";}','coordinador'),(1407,'update','2014-12-16 17:29:09','751','Sistema\\STOCKBundle\\Entity\\Articulo',1,'a:1:{s:6:\"precio\";s:4:\"1.68\";}','coordinador'),(1408,'update','2014-12-16 17:32:22','749','Sistema\\STOCKBundle\\Entity\\Articulo',1,'a:1:{s:6:\"precio\";s:4:\"0.60\";}','coordinador'),(1409,'update','2014-12-16 17:32:28','750','Sistema\\STOCKBundle\\Entity\\Articulo',4,'a:1:{s:6:\"precio\";s:4:\"0.60\";}','coordinador'),(1410,'update','2014-12-16 17:33:29','748','Sistema\\STOCKBundle\\Entity\\Articulo',1,'a:1:{s:6:\"precio\";s:4:\"0.60\";}','coordinador'),(1411,'update','2014-12-16 17:33:34','747','Sistema\\STOCKBundle\\Entity\\Articulo',1,'a:1:{s:6:\"precio\";s:4:\"0.60\";}','coordinador'),(1412,'create','2014-12-16 17:38:28','1012','Sistema\\STOCKBundle\\Entity\\Articulo',1,'a:7:{s:6:\"codigo\";N;s:11:\"descripcion\";s:15:\"Tif 4mm naranja\";s:8:\"cantidad\";i:40;s:17:\"cantidadReservada\";i:0;s:6:\"precio\";d:0.47999999999999998;s:6:\"activo\";b:1;s:5:\"rubro\";a:1:{s:2:\"id\";i:6;}}','coordinador'),(1413,'update','2014-12-16 17:38:28','1012','Sistema\\STOCKBundle\\Entity\\Articulo',2,'a:1:{s:6:\"codigo\";i:1012;}','coordinador'),(1414,'update','2014-12-16 17:39:45','721','Sistema\\STOCKBundle\\Entity\\Articulo',1,'a:1:{s:6:\"precio\";s:4:\"0.36\";}','coordinador'),(1415,'update','2014-12-16 17:40:02','723','Sistema\\STOCKBundle\\Entity\\Articulo',1,'a:1:{s:6:\"precio\";s:4:\"0.36\";}','coordinador'),(1416,'update','2014-12-16 17:40:09','720','Sistema\\STOCKBundle\\Entity\\Articulo',1,'a:1:{s:6:\"precio\";s:4:\"0.36\";}','coordinador'),(1417,'update','2014-12-16 17:43:29','138','Sistema\\STOCKBundle\\Entity\\Articulo',1,'a:2:{s:11:\"descripcion\";s:34:\"Led Rojo 22mm(lampara ojo de buey)\";s:6:\"precio\";d:67.739999999999995;}','coordinador'),(1418,'update','2014-12-16 17:50:02','138','Sistema\\STOCKBundle\\Entity\\Articulo',2,'a:1:{s:8:\"cantidad\";i:9;}','coordinador'),(1419,'update','2014-12-16 17:54:33','299','Sistema\\STOCKBundle\\Entity\\Articulo',5,'a:1:{s:5:\"rubro\";a:1:{s:2:\"id\";i:6;}}','coordinador'),(1420,'update','2014-12-16 17:58:16','721','Sistema\\STOCKBundle\\Entity\\Articulo',2,'a:1:{s:8:\"cantidad\";i:40;}','coordinador'),(1421,'update','2014-12-16 18:03:30','558','Sistema\\STOCKBundle\\Entity\\Articulo',5,'a:1:{s:8:\"cantidad\";i:253;}','coordinador'),(1422,'update','2014-12-16 18:04:29','808','Sistema\\STOCKBundle\\Entity\\Articulo',6,'a:1:{s:8:\"cantidad\";i:3;}','coordinador'),(1423,'update','2014-12-16 18:06:01','137','Sistema\\STOCKBundle\\Entity\\Articulo',4,'a:1:{s:8:\"cantidad\";i:95;}','coordinador'),(1424,'update','2014-12-16 18:06:42','90','Sistema\\STOCKBundle\\Entity\\Articulo',6,'a:1:{s:8:\"cantidad\";i:25;}','coordinador'),(1425,'update','2014-12-16 18:07:00','740','Sistema\\STOCKBundle\\Entity\\Articulo',3,'a:1:{s:8:\"cantidad\";i:27;}','coordinador'),(1426,'update','2014-12-16 18:07:38','284','Sistema\\STOCKBundle\\Entity\\Articulo',4,'a:1:{s:8:\"cantidad\";i:3;}','coordinador'),(1427,'update','2014-12-16 18:18:38','574','Sistema\\STOCKBundle\\Entity\\Articulo',8,'a:1:{s:8:\"cantidad\";i:7;}','coordinador'),(1428,'update','2014-12-16 18:28:16','735','Sistema\\STOCKBundle\\Entity\\Articulo',8,'a:1:{s:8:\"cantidad\";i:70;}','coordinador'),(1429,'update','2014-12-16 18:37:41','611','Sistema\\STOCKBundle\\Entity\\Articulo',10,'a:1:{s:8:\"cantidad\";i:433;}','coordinador'),(1430,'update','2014-12-16 18:41:47','737','Sistema\\STOCKBundle\\Entity\\Articulo',3,'a:1:{s:8:\"cantidad\";i:6;}','coordinador'),(1431,'update','2014-12-16 18:49:38','339','Sistema\\STOCKBundle\\Entity\\Articulo',3,'a:1:{s:6:\"precio\";s:5:\"35.31\";}','coordinador'),(1432,'update','2014-12-16 18:55:10','946','Sistema\\STOCKBundle\\Entity\\Articulo',4,'a:1:{s:6:\"precio\";s:5:\"63.12\";}','coordinador'),(1433,'update','2014-12-17 07:42:06','872','Sistema\\STOCKBundle\\Entity\\Articulo',9,'a:1:{s:8:\"cantidad\";i:6;}','coordinador'),(1434,'update','2014-12-17 07:42:39','536','Sistema\\STOCKBundle\\Entity\\Articulo',3,'a:1:{s:8:\"cantidad\";i:35;}','coordinador'),(1435,'update','2014-12-17 07:42:50','547','Sistema\\STOCKBundle\\Entity\\Articulo',6,'a:1:{s:8:\"cantidad\";i:40;}','coordinador'),(1436,'update','2014-12-17 07:43:14','533','Sistema\\STOCKBundle\\Entity\\Articulo',17,'a:1:{s:8:\"cantidad\";i:608;}','coordinador'),(1437,'update','2014-12-17 07:43:38','729','Sistema\\STOCKBundle\\Entity\\Articulo',7,'a:1:{s:8:\"cantidad\";i:4;}','coordinador'),(1438,'update','2014-12-17 07:44:00','613','Sistema\\STOCKBundle\\Entity\\Articulo',7,'a:1:{s:8:\"cantidad\";i:421;}','coordinador'),(1439,'update','2014-12-17 07:44:25','611','Sistema\\STOCKBundle\\Entity\\Articulo',11,'a:1:{s:8:\"cantidad\";i:443;}','coordinador'),(1440,'update','2014-12-17 07:44:31','880','Sistema\\STOCKBundle\\Entity\\Articulo',5,'a:1:{s:6:\"activo\";b:0;}','coordinador'),(1441,'update','2014-12-17 07:45:41','709','Sistema\\STOCKBundle\\Entity\\Articulo',1,'a:1:{s:6:\"precio\";s:5:\"18.15\";}','coordinador'),(1442,'update','2014-12-17 07:45:59','709','Sistema\\STOCKBundle\\Entity\\Articulo',2,'a:1:{s:11:\"descripcion\";s:33:\"JBO para 1 solo modulo(base+tapa)\";}','coordinador'),(1443,'update','2014-12-17 10:34:32','709','Sistema\\STOCKBundle\\Entity\\Articulo',3,'a:1:{s:8:\"cantidad\";i:2;}','coordinador'),(1444,'create','2014-12-17 10:52:00','1013','Sistema\\STOCKBundle\\Entity\\Articulo',1,'a:7:{s:6:\"codigo\";N;s:11:\"descripcion\";s:35:\"Metalico estanco Genrod 600x600x150\";s:8:\"cantidad\";i:1;s:17:\"cantidadReservada\";i:0;s:6:\"precio\";d:1411.0999999999999;s:6:\"activo\";b:1;s:5:\"rubro\";a:1:{s:2:\"id\";i:6;}}','coordinador'),(1445,'update','2014-12-17 10:52:00','1013','Sistema\\STOCKBundle\\Entity\\Articulo',2,'a:1:{s:6:\"codigo\";i:1013;}','coordinador'),(1446,'create','2014-12-17 10:53:21','1014','Sistema\\STOCKBundle\\Entity\\Articulo',1,'a:7:{s:6:\"codigo\";N;s:11:\"descripcion\";s:26:\"Contrafrente ciego 600x600\";s:8:\"cantidad\";i:1;s:17:\"cantidadReservada\";i:0;s:6:\"precio\";d:399.02999999999997;s:6:\"activo\";b:1;s:5:\"rubro\";a:1:{s:2:\"id\";i:6;}}','coordinador'),(1447,'update','2014-12-17 10:53:21','1014','Sistema\\STOCKBundle\\Entity\\Articulo',2,'a:1:{s:6:\"codigo\";i:1014;}','coordinador'),(1448,'update','2014-12-17 11:04:22','714','Sistema\\STOCKBundle\\Entity\\Articulo',5,'a:1:{s:8:\"cantidad\";i:5;}','coordinador'),(1449,'update','2014-12-17 11:04:49','832','Sistema\\STOCKBundle\\Entity\\Articulo',2,'a:1:{s:8:\"cantidad\";i:10;}','coordinador'),(1450,'update','2014-12-17 11:05:23','627','Sistema\\STOCKBundle\\Entity\\Articulo',6,'a:1:{s:8:\"cantidad\";i:237;}','coordinador'),(1451,'update','2014-12-17 11:05:56','64','Sistema\\STOCKBundle\\Entity\\Articulo',1,'a:1:{s:6:\"precio\";s:4:\"4.28\";}','coordinador'),(1452,'update','2014-12-17 11:06:03','64','Sistema\\STOCKBundle\\Entity\\Articulo',2,'a:1:{s:8:\"cantidad\";i:8;}','coordinador'),(1453,'update','2014-12-17 11:06:28','157','Sistema\\STOCKBundle\\Entity\\Articulo',6,'a:1:{s:8:\"cantidad\";i:8;}','coordinador'),(1454,'update','2014-12-17 11:11:04','836','Sistema\\STOCKBundle\\Entity\\Articulo',12,'a:1:{s:8:\"cantidad\";i:36;}','coordinador'),(1455,'update','2014-12-17 11:12:39','735','Sistema\\STOCKBundle\\Entity\\Articulo',9,'a:1:{s:8:\"cantidad\";i:105;}','coordinador'),(1456,'create','2014-12-17 11:53:39','1015','Sistema\\STOCKBundle\\Entity\\Articulo',1,'a:7:{s:6:\"codigo\";N;s:11:\"descripcion\";s:17:\"Electronico 1x36W\";s:8:\"cantidad\";i:2;s:17:\"cantidadReservada\";i:0;s:6:\"precio\";d:121;s:6:\"activo\";b:1;s:5:\"rubro\";a:1:{s:2:\"id\";i:11;}}','coordinador'),(1457,'update','2014-12-17 11:53:39','1015','Sistema\\STOCKBundle\\Entity\\Articulo',2,'a:1:{s:6:\"codigo\";i:1015;}','coordinador'),(1458,'update','2014-12-17 11:54:16','870','Sistema\\STOCKBundle\\Entity\\Articulo',4,'a:1:{s:8:\"cantidad\";i:4;}','coordinador'),(1459,'update','2014-12-18 08:18:26','546','Sistema\\STOCKBundle\\Entity\\Articulo',2,'a:1:{s:8:\"cantidad\";i:14;}','coordinador'),(1460,'update','2014-12-18 08:18:39','552','Sistema\\STOCKBundle\\Entity\\Articulo',2,'a:1:{s:8:\"cantidad\";i:8;}','coordinador'),(1461,'update','2014-12-18 08:18:46','700','Sistema\\STOCKBundle\\Entity\\Articulo',2,'a:1:{s:8:\"cantidad\";i:5;}','coordinador'),(1462,'update','2014-12-18 08:18:54','534','Sistema\\STOCKBundle\\Entity\\Articulo',3,'a:1:{s:8:\"cantidad\";i:11;}','coordinador'),(1463,'update','2014-12-18 08:20:43','759','Sistema\\STOCKBundle\\Entity\\Articulo',3,'a:1:{s:8:\"cantidad\";i:28;}','coordinador'),(1464,'create','2014-12-18 08:22:03','1016','Sistema\\STOCKBundle\\Entity\\Articulo',1,'a:7:{s:6:\"codigo\";N;s:11:\"descripcion\";s:16:\"Tif 10mm naranja\";s:8:\"cantidad\";i:18;s:17:\"cantidadReservada\";i:0;s:6:\"precio\";d:0.79000000000000004;s:6:\"activo\";b:1;s:5:\"rubro\";a:1:{s:2:\"id\";i:6;}}','coordinador'),(1465,'update','2014-12-18 08:22:03','1016','Sistema\\STOCKBundle\\Entity\\Articulo',2,'a:1:{s:6:\"codigo\";i:1016;}','coordinador'),(1466,'create','2014-12-18 08:46:16','1017','Sistema\\STOCKBundle\\Entity\\Articulo',1,'a:7:{s:6:\"codigo\";N;s:11:\"descripcion\";s:13:\"De union 10mm\";s:8:\"cantidad\";i:6;s:17:\"cantidadReservada\";i:0;s:6:\"precio\";d:4;s:6:\"activo\";b:1;s:5:\"rubro\";a:1:{s:2:\"id\";i:9;}}','coordinador'),(1467,'update','2014-12-18 08:46:16','1017','Sistema\\STOCKBundle\\Entity\\Articulo',2,'a:1:{s:6:\"codigo\";i:1017;}','coordinador'),(1468,'update','2014-12-18 08:47:04','879','Sistema\\STOCKBundle\\Entity\\Articulo',5,'a:2:{s:11:\"descripcion\";s:21:\"Autoperforante 1 1/2\"\";s:6:\"precio\";d:2;}','coordinador'),(1469,'update','2014-12-18 09:16:33','879','Sistema\\STOCKBundle\\Entity\\Articulo',6,'a:1:{s:8:\"cantidad\";i:38;}','coordinador'),(1470,'update','2014-12-18 09:17:20','757','Sistema\\STOCKBundle\\Entity\\Articulo',3,'a:1:{s:8:\"cantidad\";i:4;}','coordinador'),(1471,'update','2014-12-18 09:45:30','572','Sistema\\STOCKBundle\\Entity\\Articulo',3,'a:1:{s:8:\"cantidad\";i:11;}','coordinador'),(1472,'update','2014-12-19 07:50:23','757','Sistema\\STOCKBundle\\Entity\\Articulo',4,'a:1:{s:8:\"cantidad\";i:5;}','coordinador'),(1473,'update','2014-12-19 17:01:09','632','Sistema\\STOCKBundle\\Entity\\Articulo',4,'a:1:{s:6:\"activo\";b:0;}','coordinador'),(1474,'update','2014-12-20 11:06:48','843','Sistema\\STOCKBundle\\Entity\\Articulo',4,'a:1:{s:8:\"cantidad\";i:5;}','coordinador'),(1475,'update','2014-12-20 11:08:36','157','Sistema\\STOCKBundle\\Entity\\Articulo',7,'a:1:{s:6:\"precio\";s:6:\"176.99\";}','coordinador'),(1476,'update','2014-12-20 11:08:44','157','Sistema\\STOCKBundle\\Entity\\Articulo',8,'a:1:{s:8:\"cantidad\";i:9;}','coordinador'),(1477,'create','2015-01-08 08:52:14','1018','Sistema\\STOCKBundle\\Entity\\Articulo',1,'a:7:{s:6:\"codigo\";N;s:11:\"descripcion\";s:19:\"Sica 9A bovina 220V\";s:8:\"cantidad\";i:1;s:17:\"cantidadReservada\";i:0;s:6:\"precio\";d:229.94;s:6:\"activo\";b:1;s:5:\"rubro\";a:1:{s:2:\"id\";i:6;}}','coordinador'),(1478,'update','2015-01-08 08:52:14','1018','Sistema\\STOCKBundle\\Entity\\Articulo',2,'a:1:{s:6:\"codigo\";i:1018;}','coordinador'),(1479,'update','2015-01-08 15:44:57','951','Sistema\\STOCKBundle\\Entity\\Articulo',3,'a:1:{s:6:\"precio\";s:7:\"2483.58\";}','coordinador'),(1480,'update','2015-01-08 15:45:38','952','Sistema\\STOCKBundle\\Entity\\Articulo',3,'a:1:{s:6:\"precio\";s:7:\"1922.83\";}','coordinador'),(1481,'create','2015-01-08 15:52:38','1019','Sistema\\STOCKBundle\\Entity\\Articulo',1,'a:7:{s:6:\"codigo\";N;s:11:\"descripcion\";s:15:\"Tetrapolar 110A\";s:8:\"cantidad\";i:1;s:17:\"cantidadReservada\";i:0;s:6:\"precio\";d:978.70000000000005;s:6:\"activo\";b:1;s:5:\"rubro\";a:1:{s:2:\"id\";i:6;}}','coordinador'),(1482,'update','2015-01-08 15:52:38','1019','Sistema\\STOCKBundle\\Entity\\Articulo',2,'a:1:{s:6:\"codigo\";i:1019;}','coordinador'),(1483,'create','2015-01-08 15:54:39','1020','Sistema\\STOCKBundle\\Entity\\Articulo',1,'a:7:{s:6:\"codigo\";N;s:11:\"descripcion\";s:13:\"Terminal 25mm\";s:8:\"cantidad\";i:4;s:17:\"cantidadReservada\";i:0;s:6:\"precio\";d:10.99;s:6:\"activo\";b:1;s:5:\"rubro\";a:1:{s:2:\"id\";i:6;}}','coordinador'),(1484,'update','2015-01-08 15:54:39','1020','Sistema\\STOCKBundle\\Entity\\Articulo',2,'a:1:{s:6:\"codigo\";i:1020;}','coordinador'),(1485,'update','2015-01-08 15:55:07','634','Sistema\\STOCKBundle\\Entity\\Articulo',3,'a:1:{s:8:\"cantidad\";i:5;}','coordinador'),(1486,'update','2015-01-08 15:57:40','450','Sistema\\STOCKBundle\\Entity\\Articulo',1,'a:1:{s:8:\"cantidad\";i:8;}','coordinador'),(1487,'update','2015-01-08 15:58:50','138','Sistema\\STOCKBundle\\Entity\\Articulo',3,'a:1:{s:8:\"cantidad\";i:12;}','coordinador'),(1488,'update','2015-01-08 15:59:51','905','Sistema\\STOCKBundle\\Entity\\Articulo',7,'a:1:{s:8:\"cantidad\";i:15;}','coordinador'),(1489,'create','2015-01-08 16:01:21','1021','Sistema\\STOCKBundle\\Entity\\Articulo',1,'a:7:{s:6:\"codigo\";N;s:11:\"descripcion\";s:20:\"1 punto JBO completa\";s:8:\"cantidad\";i:10;s:17:\"cantidadReservada\";i:0;s:6:\"precio\";d:21.800000000000001;s:6:\"activo\";b:1;s:5:\"rubro\";a:1:{s:2:\"id\";i:15;}}','coordinador'),(1490,'update','2015-01-08 16:01:21','1021','Sistema\\STOCKBundle\\Entity\\Articulo',2,'a:1:{s:6:\"codigo\";i:1021;}','coordinador'),(1491,'update','2015-01-08 16:02:15','906','Sistema\\STOCKBundle\\Entity\\Articulo',5,'a:1:{s:8:\"cantidad\";i:7;}','coordinador'),(1492,'update','2015-01-08 16:07:16','999','Sistema\\STOCKBundle\\Entity\\Articulo',3,'a:1:{s:8:\"cantidad\";i:96;}','coordinador'),(1493,'update','2015-01-08 16:07:24','907','Sistema\\STOCKBundle\\Entity\\Articulo',5,'a:1:{s:8:\"cantidad\";i:74;}','coordinador'),(1494,'update','2015-01-08 16:07:41','558','Sistema\\STOCKBundle\\Entity\\Articulo',6,'a:1:{s:8:\"cantidad\";i:538;}','coordinador'),(1495,'update','2015-01-08 16:08:00','559','Sistema\\STOCKBundle\\Entity\\Articulo',7,'a:1:{s:8:\"cantidad\";d:218;}','coordinador'),(1496,'update','2015-01-08 17:08:19','892','Sistema\\STOCKBundle\\Entity\\Articulo',5,'a:1:{s:8:\"cantidad\";i:208;}','coordinador'),(1497,'update','2015-01-08 17:08:28','590','Sistema\\STOCKBundle\\Entity\\Articulo',9,'a:1:{s:8:\"cantidad\";i:273;}','coordinador'),(1498,'update','2015-01-08 17:08:46','590','Sistema\\STOCKBundle\\Entity\\Articulo',10,'a:1:{s:8:\"cantidad\";i:373;}','coordinador'),(1499,'update','2015-01-08 17:08:56','538','Sistema\\STOCKBundle\\Entity\\Articulo',11,'a:1:{s:8:\"cantidad\";i:880;}','coordinador'),(1500,'update','2015-01-08 17:09:14','538','Sistema\\STOCKBundle\\Entity\\Articulo',12,'a:1:{s:8:\"cantidad\";i:940;}','coordinador'),(1501,'update','2015-01-08 17:13:44','138','Sistema\\STOCKBundle\\Entity\\Articulo',4,'a:1:{s:8:\"cantidad\";i:15;}','coordinador'),(1502,'update','2015-01-08 17:22:35','63','Sistema\\STOCKBundle\\Entity\\Articulo',2,'a:1:{s:6:\"precio\";s:5:\"47.25\";}','coordinador'),(1503,'update','2015-01-08 17:22:59','620','Sistema\\STOCKBundle\\Entity\\Articulo',1,'a:1:{s:6:\"precio\";s:5:\"47.54\";}','coordinador'),(1504,'update','2015-01-08 17:34:57','63','Sistema\\STOCKBundle\\Entity\\Articulo',3,'a:1:{s:8:\"cantidad\";i:9;}','coordinador'),(1505,'update','2015-01-08 17:35:28','51','Sistema\\STOCKBundle\\Entity\\Articulo',1,'a:1:{s:6:\"precio\";s:4:\"8.49\";}','coordinador'),(1506,'update','2015-01-08 17:35:39','51','Sistema\\STOCKBundle\\Entity\\Articulo',2,'a:1:{s:8:\"cantidad\";i:7;}','coordinador'),(1507,'update','2015-01-08 17:36:00','1019','Sistema\\STOCKBundle\\Entity\\Articulo',3,'a:1:{s:8:\"cantidad\";i:2;}','coordinador'),(1508,'update','2015-01-08 17:37:43','1020','Sistema\\STOCKBundle\\Entity\\Articulo',3,'a:1:{s:8:\"cantidad\";i:8;}','coordinador'),(1509,'update','2015-01-08 17:39:56','634','Sistema\\STOCKBundle\\Entity\\Articulo',4,'a:1:{s:8:\"cantidad\";i:6;}','coordinador'),(1510,'update','2015-01-08 17:41:31','608','Sistema\\STOCKBundle\\Entity\\Articulo',3,'a:1:{s:8:\"cantidad\";i:4;}','coordinador'),(1511,'update','2015-01-08 17:43:04','968','Sistema\\STOCKBundle\\Entity\\Articulo',9,'a:1:{s:8:\"cantidad\";i:8;}','coordinador'),(1512,'update','2015-01-08 17:44:42','841','Sistema\\STOCKBundle\\Entity\\Articulo',2,'a:1:{s:8:\"cantidad\";i:1;}','coordinador'),(1513,'update','2015-01-08 17:49:47','575','Sistema\\STOCKBundle\\Entity\\Articulo',8,'a:1:{s:8:\"cantidad\";i:13;}','coordinador'),(1514,'update','2015-01-08 17:51:45','576','Sistema\\STOCKBundle\\Entity\\Articulo',4,'a:1:{s:8:\"cantidad\";i:21;}','coordinador'),(1515,'update','2015-01-08 17:55:11','284','Sistema\\STOCKBundle\\Entity\\Articulo',5,'a:1:{s:8:\"cantidad\";i:5;}','coordinador'),(1516,'update','2015-01-08 17:57:03','752','Sistema\\STOCKBundle\\Entity\\Articulo',2,'a:1:{s:8:\"cantidad\";i:36;}','coordinador'),(1517,'update','2015-01-08 17:58:50','749','Sistema\\STOCKBundle\\Entity\\Articulo',2,'a:1:{s:8:\"cantidad\";i:42;}','coordinador'),(1518,'update','2015-01-08 18:01:10','1012','Sistema\\STOCKBundle\\Entity\\Articulo',3,'a:1:{s:8:\"cantidad\";i:70;}','coordinador'),(1519,'update','2015-01-08 18:02:06','721','Sistema\\STOCKBundle\\Entity\\Articulo',3,'a:1:{s:8:\"cantidad\";i:80;}','coordinador'),(1520,'update','2015-01-08 18:03:46','590','Sistema\\STOCKBundle\\Entity\\Articulo',11,'a:1:{s:8:\"cantidad\";i:433;}','coordinador'),(1521,'update','2015-01-08 18:04:06','533','Sistema\\STOCKBundle\\Entity\\Articulo',18,'a:1:{s:8:\"cantidad\";i:748;}','coordinador'),(1522,'update','2015-01-08 18:04:41','531','Sistema\\STOCKBundle\\Entity\\Articulo',2,'a:1:{s:8:\"cantidad\";i:755;}','coordinador'),(1523,'update','2015-01-08 18:05:00','544','Sistema\\STOCKBundle\\Entity\\Articulo',5,'a:1:{s:8:\"cantidad\";i:126;}','coordinador'),(1524,'update','2015-01-08 18:05:19','548','Sistema\\STOCKBundle\\Entity\\Articulo',6,'a:1:{s:8:\"cantidad\";i:461;}','coordinador'),(1525,'update','2015-01-08 18:05:29','641','Sistema\\STOCKBundle\\Entity\\Articulo',3,'a:1:{s:8:\"cantidad\";i:95;}','coordinador'),(1526,'update','2015-01-08 18:06:04','131','Sistema\\STOCKBundle\\Entity\\Articulo',1,'a:1:{s:8:\"cantidad\";i:83;}','coordinador'),(1527,'update','2015-01-08 18:06:24','136','Sistema\\STOCKBundle\\Entity\\Articulo',1,'a:1:{s:8:\"cantidad\";i:93;}','coordinador'),(1528,'update','2015-01-08 18:13:09','136','Sistema\\STOCKBundle\\Entity\\Articulo',2,'a:1:{s:6:\"precio\";s:6:\"026.49\";}','coordinador'),(1529,'update','2015-01-08 18:13:31','131','Sistema\\STOCKBundle\\Entity\\Articulo',2,'a:1:{s:6:\"precio\";s:5:\"20.01\";}','coordinador'),(1530,'update','2015-01-08 18:16:39','949','Sistema\\STOCKBundle\\Entity\\Articulo',3,'a:1:{s:6:\"precio\";s:6:\"279.30\";}','coordinador'),(1531,'update','2015-01-08 18:19:34','947','Sistema\\STOCKBundle\\Entity\\Articulo',3,'a:1:{s:6:\"precio\";s:5:\"94.75\";}','coordinador'),(1532,'update','2015-01-08 18:20:25','931','Sistema\\STOCKBundle\\Entity\\Articulo',6,'a:1:{s:8:\"cantidad\";i:8;}','coordinador'),(1533,'update','2015-01-08 18:20:51','931','Sistema\\STOCKBundle\\Entity\\Articulo',7,'a:1:{s:6:\"precio\";s:10:\"78.37*1.21\";}','coordinador'),(1534,'update','2015-01-08 18:21:06','931','Sistema\\STOCKBundle\\Entity\\Articulo',8,'a:1:{s:6:\"precio\";s:5:\"94.82\";}','coordinador'),(1535,'update','2015-01-08 18:21:50','948','Sistema\\STOCKBundle\\Entity\\Articulo',3,'a:1:{s:6:\"precio\";s:5:\"44.74\";}','coordinador'),(1536,'update','2015-01-08 18:24:06','661','Sistema\\STOCKBundle\\Entity\\Articulo',3,'a:1:{s:6:\"precio\";s:5:\"11.58\";}','coordinador'),(1537,'update','2015-01-09 15:59:30','533','Sistema\\STOCKBundle\\Entity\\Articulo',19,'a:1:{s:8:\"cantidad\";i:798;}','coordinador'),(1538,'update','2015-01-09 16:03:02','882','Sistema\\STOCKBundle\\Entity\\Articulo',5,'a:1:{s:8:\"cantidad\";i:5;}','coordinador'),(1539,'update','2015-01-09 16:04:20','718','Sistema\\STOCKBundle\\Entity\\Articulo',4,'a:1:{s:8:\"cantidad\";i:26;}','coordinador'),(1540,'create','2015-01-09 16:10:56','1022','Sistema\\STOCKBundle\\Entity\\Articulo',1,'a:7:{s:6:\"codigo\";N;s:11:\"descripcion\";s:13:\"Para unicanal\";s:8:\"cantidad\";i:36;s:17:\"cantidadReservada\";i:0;s:6:\"precio\";d:0;s:6:\"activo\";b:1;s:5:\"rubro\";a:1:{s:2:\"id\";i:18;}}','coordinador'),(1541,'update','2015-01-09 16:10:56','1022','Sistema\\STOCKBundle\\Entity\\Articulo',2,'a:1:{s:6:\"codigo\";i:1022;}','coordinador'),(1542,'create','2015-01-09 16:17:27','1023','Sistema\\STOCKBundle\\Entity\\Articulo',1,'a:7:{s:6:\"codigo\";N;s:11:\"descripcion\";s:26:\"Metalico estanco p/6 polos\";s:8:\"cantidad\";i:5;s:17:\"cantidadReservada\";i:0;s:6:\"precio\";d:0;s:6:\"activo\";b:1;s:5:\"rubro\";a:1:{s:2:\"id\";i:6;}}','coordinador'),(1543,'update','2015-01-09 16:17:27','1023','Sistema\\STOCKBundle\\Entity\\Articulo',2,'a:1:{s:6:\"codigo\";i:1023;}','coordinador'),(1544,'update','2015-01-09 16:21:52','969','Sistema\\STOCKBundle\\Entity\\Articulo',7,'a:1:{s:8:\"cantidad\";i:9;}','coordinador'),(1545,'update','2015-01-09 16:22:35','575','Sistema\\STOCKBundle\\Entity\\Articulo',9,'a:1:{s:11:\"descripcion\";s:31:\"Schneider Termomagnetico 2x25A*\";}','coordinador'),(1546,'update','2015-01-09 16:23:05','575','Sistema\\STOCKBundle\\Entity\\Articulo',10,'a:1:{s:8:\"cantidad\";i:18;}','coordinador'),(1547,'update','2015-01-09 16:23:39','611','Sistema\\STOCKBundle\\Entity\\Articulo',12,'a:1:{s:8:\"cantidad\";i:488;}','coordinador'),(1548,'update','2015-01-09 16:24:06','613','Sistema\\STOCKBundle\\Entity\\Articulo',8,'a:1:{s:8:\"cantidad\";i:466;}','coordinador'),(1549,'update','2015-01-09 16:24:30','945','Sistema\\STOCKBundle\\Entity\\Articulo',6,'a:1:{s:8:\"cantidad\";i:67;}','coordinador'),(1550,'create','2015-01-09 16:27:05','1024','Sistema\\STOCKBundle\\Entity\\Articulo',1,'a:7:{s:6:\"codigo\";N;s:11:\"descripcion\";s:27:\"Bastidor p/ unicanal 100x50\";s:8:\"cantidad\";i:30;s:17:\"cantidadReservada\";i:0;s:6:\"precio\";d:0;s:6:\"activo\";b:1;s:5:\"rubro\";a:1:{s:2:\"id\";i:18;}}','coordinador'),(1551,'update','2015-01-09 16:27:05','1024','Sistema\\STOCKBundle\\Entity\\Articulo',2,'a:1:{s:6:\"codigo\";i:1024;}','coordinador'),(1552,'update','2015-01-09 16:27:37','892','Sistema\\STOCKBundle\\Entity\\Articulo',6,'a:1:{s:8:\"cantidad\";i:458;}','coordinador'),(1553,'update','2015-01-09 16:27:49','543','Sistema\\STOCKBundle\\Entity\\Articulo',5,'a:1:{s:8:\"cantidad\";i:643;}','coordinador'),(1554,'update','2015-01-09 16:27:58','538','Sistema\\STOCKBundle\\Entity\\Articulo',13,'a:1:{s:8:\"cantidad\";i:990;}','coordinador'),(1555,'update','2015-01-09 16:28:13','590','Sistema\\STOCKBundle\\Entity\\Articulo',12,'a:1:{s:8:\"cantidad\";i:483;}','coordinador'),(1556,'update','2015-01-09 16:28:23','533','Sistema\\STOCKBundle\\Entity\\Articulo',20,'a:1:{s:8:\"cantidad\";i:848;}','coordinador'),(1557,'update','2015-01-09 16:28:52','666','Sistema\\STOCKBundle\\Entity\\Articulo',20,'a:1:{s:8:\"cantidad\";i:108;}','coordinador'),(1558,'update','2015-01-09 16:29:13','115','Sistema\\STOCKBundle\\Entity\\Articulo',15,'a:1:{s:8:\"cantidad\";i:87;}','coordinador'),(1559,'update','2015-01-09 16:30:33','834','Sistema\\STOCKBundle\\Entity\\Articulo',2,'a:1:{s:8:\"cantidad\";i:4;}','coordinador'),(1560,'update','2015-01-09 16:32:43','322','Sistema\\STOCKBundle\\Entity\\Articulo',23,'a:1:{s:8:\"cantidad\";i:344;}','coordinador'),(1561,'update','2015-01-09 16:33:37','284','Sistema\\STOCKBundle\\Entity\\Articulo',6,'a:1:{s:8:\"cantidad\";i:25;}','coordinador'),(1562,'update','2015-01-09 16:36:44','834','Sistema\\STOCKBundle\\Entity\\Articulo',3,'a:1:{s:8:\"cantidad\";i:7;}','coordinador'),(1563,'update','2015-01-09 16:37:09','114','Sistema\\STOCKBundle\\Entity\\Articulo',7,'a:1:{s:8:\"cantidad\";i:181;}','coordinador'),(1564,'update','2015-01-09 16:37:37','322','Sistema\\STOCKBundle\\Entity\\Articulo',24,'a:1:{s:8:\"cantidad\";i:350;}','coordinador'),(1565,'update','2015-01-09 16:37:57','666','Sistema\\STOCKBundle\\Entity\\Articulo',21,'a:1:{s:8:\"cantidad\";i:109;}','coordinador'),(1566,'update','2015-01-09 16:38:19','115','Sistema\\STOCKBundle\\Entity\\Articulo',16,'a:1:{s:8:\"cantidad\";i:90;}','coordinador'),(1567,'update','2015-01-09 16:47:02','25','Sistema\\STOCKBundle\\Entity\\Articulo',1,'a:1:{s:8:\"cantidad\";i:3;}','coordinador'),(1568,'update','2015-01-09 16:52:30','1024','Sistema\\STOCKBundle\\Entity\\Articulo',3,'a:1:{s:6:\"activo\";b:0;}','coordinador'),(1569,'update','2015-01-09 16:54:09','402','Sistema\\STOCKBundle\\Entity\\Articulo',4,'a:1:{s:8:\"cantidad\";i:38;}','coordinador'),(1570,'create','2015-01-09 16:55:06','1025','Sistema\\STOCKBundle\\Entity\\Articulo',1,'a:7:{s:6:\"codigo\";N;s:11:\"descripcion\";s:27:\"Terminal p/ unicanal 100x50\";s:8:\"cantidad\";i:4;s:17:\"cantidadReservada\";i:0;s:6:\"precio\";d:0;s:6:\"activo\";b:1;s:5:\"rubro\";a:1:{s:2:\"id\";i:18;}}','coordinador'),(1571,'update','2015-01-09 16:55:06','1025','Sistema\\STOCKBundle\\Entity\\Articulo',2,'a:1:{s:6:\"codigo\";i:1025;}','coordinador'),(1572,'create','2015-01-09 16:58:48','1026','Sistema\\STOCKBundle\\Entity\\Articulo',1,'a:7:{s:6:\"codigo\";N;s:11:\"descripcion\";s:24:\"Toma doble 10A JBO NEGRA\";s:8:\"cantidad\";i:12;s:17:\"cantidadReservada\";i:0;s:6:\"precio\";d:32.630000000000003;s:6:\"activo\";b:1;s:5:\"rubro\";a:1:{s:2:\"id\";i:15;}}','coordinador'),(1573,'update','2015-01-09 16:58:48','1026','Sistema\\STOCKBundle\\Entity\\Articulo',2,'a:1:{s:6:\"codigo\";i:1026;}','coordinador'),(1574,'update','2015-01-09 17:02:14','251','Sistema\\STOCKBundle\\Entity\\Articulo',3,'a:1:{s:8:\"cantidad\";i:13;}','coordinador'),(1575,'update','2015-01-09 17:03:03','251','Sistema\\STOCKBundle\\Entity\\Articulo',4,'a:1:{s:8:\"cantidad\";i:19;}','coordinador'),(1576,'update','2015-01-09 17:04:28','402','Sistema\\STOCKBundle\\Entity\\Articulo',5,'a:1:{s:11:\"descripcion\";s:22:\"Bastidor para unicanal\";}','coordinador'),(1577,'update','2015-01-09 17:04:47','402','Sistema\\STOCKBundle\\Entity\\Articulo',6,'a:1:{s:8:\"cantidad\";i:46;}','coordinador'),(1578,'update','2015-01-09 17:05:13','678','Sistema\\STOCKBundle\\Entity\\Articulo',8,'a:1:{s:8:\"cantidad\";i:169;}','coordinador'),(1579,'update','2015-01-09 17:05:29','882','Sistema\\STOCKBundle\\Entity\\Articulo',6,'a:1:{s:8:\"cantidad\";i:26;}','coordinador'),(1580,'update','2015-01-09 17:06:29','611','Sistema\\STOCKBundle\\Entity\\Articulo',13,'a:1:{s:8:\"cantidad\";i:533;}','coordinador'),(1581,'update','2015-01-09 17:06:42','613','Sistema\\STOCKBundle\\Entity\\Articulo',9,'a:1:{s:8:\"cantidad\";i:511;}','coordinador'),(1582,'update','2015-01-09 18:38:12','23','Sistema\\STOCKBundle\\Entity\\Articulo',1,'a:1:{s:8:\"cantidad\";i:5;}','coordinador'),(1583,'update','2015-01-09 18:41:59','91','Sistema\\STOCKBundle\\Entity\\Articulo',2,'a:1:{s:8:\"cantidad\";i:60;}','coordinador'),(1584,'update','2015-01-09 18:42:38','1026','Sistema\\STOCKBundle\\Entity\\Articulo',3,'a:1:{s:8:\"cantidad\";i:15;}','coordinador'),(1585,'update','2015-01-09 18:43:05','251','Sistema\\STOCKBundle\\Entity\\Articulo',5,'a:1:{s:8:\"cantidad\";i:22;}','coordinador'),(1586,'update','2015-01-09 18:43:55','882','Sistema\\STOCKBundle\\Entity\\Articulo',7,'a:1:{s:8:\"cantidad\";i:31;}','coordinador'),(1587,'update','2015-01-09 18:44:18','1026','Sistema\\STOCKBundle\\Entity\\Articulo',4,'a:1:{s:8:\"cantidad\";i:19;}','coordinador'),(1588,'update','2015-01-09 18:44:41','402','Sistema\\STOCKBundle\\Entity\\Articulo',7,'a:1:{s:8:\"cantidad\";i:54;}','coordinador'),(1589,'update','2015-01-09 18:46:09','25','Sistema\\STOCKBundle\\Entity\\Articulo',2,'a:1:{s:8:\"cantidad\";i:4;}','coordinador'),(1590,'update','2015-01-09 18:46:40','583','Sistema\\STOCKBundle\\Entity\\Articulo',4,'a:1:{s:8:\"cantidad\";i:17;}','coordinador'),(1591,'update','2015-01-09 18:47:03','882','Sistema\\STOCKBundle\\Entity\\Articulo',8,'a:1:{s:8:\"cantidad\";i:33;}','coordinador'),(1592,'update','2015-01-09 18:47:26','1025','Sistema\\STOCKBundle\\Entity\\Articulo',3,'a:1:{s:8:\"cantidad\";i:6;}','coordinador'),(1593,'update','2015-01-09 18:52:37','611','Sistema\\STOCKBundle\\Entity\\Articulo',14,'a:1:{s:8:\"cantidad\";i:563;}','coordinador'),(1594,'update','2015-01-10 08:56:37','882','Sistema\\STOCKBundle\\Entity\\Articulo',9,'a:1:{s:8:\"cantidad\";i:38;}','coordinador'),(1595,'update','2015-01-10 08:57:23','402','Sistema\\STOCKBundle\\Entity\\Articulo',8,'a:1:{s:8:\"cantidad\";i:66;}','coordinador'),(1596,'update','2015-01-10 08:59:35','558','Sistema\\STOCKBundle\\Entity\\Articulo',7,'a:1:{s:8:\"cantidad\";i:553;}','coordinador'),(1597,'update','2015-01-10 08:59:58','953','Sistema\\STOCKBundle\\Entity\\Articulo',6,'a:1:{s:8:\"cantidad\";i:11;}','coordinador'),(1598,'update','2015-01-10 09:00:16','1026','Sistema\\STOCKBundle\\Entity\\Articulo',5,'a:1:{s:8:\"cantidad\";i:21;}','coordinador'),(1599,'update','2015-01-10 09:00:53','861','Sistema\\STOCKBundle\\Entity\\Articulo',10,'a:1:{s:8:\"cantidad\";i:52;}','coordinador'),(1600,'update','2015-01-10 09:01:22','402','Sistema\\STOCKBundle\\Entity\\Articulo',9,'a:1:{s:8:\"cantidad\";i:68;}','coordinador'),(1601,'update','2015-01-10 09:01:59','558','Sistema\\STOCKBundle\\Entity\\Articulo',8,'a:1:{s:8:\"cantidad\";i:569;}','coordinador'),(1602,'update','2015-01-10 09:02:25','882','Sistema\\STOCKBundle\\Entity\\Articulo',10,'a:1:{s:8:\"cantidad\";i:40;}','coordinador'),(1603,'update','2015-01-10 09:03:13','137','Sistema\\STOCKBundle\\Entity\\Articulo',5,'a:1:{s:8:\"cantidad\";i:97;}','coordinador'),(1604,'update','2015-01-10 09:09:48','836','Sistema\\STOCKBundle\\Entity\\Articulo',13,'a:1:{s:8:\"cantidad\";i:38;}','coordinador'),(1605,'update','2015-01-10 09:10:25','538','Sistema\\STOCKBundle\\Entity\\Articulo',14,'a:1:{s:8:\"cantidad\";i:999;}','coordinador'),(1606,'update','2015-01-10 09:10:31','590','Sistema\\STOCKBundle\\Entity\\Articulo',13,'a:1:{s:8:\"cantidad\";i:492;}','coordinador'),(1607,'update','2015-01-10 09:10:47','322','Sistema\\STOCKBundle\\Entity\\Articulo',25,'a:1:{s:8:\"cantidad\";i:354;}','coordinador'),(1608,'update','2015-01-10 09:11:25','969','Sistema\\STOCKBundle\\Entity\\Articulo',8,'a:1:{s:8:\"cantidad\";i:10;}','coordinador'),(1609,'update','2015-01-10 09:12:00','882','Sistema\\STOCKBundle\\Entity\\Articulo',11,'a:1:{s:8:\"cantidad\";i:41;}','coordinador'),(1610,'update','2015-01-10 09:12:45','558','Sistema\\STOCKBundle\\Entity\\Articulo',9,'a:1:{s:8:\"cantidad\";i:585;}','coordinador'),(1611,'update','2015-01-10 09:13:33','953','Sistema\\STOCKBundle\\Entity\\Articulo',7,'a:1:{s:8:\"cantidad\";i:13;}','coordinador'),(1612,'update','2015-01-10 09:14:08','75','Sistema\\STOCKBundle\\Entity\\Articulo',10,'a:1:{s:8:\"cantidad\";i:132;}','coordinador'),(1613,'update','2015-01-10 09:14:18','78','Sistema\\STOCKBundle\\Entity\\Articulo',9,'a:1:{s:8:\"cantidad\";i:207;}','coordinador'),(1614,'create','2015-01-10 09:28:15','1027','Sistema\\STOCKBundle\\Entity\\Articulo',1,'a:7:{s:6:\"codigo\";N;s:11:\"descripcion\";s:28:\"Interno para unicanal 100x50\";s:8:\"cantidad\";i:6;s:17:\"cantidadReservada\";i:0;s:6:\"precio\";d:0;s:6:\"activo\";b:1;s:5:\"rubro\";a:1:{s:2:\"id\";i:18;}}','coordinador'),(1615,'update','2015-01-10 09:28:15','1027','Sistema\\STOCKBundle\\Entity\\Articulo',2,'a:1:{s:6:\"codigo\";i:1027;}','coordinador'),(1616,'create','2015-01-10 09:29:57','1028','Sistema\\STOCKBundle\\Entity\\Articulo',1,'a:7:{s:6:\"codigo\";N;s:11:\"descripcion\";s:28:\"Externo Para unicanal 100x50\";s:8:\"cantidad\";i:3;s:17:\"cantidadReservada\";i:0;s:6:\"precio\";d:0;s:6:\"activo\";b:1;s:5:\"rubro\";a:1:{s:2:\"id\";i:3;}}','coordinador'),(1617,'update','2015-01-10 09:29:57','1028','Sistema\\STOCKBundle\\Entity\\Articulo',2,'a:1:{s:6:\"codigo\";i:1028;}','coordinador'),(1618,'update','2015-01-10 09:30:44','75','Sistema\\STOCKBundle\\Entity\\Articulo',11,'a:1:{s:8:\"cantidad\";i:138;}','coordinador'),(1619,'update','2015-01-10 09:31:48','613','Sistema\\STOCKBundle\\Entity\\Articulo',10,'a:1:{s:8:\"cantidad\";i:531;}','coordinador'),(1620,'update','2015-01-10 09:32:33','750','Sistema\\STOCKBundle\\Entity\\Articulo',5,'a:1:{s:8:\"cantidad\";i:150;}','coordinador'),(1621,'update','2015-01-10 09:32:50','541','Sistema\\STOCKBundle\\Entity\\Articulo',7,'a:1:{s:8:\"cantidad\";i:495;}','coordinador'),(1622,'update','2015-01-10 09:33:36','858','Sistema\\STOCKBundle\\Entity\\Articulo',1,'a:1:{s:6:\"precio\";s:4:\"2.00\";}','coordinador'),(1623,'update','2015-01-10 09:33:43','858','Sistema\\STOCKBundle\\Entity\\Articulo',2,'a:1:{s:8:\"cantidad\";i:70;}','coordinador'),(1624,'update','2015-01-10 09:34:10','1022','Sistema\\STOCKBundle\\Entity\\Articulo',3,'a:1:{s:8:\"cantidad\";i:40;}','coordinador'),(1625,'update','2015-01-10 09:34:44','533','Sistema\\STOCKBundle\\Entity\\Articulo',21,'a:1:{s:8:\"cantidad\";i:868;}','coordinador'),(1626,'update','2015-01-10 09:35:10','882','Sistema\\STOCKBundle\\Entity\\Articulo',12,'a:1:{s:8:\"cantidad\";i:43;}','coordinador'),(1627,'update','2015-01-10 09:35:54','322','Sistema\\STOCKBundle\\Entity\\Articulo',26,'a:1:{s:8:\"cantidad\";i:358;}','coordinador'),(1628,'update','2015-01-10 09:36:38','78','Sistema\\STOCKBundle\\Entity\\Articulo',10,'a:1:{s:8:\"cantidad\";i:213;}','coordinador'),(1629,'update','2015-01-10 09:36:58','611','Sistema\\STOCKBundle\\Entity\\Articulo',15,'a:1:{s:8:\"cantidad\";i:586;}','coordinador'),(1630,'update','2015-01-10 09:37:11','945','Sistema\\STOCKBundle\\Entity\\Articulo',7,'a:1:{s:8:\"cantidad\";i:90;}','coordinador'),(1631,'update','2015-01-10 09:38:06','402','Sistema\\STOCKBundle\\Entity\\Articulo',10,'a:1:{s:8:\"cantidad\";i:72;}','coordinador'),(1632,'update','2015-01-10 09:38:32','558','Sistema\\STOCKBundle\\Entity\\Articulo',10,'a:1:{s:8:\"cantidad\";i:602;}','coordinador'),(1633,'update','2015-01-10 09:39:20','982','Sistema\\STOCKBundle\\Entity\\Articulo',3,'a:2:{s:11:\"descripcion\";s:35:\"Estanco 300x200x100 c/ contrafrente\";s:8:\"cantidad\";i:2;}','coordinador'),(1634,'update','2015-01-10 09:40:07','858','Sistema\\STOCKBundle\\Entity\\Articulo',3,'a:1:{s:8:\"cantidad\";i:85;}','coordinador'),(1635,'update','2015-01-10 09:40:33','882','Sistema\\STOCKBundle\\Entity\\Articulo',13,'a:1:{s:8:\"cantidad\";i:44;}','coordinador'),(1636,'update','2015-01-10 09:41:06','543','Sistema\\STOCKBundle\\Entity\\Articulo',6,'a:1:{s:8:\"cantidad\";i:663;}','coordinador'),(1637,'update','2015-01-10 09:52:36','611','Sistema\\STOCKBundle\\Entity\\Articulo',16,'a:1:{s:8:\"cantidad\";i:786;}','coordinador'),(1638,'update','2015-01-10 09:53:17','945','Sistema\\STOCKBundle\\Entity\\Articulo',8,'a:1:{s:8:\"cantidad\";i:110;}','coordinador'),(1639,'update','2015-01-10 09:54:13','640','Sistema\\STOCKBundle\\Entity\\Articulo',9,'a:1:{s:8:\"cantidad\";i:50;}','coordinador'),(1640,'update','2015-01-10 09:54:47','1026','Sistema\\STOCKBundle\\Entity\\Articulo',6,'a:1:{s:8:\"cantidad\";i:72;}','coordinador'),(1641,'update','2015-01-10 09:55:19','558','Sistema\\STOCKBundle\\Entity\\Articulo',11,'a:1:{s:8:\"cantidad\";i:732;}','coordinador'),(1642,'update','2015-01-10 09:55:41','701','Sistema\\STOCKBundle\\Entity\\Articulo',4,'a:1:{s:8:\"cantidad\";i:600;}','coordinador'),(1643,'update','2015-01-10 09:56:18','861','Sistema\\STOCKBundle\\Entity\\Articulo',11,'a:1:{s:8:\"cantidad\";i:68;}','coordinador'),(1644,'update','2015-01-10 09:56:49','18','Sistema\\STOCKBundle\\Entity\\Articulo',12,'a:1:{s:8:\"cantidad\";i:123;}','coordinador'),(1645,'update','2015-01-10 09:57:10','323','Sistema\\STOCKBundle\\Entity\\Articulo',10,'a:1:{s:8:\"cantidad\";i:2306;}','coordinador'),(1646,'update','2015-01-10 09:57:25','322','Sistema\\STOCKBundle\\Entity\\Articulo',27,'a:1:{s:8:\"cantidad\";i:368;}','coordinador'),(1647,'update','2015-01-10 09:58:07','402','Sistema\\STOCKBundle\\Entity\\Articulo',11,'a:1:{s:8:\"cantidad\";i:116;}','coordinador'),(1648,'update','2015-01-10 09:58:33','882','Sistema\\STOCKBundle\\Entity\\Articulo',14,'a:1:{s:8:\"cantidad\";i:47;}','coordinador'),(1649,'update','2015-01-10 10:01:43','1025','Sistema\\STOCKBundle\\Entity\\Articulo',4,'a:2:{s:11:\"descripcion\";s:26:\"Extremo p/ unicanal 100x50\";s:8:\"cantidad\";i:29;}','coordinador'),(1650,'create','2015-01-10 10:03:10','1029','Sistema\\STOCKBundle\\Entity\\Articulo',1,'a:7:{s:6:\"codigo\";N;s:11:\"descripcion\";s:18:\"Estructural 100x50\";s:8:\"cantidad\";i:7;s:17:\"cantidadReservada\";i:0;s:6:\"precio\";d:0;s:6:\"activo\";b:1;s:5:\"rubro\";a:1:{s:2:\"id\";i:4;}}','coordinador'),(1651,'update','2015-01-10 10:03:10','1029','Sistema\\STOCKBundle\\Entity\\Articulo',2,'a:1:{s:6:\"codigo\";i:1029;}','coordinador'),(1652,'update','2015-01-10 10:03:35','858','Sistema\\STOCKBundle\\Entity\\Articulo',4,'a:1:{s:8:\"cantidad\";i:155;}','coordinador');
/*!40000 ALTER TABLE `ext_log_entries` ENABLE KEYS */;
UNLOCK TABLES;

--
-- Table structure for table `ext_translations`
--

DROP TABLE IF EXISTS `ext_translations`;
/*!40101 SET @saved_cs_client     = @@character_set_client */;
/*!40101 SET character_set_client = utf8 */;
CREATE TABLE `ext_translations` (
  `id` int(11) NOT NULL AUTO_INCREMENT,
  `locale` varchar(8) COLLATE utf8_unicode_ci NOT NULL,
  `object_class` varchar(255) COLLATE utf8_unicode_ci NOT NULL,
  `field` varchar(32) COLLATE utf8_unicode_ci NOT NULL,
  `foreign_key` varchar(64) COLLATE utf8_unicode_ci NOT NULL,
  `content` longtext COLLATE utf8_unicode_ci,
  PRIMARY KEY (`id`),
  UNIQUE KEY `lookup_unique_idx` (`locale`,`object_class`,`field`,`foreign_key`),
  KEY `translations_lookup_idx` (`locale`,`object_class`,`foreign_key`)
) ENGINE=InnoDB DEFAULT CHARSET=utf8 COLLATE=utf8_unicode_ci;
/*!40101 SET character_set_client = @saved_cs_client */;

--
-- Dumping data for table `ext_translations`
--

LOCK TABLES `ext_translations` WRITE;
/*!40000 ALTER TABLE `ext_translations` DISABLE KEYS */;
/*!40000 ALTER TABLE `ext_translations` ENABLE KEYS */;
UNLOCK TABLES;

--
-- Table structure for table `imagen_logo`
--

DROP TABLE IF EXISTS `imagen_logo`;
/*!40101 SET @saved_cs_client     = @@character_set_client */;
/*!40101 SET character_set_client = utf8 */;
CREATE TABLE `imagen_logo` (
  `id` int(11) NOT NULL AUTO_INCREMENT,
  `configuracion_id` int(11) DEFAULT NULL,
  `file_path` varchar(255) COLLATE utf8_unicode_ci DEFAULT NULL,
  PRIMARY KEY (`id`),
  UNIQUE KEY `UNIQ_61C8BAA9D18A8F98` (`configuracion_id`),
  CONSTRAINT `FK_61C8BAA9D18A8F98` FOREIGN KEY (`configuracion_id`) REFERENCES `Configuracion` (`id`)
) ENGINE=InnoDB DEFAULT CHARSET=utf8 COLLATE=utf8_unicode_ci;
/*!40101 SET character_set_client = @saved_cs_client */;

--
-- Dumping data for table `imagen_logo`
--

LOCK TABLES `imagen_logo` WRITE;
/*!40000 ALTER TABLE `imagen_logo` DISABLE KEYS */;
/*!40000 ALTER TABLE `imagen_logo` ENABLE KEYS */;
UNLOCK TABLES;

--
-- Table structure for table `persona`
--

DROP TABLE IF EXISTS `persona`;
/*!40101 SET @saved_cs_client     = @@character_set_client */;
/*!40101 SET character_set_client = utf8 */;
CREATE TABLE `persona` (
  `id` int(11) NOT NULL AUTO_INCREMENT,
  `created` datetime NOT NULL,
  `updated` datetime NOT NULL,
  `apellido` varchar(100) COLLATE utf8_unicode_ci DEFAULT NULL,
  `nombre` varchar(100) COLLATE utf8_unicode_ci DEFAULT NULL,
  `dni` varchar(20) COLLATE utf8_unicode_ci DEFAULT NULL,
  `cuitcuil` varchar(30) COLLATE utf8_unicode_ci DEFAULT NULL,
  `fechanacimiento` date DEFAULT NULL,
  `activo` tinyint(1) DEFAULT NULL,
  `discriminador` varchar(255) COLLATE utf8_unicode_ci NOT NULL,
  PRIMARY KEY (`id`)
) ENGINE=InnoDB AUTO_INCREMENT=153 DEFAULT CHARSET=utf8 COLLATE=utf8_unicode_ci;
/*!40101 SET character_set_client = @saved_cs_client */;

--
-- Dumping data for table `persona`
--

LOCK TABLES `persona` WRITE;
/*!40000 ALTER TABLE `persona` DISABLE KEYS */;
INSERT INTO `persona` VALUES (3,'2014-06-04 17:03:55','2014-06-04 17:03:55','AGUILAR','ELDO ARMANDO','06.305.805',NULL,NULL,1,'cliente'),(6,'2014-06-04 18:15:33','2014-06-04 18:15:33','ALABERT','MARIA ANTONIA','10.842.521',NULL,NULL,1,'cliente'),(7,'2014-06-04 18:16:24','2014-06-04 18:16:24','ACRILOK','SA',NULL,NULL,NULL,1,'cliente'),(11,'2014-06-06 16:14:38','2014-06-06 16:14:38','BRUZZO','GUSTAVO ADRIAN','26.212.252','20-26212252-3','1977-10-05',1,'empleado'),(12,'2014-06-06 16:18:21','2014-06-06 16:44:30','CABRERA','ESTEBAN ANDRES','30.873.612','20-30873612-2','1984-01-04',1,'empleado'),(13,'2014-06-06 16:21:11','2014-06-06 16:21:11','SOSA','ALEJANDRO DANIEL','31.255.445','20-31255445-4','1984-10-24',1,'empleado'),(14,'2014-06-06 16:24:49','2014-06-06 16:24:49','UMEREZ','DIEGO ALBERTO','34.830.569','20-34830569-8','1989-06-04',1,'empleado'),(15,'2014-06-06 16:26:04','2014-06-06 16:26:04','ROJAS','FERNANDO NICOLAS','38.120.855','24-38120855-5','1994-04-18',1,'empleado'),(16,'2014-06-06 16:32:46','2014-06-06 16:32:46','SANDOVAL','CLAUDIO OSCAR','31.616.008','20-31616008-6','1986-08-08',1,'empleado'),(17,'2014-06-06 16:34:42','2014-06-06 16:34:42','SANDOVAL','WALTER ARIEL','36.966.105','20-36966105-2','1992-01-01',1,'empleado'),(18,'2014-06-06 16:39:30','2014-06-06 16:39:30','SANDOVAL','MARCELO MARTIN','34.922.774','20-34922774-7','1989-10-31',1,'empleado'),(19,'2014-06-06 16:42:30','2014-06-06 16:42:30','REA','ZAIDA EVELINA','31.886.959','27-31886959-1','1986-02-03',1,'empleado'),(23,'2014-06-06 17:11:16','2014-06-06 17:11:16','MARTINEZ','EZEQUIEL',NULL,NULL,NULL,1,'cliente'),(24,'2014-06-06 17:12:47','2014-06-06 17:12:47','AMBROGGIO','ORLANDO FABIAN','16.551.685',NULL,NULL,1,'cliente'),(25,'2014-06-06 18:51:41','2014-06-06 18:52:19','perez','juan',NULL,NULL,NULL,0,'cliente'),(26,'2014-06-06 18:52:07','2014-06-06 18:52:39','asd','asd',NULL,NULL,NULL,0,'cliente'),(27,'2014-06-11 09:51:41','2014-06-11 09:51:41','CAHE SA',NULL,NULL,'30-70835026-1',NULL,1,'cliente'),(28,'2014-06-11 09:55:41','2014-06-11 10:24:54','CONSORCIO DE COPROPIETARIOS CALLE AMEGHINO 850',NULL,NULL,'30-67022405-4',NULL,1,'cliente'),(29,'2014-06-11 10:00:57','2014-06-11 10:00:57','CONSORCIO BARRIO PRIVADO LA CALIFORNIA',NULL,NULL,'30-70987657-7',NULL,1,'cliente'),(30,'2014-06-11 10:04:15','2014-06-11 10:25:47','CONSORCIO DE COPROPIETARIOS LAS HERAS APARTAMENTOS',NULL,NULL,'30-71147347-1',NULL,1,'cliente'),(31,'2014-06-11 10:05:40','2014-06-11 10:05:40','ECHEVERRIA','FELIPE',NULL,'20-24079293-2',NULL,1,'cliente'),(32,'2014-06-11 10:18:01','2014-06-11 10:18:01','EMPRENDIMIENTOS CONSTRUCTIVOS',NULL,NULL,'33-70787979-9',NULL,1,'cliente'),(33,'2014-06-11 10:22:16','2014-06-11 10:23:26','FEU','MARIA EUGENIA',NULL,'27-24079063-2',NULL,1,'cliente'),(34,'2014-06-11 10:39:18','2014-06-11 10:39:18','FIDEICOMISO LAS HERAS APARTAMENTOS',NULL,NULL,'30-70983867-5',NULL,1,'cliente'),(35,'2014-06-11 11:18:44','2014-06-11 11:18:44','GRUPO AGROS SA',NULL,NULL,NULL,NULL,1,'cliente'),(36,'2014-06-11 11:32:20','2014-06-11 11:32:20','GRUPO CREAR SRL',NULL,NULL,'30-70816862-5',NULL,1,'cliente'),(37,'2014-06-11 16:36:09','2014-06-11 16:36:09','CONSORCIO COPROPIETARIOS JUAN PABLO X',NULL,NULL,'33-71180625-9',NULL,1,'cliente'),(38,'2014-06-11 16:46:58','2014-06-11 16:49:01','FIGASPA SRL',NULL,NULL,'30-70969980-2',NULL,1,'cliente'),(39,'2014-06-11 17:07:07','2014-06-11 17:07:07','F/R/J ARQUITECTURA & DISEÑO SRL',NULL,NULL,'30-70961046-1',NULL,1,'cliente'),(40,'2014-06-11 17:12:06','2014-06-11 17:12:06','GAUNA','SERGIO OSCAR ANIBAL',NULL,'20-14869248-4',NULL,1,'cliente'),(41,'2014-06-11 17:14:18','2014-06-11 17:14:18','GUSOWSKI','CARLOS',NULL,'20-16590350-2',NULL,1,'cliente'),(42,'2014-06-11 17:22:54','2014-06-11 17:22:54','LISFE SA',NULL,NULL,'30-71203638-5',NULL,1,'cliente'),(43,'2014-06-11 18:10:29','2014-06-11 18:10:29','NORTH MOTORS SA',NULL,NULL,'30-70923328-5',NULL,1,'cliente'),(44,'2014-06-11 18:13:05','2014-06-11 18:13:05','PALERMO SRL',NULL,NULL,'30-71122183-9',NULL,1,'cliente'),(45,'2014-06-11 18:15:47','2014-06-11 18:15:47','RIBACK','ZELIG',NULL,'20-07520116-9',NULL,1,'cliente'),(46,'2014-06-11 18:23:28','2014-06-11 18:23:28','VESCONI','PEDRO',NULL,NULL,NULL,1,'cliente'),(47,'2014-06-11 18:57:23','2014-06-11 18:57:23','SERVICIOS INTEGRALES SRL',NULL,NULL,'30-70800055-4',NULL,1,'cliente'),(48,'2014-06-16 15:39:03','2014-06-16 15:39:03','ALEGRE','JAVIER',NULL,NULL,NULL,1,'cliente'),(49,'2014-06-16 15:39:52','2014-06-16 15:39:52','HERRERO','EDUARDO',NULL,NULL,NULL,1,'cliente'),(50,'2014-06-16 15:43:28','2014-06-16 15:48:36','DIAZ','JUAN',NULL,NULL,NULL,1,'cliente'),(51,'2014-06-18 11:40:43','2014-06-18 11:40:43','CASAÑAS','FLAVIO',NULL,'30-71199085-9',NULL,1,'cliente'),(52,'2014-06-23 10:02:54','2015-01-08 10:47:28','COLOMBO','ELEONORA',NULL,NULL,NULL,1,'cliente'),(53,'2014-06-25 10:38:26','2014-06-25 10:38:26','SHARPLOOK',NULL,NULL,'30-71061940-5',NULL,1,'cliente'),(54,'2014-06-25 16:09:04','2014-06-25 16:09:04','DON CAR SA',NULL,NULL,'30-61107043-4',NULL,1,'cliente'),(55,'2014-06-25 17:02:48','2014-06-25 17:02:48','ROFE','RICARDO',NULL,NULL,NULL,1,'cliente'),(56,'2014-06-27 09:32:56','2014-06-27 09:32:56','CARLINO','LUIS',NULL,NULL,NULL,1,'cliente'),(57,'2014-06-27 09:34:58','2014-06-27 09:34:58','VARGAS','IGNACIO',NULL,NULL,NULL,1,'cliente'),(58,'2014-06-27 09:36:50','2014-06-27 09:36:50',NULL,NULL,NULL,NULL,NULL,1,'cliente'),(59,'2014-06-27 18:50:58','2014-06-27 18:50:58','AYALA','JORGE VALERIO','22.600.470','20-22600470-0','1972-05-19',1,'empleado'),(60,'2014-06-27 19:07:26','2014-06-27 19:07:26','ZARDI','RODOLFO ANTONIO','39.168.597','20-39168597-6','1995-11-04',1,'empleado'),(61,'2014-06-30 10:48:56','2014-06-30 11:19:31',NULL,NULL,NULL,'30-71196781-4',NULL,1,'cliente'),(62,'2014-07-02 10:41:42','2014-07-02 10:41:42','ELENA','GUSTAVO',NULL,NULL,NULL,1,'cliente'),(63,'2014-07-04 11:02:11','2014-07-04 11:02:11','HEREDIA','LUCAS',NULL,'30-70835026-1',NULL,1,'cliente'),(64,'2014-07-07 08:40:54','2014-07-07 08:40:54','BOISSIERE','ALICIA',NULL,NULL,NULL,1,'cliente'),(65,'2014-07-07 10:54:35','2014-07-07 10:54:35','WALDEMAR',NULL,NULL,'20-14799823-7',NULL,1,'cliente'),(66,'2014-07-08 11:28:09','2014-07-08 11:28:09',NULL,NULL,NULL,'30-64345097-2',NULL,1,'cliente'),(67,'2014-07-08 13:56:53','2014-07-08 13:56:53','BACA','MARIANA',NULL,NULL,NULL,1,'cliente'),(68,'2014-07-08 13:59:14','2014-07-08 13:59:14','Registro del Automotor',NULL,NULL,NULL,NULL,1,'cliente'),(70,'2014-07-08 14:39:46','2014-07-08 14:39:46',NULL,NULL,NULL,'30-71057386-3',NULL,1,'cliente'),(71,'2014-07-10 09:19:15','2014-07-10 09:19:15','LLANO','NORMA ELISA',NULL,'27-04173439-1',NULL,1,'cliente'),(72,'2014-07-15 07:44:37','2014-07-15 07:44:37','BRUNACCI','CARLOS',NULL,NULL,NULL,1,'cliente'),(73,'2014-07-16 16:44:55','2014-07-16 16:44:55','GUARDIAN','ELECTRONICO',NULL,'30-70136511-5',NULL,1,'cliente'),(74,'2014-07-16 16:49:07','2014-07-16 16:49:07',NULL,NULL,NULL,NULL,NULL,1,'cliente'),(75,'2014-07-17 11:36:26','2014-12-15 09:14:27','BEVERAGGI','HIPOLITO',NULL,NULL,NULL,1,'cliente'),(76,'2014-07-17 11:39:27','2014-07-17 11:39:27','MORALES','LUIS',NULL,NULL,NULL,1,'cliente'),(77,'2014-07-17 11:43:46','2014-07-17 11:43:46','CONSORCIO EDIFICIO MORA',NULL,NULL,NULL,NULL,1,'cliente'),(78,'2014-07-17 12:01:53','2014-07-17 12:01:53','ANDEUWISCH','ADRIANA',NULL,NULL,NULL,1,'cliente'),(79,'2014-07-19 10:29:56','2014-07-19 10:29:56','CONSORCIO EDIFICIO FARID II',NULL,NULL,NULL,NULL,1,'cliente'),(80,'2014-07-23 08:24:37','2014-07-23 08:24:37','ESPINDOLA','ANA MARIA',NULL,'27-14397197-5',NULL,1,'cliente'),(81,'2014-07-23 08:29:30','2014-07-23 08:29:30','CARRERAS','LEOPOLDO GUSTAVO',NULL,'20-06054212-1',NULL,1,'cliente'),(82,'2014-07-24 17:40:25','2014-07-24 17:40:25','COLOMBO','LEANDRO',NULL,NULL,NULL,1,'cliente'),(83,'2014-07-24 17:41:39','2014-07-24 17:41:39','COLOMBO','ERNESTO',NULL,NULL,NULL,1,'cliente'),(85,'2014-07-26 09:46:34','2014-07-26 09:46:34','ROJAS','MABEL',NULL,NULL,NULL,1,'cliente'),(86,'2014-07-28 16:17:42','2014-07-28 16:17:42','SERAFINI','JULIO',NULL,NULL,NULL,1,'cliente'),(87,'2014-07-28 18:03:41','2014-07-28 18:03:41','CANTEROS','ARIEL',NULL,NULL,NULL,1,'cliente'),(88,'2014-07-31 09:24:04','2014-07-31 09:24:04','PELLEGRINO','LUIS',NULL,NULL,NULL,1,'cliente'),(89,'2014-08-02 10:00:23','2014-08-02 10:00:23','CARLOMAGNO','CAROLINA',NULL,'30-71146945-8',NULL,1,'cliente'),(90,'2014-08-02 10:01:23','2014-08-02 10:01:23','HOLZER',NULL,NULL,NULL,NULL,1,'cliente'),(91,'2014-08-05 11:33:49','2014-08-05 11:33:49','BAEZ','DARIO',NULL,NULL,NULL,1,'cliente'),(92,'2014-08-13 16:26:39','2014-08-13 16:26:39','MURAD','AMANDA',NULL,NULL,NULL,1,'cliente'),(93,'2014-08-13 16:27:19','2014-12-11 13:53:54','JARA','DIEGO',NULL,NULL,NULL,1,'cliente'),(94,'2014-08-15 11:06:43','2014-08-15 11:06:43',NULL,NULL,NULL,'33-58698194-9',NULL,1,'cliente'),(95,'2014-08-20 09:47:43','2014-08-27 15:59:08',NULL,NULL,NULL,'30-62221630-9',NULL,1,'cliente'),(96,'2014-08-20 18:29:00','2014-08-20 18:29:00','PRESTI','CHIARAVIGLIO',NULL,NULL,NULL,1,'cliente'),(97,'2014-08-22 10:58:56','2014-08-23 08:56:04','CASAVECCHIA','ALDO',NULL,NULL,NULL,1,'cliente'),(98,'2014-08-22 18:24:42','2014-08-22 18:24:42','ALEKSICH',NULL,NULL,NULL,NULL,1,'cliente'),(99,'2014-08-26 12:09:54','2014-09-08 09:44:01','COSTILLA','AMANDA',NULL,NULL,NULL,0,'cliente'),(100,'2014-08-27 11:27:22','2015-01-08 10:45:06',NULL,NULL,NULL,NULL,NULL,1,'cliente'),(101,'2014-09-02 08:24:56','2014-09-02 08:24:56','FERNANDEZ','JUAN ANTONIO','37.793.670','20-37793670-2','1993-04-25',1,'empleado'),(103,'2014-09-08 09:41:42','2014-09-08 09:41:42',NULL,NULL,NULL,'30-53800640-4',NULL,0,'cliente'),(104,'2014-09-08 10:18:46','2014-09-08 10:18:46','GONZALEZ','JULIA',NULL,NULL,NULL,0,'cliente'),(105,'2014-09-15 16:09:42','2014-09-15 16:09:42','BEVERAGGI',NULL,NULL,NULL,NULL,0,'cliente'),(106,'2014-09-15 16:10:27','2014-09-15 16:10:27',NULL,NULL,NULL,NULL,NULL,0,'cliente'),(107,'2014-09-22 09:35:09','2014-09-22 09:35:09','BEVERAGGI','NAPOLEON',NULL,NULL,NULL,0,'cliente'),(108,'2014-09-22 09:38:13','2014-09-22 09:38:13','SANCHEZ','DIEGO',NULL,NULL,NULL,0,'cliente'),(109,'2014-09-23 08:56:42','2014-09-23 08:56:42','MONTI','CRISTINA',NULL,NULL,NULL,0,'cliente'),(110,'2014-09-30 13:53:09','2014-09-30 13:53:09','FERNANDEZ','RUBEN',NULL,NULL,NULL,0,'cliente'),(111,'2014-09-30 13:54:58','2014-09-30 13:54:58','ELENA','SEBASTIAN',NULL,NULL,NULL,0,'cliente'),(112,'2014-10-06 09:10:54','2015-01-08 10:46:43','GONZALEZ','JULIO',NULL,NULL,NULL,1,'cliente'),(113,'2014-10-09 09:55:57','2014-10-09 09:55:57','PENNAS','MARIA TERESA',NULL,NULL,NULL,0,'cliente'),(114,'2014-10-11 08:24:21','2014-10-11 08:24:21','PITA',NULL,NULL,NULL,NULL,0,'cliente'),(115,'2014-10-14 09:43:52','2014-10-14 09:43:52','HOLZER','CARLOS',NULL,NULL,NULL,0,'cliente'),(116,'2014-10-15 17:10:16','2014-10-15 17:10:16','PRESTI','SARA',NULL,NULL,NULL,0,'cliente'),(117,'2014-10-18 10:49:45','2014-10-18 10:49:45','FRETE','NOEMI',NULL,NULL,NULL,0,'cliente'),(118,'2014-10-18 11:02:36','2014-10-18 11:02:36',NULL,NULL,NULL,'33-60212405-9',NULL,0,'cliente'),(119,'2014-10-20 18:57:36','2014-10-20 18:57:36','MASSIMINO','PEDRO JOSE',NULL,'20-07824110-2',NULL,0,'cliente'),(120,'2014-10-27 09:10:10','2014-10-27 09:10:10','JOVANOVICH','RUBEN',NULL,NULL,NULL,0,'cliente'),(121,'2014-10-27 15:48:24','2014-10-27 15:48:24',NULL,'EDIFICIO WEISEMBERG',NULL,'30-59720878-9',NULL,0,'cliente'),(122,'2014-10-27 15:52:16','2014-10-27 15:52:16',NULL,NULL,NULL,'33-71180625-9',NULL,0,'cliente'),(123,'2014-10-27 18:35:08','2014-10-27 18:35:08','ROJAS','RAUL ROBERTO',NULL,NULL,NULL,0,'cliente'),(124,'2014-10-30 09:19:26','2014-10-30 09:19:26',NULL,NULL,NULL,'30-59208813-0',NULL,0,'cliente'),(125,'2014-11-04 10:58:48','2014-11-04 10:58:48','BLANCO','ORLANDO FELIX','34.055.632','20-34055632-2','1988-09-08',1,'empleado'),(126,'2014-11-07 09:21:45','2014-11-07 09:21:45',NULL,NULL,NULL,NULL,NULL,0,'cliente'),(127,'2014-11-07 16:58:36','2014-11-25 18:54:08','NARDELLI','MARIO',NULL,'30-58590032-6',NULL,0,'cliente'),(128,'2014-11-10 10:42:54','2014-11-10 10:42:54',NULL,NULL,NULL,NULL,NULL,0,'cliente'),(129,'2014-11-17 17:03:12','2014-11-17 17:03:12','CLARO','Arq. Durie',NULL,NULL,NULL,0,'cliente'),(130,'2014-11-19 18:24:56','2014-11-19 18:24:56','BERNASCONI','MIRTA',NULL,NULL,NULL,0,'cliente'),(131,'2014-11-21 15:35:17','2014-11-21 15:35:17','BONO','EDUARDO R.',NULL,NULL,NULL,0,'cliente'),(132,'2014-11-25 18:18:23','2014-11-25 18:18:23','ALVAREZ','RODRIGO',NULL,NULL,NULL,0,'cliente'),(133,'2014-11-28 09:09:56','2014-11-28 09:09:56','TORRES','JESUS',NULL,NULL,NULL,0,'cliente'),(134,'2014-11-28 09:10:42','2014-11-28 09:10:42','VESCONI','SERGIO',NULL,NULL,NULL,0,'cliente'),(135,'2014-11-28 09:18:53','2014-11-28 09:18:53','STELLA','MARCOS ULISES','30.639.535','20-30639535-2','1983-11-24',1,'empleado'),(136,'2014-12-01 10:28:35','2014-12-01 10:28:35','JENSEN','JUAN CARLOS',NULL,NULL,NULL,0,'cliente'),(137,'2014-12-01 16:17:23','2014-12-01 16:17:23','VERON','LUIS','13.439.121','23-13439121-9','1954-01-01',1,'empleado'),(138,'2014-12-01 18:43:08','2014-12-01 18:43:08','BASTIANI','JAVIER',NULL,NULL,NULL,0,'cliente'),(139,'2014-12-02 09:38:36','2014-12-09 08:41:55','LAFFUENTE','JORGE',NULL,NULL,NULL,0,'cliente'),(140,'2014-12-03 11:58:51','2014-12-03 11:58:51','CACERES','RAUL',NULL,NULL,NULL,0,'cliente'),(141,'2014-12-05 08:21:41','2014-12-05 08:21:41','VARGAS','JORGE',NULL,NULL,NULL,0,'cliente'),(142,'2014-12-05 08:22:15','2014-12-05 08:22:15','VARGAS','RAFAEL',NULL,NULL,NULL,0,'cliente'),(143,'2014-12-05 11:16:39','2014-12-05 11:16:39',NULL,NULL,NULL,NULL,NULL,0,'cliente'),(144,'2014-12-06 08:54:05','2014-12-06 08:54:05',NULL,NULL,NULL,NULL,NULL,0,'cliente'),(145,'2014-12-09 08:38:28','2014-12-09 08:38:28','FAVARON','VALERIA',NULL,NULL,NULL,0,'cliente'),(146,'2014-12-09 09:11:31','2014-12-09 09:11:31','ROJAS','RAUL ROBERTO','22.330.446','20-22330446-0','1971-08-27',1,'empleado'),(147,'2014-12-09 09:55:21','2014-12-09 09:55:21',NULL,NULL,NULL,NULL,NULL,0,'cliente'),(148,'2014-12-19 18:23:24','2014-12-19 18:23:24','ERSA',NULL,NULL,'30-54626607-5',NULL,1,'cliente'),(149,'2014-12-19 18:24:22','2014-12-19 18:24:22','PRPIC','SERGIO',NULL,NULL,NULL,1,'cliente'),(150,'2015-01-08 10:28:19','2015-01-08 10:28:19','FAVRE','JAVIER ADRIAN ANTONIO','24.194.605','20-24194605-4','1974-09-08',1,'empleado'),(151,'2015-01-08 10:42:58','2015-01-08 10:46:13','VILLAVERDE','TERESA',NULL,NULL,NULL,1,'cliente'),(152,'2015-01-08 10:44:39','2015-01-08 10:44:39','ACA','YPF',NULL,'30-67877449-5',NULL,1,'cliente');
/*!40000 ALTER TABLE `persona` ENABLE KEYS */;
UNLOCK TABLES;

--
-- Table structure for table `tarea_articulo`
--

DROP TABLE IF EXISTS `tarea_articulo`;
/*!40101 SET @saved_cs_client     = @@character_set_client */;
/*!40101 SET character_set_client = utf8 */;
CREATE TABLE `tarea_articulo` (
  `cantaddarticulo_id` int(11) NOT NULL,
  `tarea_id` int(11) NOT NULL,
  PRIMARY KEY (`cantaddarticulo_id`,`tarea_id`),
  KEY `IDX_87EA1342B9019514` (`cantaddarticulo_id`),
  KEY `IDX_87EA13426D5BDFE1` (`tarea_id`),
  CONSTRAINT `FK_87EA13426D5BDFE1` FOREIGN KEY (`tarea_id`) REFERENCES `Tarea` (`id`) ON DELETE CASCADE,
  CONSTRAINT `FK_87EA1342B9019514` FOREIGN KEY (`cantaddarticulo_id`) REFERENCES `CantAddArticulo` (`id`) ON DELETE CASCADE
) ENGINE=InnoDB DEFAULT CHARSET=utf8 COLLATE=utf8_unicode_ci;
/*!40101 SET character_set_client = @saved_cs_client */;

--
-- Dumping data for table `tarea_articulo`
--

LOCK TABLES `tarea_articulo` WRITE;
/*!40000 ALTER TABLE `tarea_articulo` DISABLE KEYS */;
/*!40000 ALTER TABLE `tarea_articulo` ENABLE KEYS */;
UNLOCK TABLES;

--
-- Table structure for table `user_role`
--

DROP TABLE IF EXISTS `user_role`;
/*!40101 SET @saved_cs_client     = @@character_set_client */;
/*!40101 SET character_set_client = utf8 */;
CREATE TABLE `user_role` (
  `user_id` int(11) NOT NULL,
  `role_id` int(11) NOT NULL,
  PRIMARY KEY (`user_id`,`role_id`),
  KEY `IDX_2DE8C6A3A76ED395` (`user_id`),
  KEY `IDX_2DE8C6A3D60322AC` (`role_id`),
  CONSTRAINT `FK_2DE8C6A3A76ED395` FOREIGN KEY (`user_id`) REFERENCES `admin_user` (`id`) ON DELETE CASCADE,
  CONSTRAINT `FK_2DE8C6A3D60322AC` FOREIGN KEY (`role_id`) REFERENCES `admin_roles` (`id`) ON DELETE CASCADE
) ENGINE=InnoDB DEFAULT CHARSET=utf8 COLLATE=utf8_unicode_ci;
/*!40101 SET character_set_client = @saved_cs_client */;

--
-- Dumping data for table `user_role`
--

LOCK TABLES `user_role` WRITE;
/*!40000 ALTER TABLE `user_role` DISABLE KEYS */;
INSERT INTO `user_role` VALUES (1,1),(1,2),(2,2),(2,15),(2,16),(2,58),(2,59),(2,60),(2,61),(2,62),(2,63),(2,64),(2,65),(2,66),(2,67),(2,68),(2,69),(2,70),(2,71),(2,72),(2,73),(2,74),(2,75),(2,76),(2,77),(2,78),(2,79),(2,88),(2,89),(2,90),(2,91),(2,92),(2,93),(2,94),(2,95),(2,96),(2,97),(2,98),(2,99),(2,100),(2,101),(2,102),(2,103),(2,104),(2,105),(2,106),(2,107),(2,108),(2,109),(2,110),(2,111),(2,112),(2,113),(2,114),(2,115),(2,116),(2,117),(2,118),(2,119),(2,120),(2,121),(2,122),(2,123),(2,124),(2,125),(2,126),(2,127),(2,128),(2,129),(2,130),(2,131),(2,132),(2,133),(2,134),(2,135),(2,136),(2,137),(2,138),(2,139),(2,140),(2,141),(2,142),(2,143),(2,144),(2,145),(2,146),(2,147),(2,148),(3,15),(3,16),(3,17),(3,18),(3,19),(3,20),(3,21),(3,22),(3,23),(3,24),(3,25),(3,26),(3,27),(3,28),(3,29),(3,30),(3,31),(3,32),(3,33),(3,34),(3,35),(3,36),(3,37),(3,38),(3,39),(3,40),(3,41),(3,42),(3,43),(3,44),(3,45),(3,46),(3,47),(3,48),(3,49),(3,50),(3,51),(3,52),(3,53),(3,54),(3,55),(3,56),(3,57),(3,58),(3,59),(3,60),(3,61),(3,62),(3,63),(3,64),(3,65),(3,66),(3,67),(3,68),(3,69),(3,70),(3,71),(3,72),(3,73),(3,74),(3,75),(3,76),(3,77),(3,78),(3,79),(3,80),(3,81),(3,82),(3,83),(3,84),(3,85),(3,86),(3,87),(3,140),(3,141);
/*!40000 ALTER TABLE `user_role` ENABLE KEYS */;
UNLOCK TABLES;
/*!40103 SET TIME_ZONE=@OLD_TIME_ZONE */;

/*!40101 SET SQL_MODE=@OLD_SQL_MODE */;
/*!40014 SET FOREIGN_KEY_CHECKS=@OLD_FOREIGN_KEY_CHECKS */;
/*!40014 SET UNIQUE_CHECKS=@OLD_UNIQUE_CHECKS */;
/*!40101 SET CHARACTER_SET_CLIENT=@OLD_CHARACTER_SET_CLIENT */;
/*!40101 SET CHARACTER_SET_RESULTS=@OLD_CHARACTER_SET_RESULTS */;
/*!40101 SET COLLATION_CONNECTION=@OLD_COLLATION_CONNECTION */;
/*!40111 SET SQL_NOTES=@OLD_SQL_NOTES */;

-- Dump completed on 2015-01-12  3:00:01
