-- phpMyAdmin SQL Dump
-- version 3.4.11.1deb2+deb7u1
-- http://www.phpmyadmin.net
--
-- Servidor: localhost
-- Tiempo de generación: 12-01-2015 a las 19:45:27
-- Versión del servidor: 5.5.40
-- Versión de PHP: 5.4.35-0+deb7u2

SET SQL_MODE="NO_AUTO_VALUE_ON_ZERO";
SET time_zone = "+00:00";


/*!40101 SET @OLD_CHARACTER_SET_CLIENT=@@CHARACTER_SET_CLIENT */;
/*!40101 SET @OLD_CHARACTER_SET_RESULTS=@@CHARACTER_SET_RESULTS */;
/*!40101 SET @OLD_COLLATION_CONNECTION=@@COLLATION_CONNECTION */;
/*!40101 SET NAMES utf8 */;

--
-- Base de datos: `g1neon3rdev`
--

-- --------------------------------------------------------

--
-- Estructura de tabla para la tabla `admin_roles`
--

CREATE TABLE IF NOT EXISTS `admin_roles` (
  `id` int(11) NOT NULL AUTO_INCREMENT,
  `created` datetime NOT NULL,
  `updated` datetime NOT NULL,
  `nombre` varchar(255) COLLATE utf8_unicode_ci DEFAULT NULL,
  `url` varchar(255) COLLATE utf8_unicode_ci DEFAULT NULL,
  `acceso` tinyint(1) DEFAULT NULL,
  `role_nombre` varchar(255) COLLATE utf8_unicode_ci NOT NULL,
  PRIMARY KEY (`id`)
) ENGINE=InnoDB  DEFAULT CHARSET=utf8 COLLATE=utf8_unicode_ci AUTO_INCREMENT=210 ;

--
-- Volcado de datos para la tabla `admin_roles`
--

INSERT INTO `admin_roles` (`id`, `created`, `updated`, `nombre`, `url`, `acceso`, `role_nombre`) VALUES
(1, '2014-08-23 19:21:42', '2014-08-23 19:28:57', 'ROLE_ADMIN', NULL, 1, 'ADMIN'),
(2, '2014-08-23 19:22:34', '2014-08-23 19:59:36', 'ROLE_ORDEN_VER_PRECIO', NULL, 1, 'ORDEN VER PRECIO'),
(3, '2014-08-23 19:46:31', '2014-08-23 19:58:32', 'ROLE_REPORTE', 'admin_reporte', 1, 'REPORTE'),
(4, '2014-08-23 19:46:31', '2014-08-23 19:58:32', 'ROLE_REPORTE_ARTICULO_MAS_USADOS', 'admin_reporte_articulo_mas_usados', 1, 'REPORTE ARTICULO MAS USADOS'),
(5, '2014-08-23 19:46:31', '2014-08-23 19:58:32', 'ROLE_REPORTE_CANTIDAD_ORDEN_POR_CLIENTE', 'admin_reporte_cantidad_orden_por_cliente', 1, 'REPORTE CANTIDAD ORDEN POR CLIENTE'),
(6, '2014-08-23 19:46:31', '2014-08-23 19:58:32', 'ROLE_REPORTE_CANTIDAD_HERRAMIENTAS_POR_EMPLEADO', 'admin_reporte_cantidad_herramientas_por_empleado', 1, 'REPORTE CANTIDAD HERRAMIENTAS POR EMPLEADO'),
(7, '2014-08-23 19:46:31', '2014-08-23 19:58:32', 'ROLE_REPORTE_CONTROL_ARTICULOS_CANTIDADES', 'admin_reporte_control_articulos_cantidades', 1, 'REPORTE CONTROL ARTICULOS CANTIDADES'),
(8, '2014-08-23 19:46:31', '2014-08-23 19:58:32', 'ROLE_USUARIOS', 'user', 1, 'USUARIOS'),
(9, '2014-08-23 19:46:31', '2014-08-23 19:58:32', 'ROLE_USUARIO_CREAR', 'user_create', 1, 'USUARIO CREAR'),
(10, '2014-08-23 19:46:31', '2014-08-23 19:58:32', 'ROLE_USUARIO_NUEVO', 'user_new', 1, 'USUARIO NUEVO'),
(11, '2014-08-23 19:46:31', '2014-08-23 19:58:32', 'ROLE_USUARIO_VER', 'user_show', 1, 'USUARIO VER'),
(12, '2014-08-23 19:46:31', '2014-08-23 19:58:32', 'ROLE_USUARIO_EDITAR', 'user_edit', 1, 'USUARIO EDITAR'),
(13, '2014-08-23 19:46:31', '2014-08-23 19:58:32', 'ROLE_USUARIO_ACTUALIZAR', 'user_update', 1, 'USUARIO ACTUALIZAR'),
(14, '2014-08-23 19:46:31', '2014-08-23 19:58:32', 'ROLE_USUARIO_ELIMINAR', 'user_delete', 1, 'USUARIO ELIMINAR'),
(15, '2014-08-23 19:46:31', '2014-08-23 19:58:32', 'ROLE_ARTICULOS_ACTIVOS', 'admin_articulo', 1, 'ARTICULOS ACTIVOS'),
(16, '2014-08-23 19:46:31', '2014-08-23 19:58:32', 'ROLE_ARTICULOS_INACTIVOS', 'admin_articulo_inactivo', 1, 'ARTICULOS INACTIVOS'),
(17, '2014-08-23 19:46:31', '2014-08-23 19:58:32', 'ROLE_ARTICULO_CREAR', 'admin_articulo_create', 1, 'ARTICULO CREAR'),
(18, '2014-08-23 19:46:31', '2014-08-23 19:58:32', 'ROLE_ARTICULO_NUEVO', 'admin_articulo_new', 1, 'ARTICULO NUEVO'),
(19, '2014-08-23 19:46:31', '2014-08-23 19:58:32', 'ROLE_ARTICULO_VER', 'admin_articulo_show', 1, 'ARTICULO VER'),
(20, '2014-08-23 19:46:31', '2014-08-23 19:58:32', 'ROLE_ARTICULO_EDITAR', 'admin_articulo_edit', 1, 'ARTICULO EDITAR'),
(21, '2014-08-23 19:46:31', '2014-08-23 19:58:32', 'ROLE_ARTICULO_ACTUALIZAR', 'admin_articulo_update', 1, 'ARTICULO ACTUALIZAR'),
(22, '2014-08-23 19:46:31', '2014-08-23 19:58:32', 'ROLE_ARTICULO_ELIMINAR', 'admin_articulo_delete', 1, 'ARTICULO ELIMINAR'),
(23, '2014-08-23 19:46:31', '2014-08-23 20:05:24', 'ROLE_ARTICULO_CANTIDAD_AGREGAR', 'admin_articulo_agregar_cantidad', 1, 'ARTICULO CANTIDAD AGREGAR'),
(24, '2014-08-23 19:46:31', '2014-08-23 20:05:24', 'ROLE_ARTICULO_CANTIDAD_ACTUALIZAR', 'unico_articulo_cantidad_update', 1, 'ARTICULO CANTIDAD ACTUALIZAR'),
(25, '2014-08-23 19:46:31', '2014-08-23 20:05:24', 'ROLE_ARTICULO_PRECIO_AGREGAR', 'admin_articulo_agregar_precio', 1, 'ARTICULO PRECIO AGREGAR'),
(26, '2014-08-23 19:46:31', '2014-08-23 20:05:24', 'ROLE_ARTICULO_PRECIO_ACTUALIZAR', 'unico_articulo_precio_update', 1, 'ARTICULO PRECIO ACTUALIZAR'),
(27, '2014-08-23 19:46:31', '2014-08-23 20:05:24', 'ROLE_ARTICULO_AGREGAR', 'admin_create_articulos', 1, 'ARTICULO AGREGAR'),
(28, '2014-08-23 19:46:31', '2014-08-23 20:05:24', 'ROLE_ARTICULO_AGREGAR', 'admin_add_articulos', 1, 'ARTICULO AGREGAR'),
(29, '2014-08-23 19:46:31', '2014-08-23 20:05:24', 'ROLE_ARTICULO_TIPOS', 'admin_articulotipo', 1, 'ARTICULO_TIPOS'),
(30, '2014-08-23 19:46:31', '2014-08-23 20:05:24', 'ROLE_ARTICULO_TIPO_CREAR', 'admin_articulotipo_create', 1, 'ARTICULO_TIPO CREAR'),
(31, '2014-08-23 19:46:31', '2014-08-23 20:05:24', 'ROLE_ARTICULO_TIPO_NUEVO', 'admin_articulotipo_new', 1, 'ARTICULO_TIPO NUEVO'),
(32, '2014-08-23 19:46:31', '2014-08-23 20:05:24', 'ROLE_ARTICULO_TIPO_VER', 'admin_articulotipo_show', 1, 'ARTICULO_TIPO VER'),
(33, '2014-08-23 19:46:31', '2014-08-23 20:05:24', 'ROLE_ARTICULO_TIPO_EDITAR', 'admin_articulotipo_edit', 1, 'ARTICULO_TIPO EDITAR'),
(34, '2014-08-23 19:46:31', '2014-08-23 20:05:24', 'ROLE_ARTICULO_TIPO_ACTUALIZAR', 'admin_articulotipo_update', 1, 'ARTICULO_TIPO ACTUALIZAR'),
(35, '2014-08-23 19:46:31', '2014-08-23 20:05:24', 'ROLE_ARTICULO_TIPO_ELIMINAR', 'admin_articulotipo_delete', 1, 'ARTICULO_TIPO ELIMINAR'),
(36, '2014-08-23 19:46:31', '2014-08-23 20:05:24', 'ROLE_ARTICULO_TIPO_PRECIO_ACTUALIZAR', 'unico_tipo_precio_producto', 1, 'ARTICULO_TIPO PRECIO ACTUALIZAR'),
(37, '2014-08-23 19:46:31', '2014-08-23 20:05:24', 'ROLE_HERRAMIENTA_ENTREGAS', 'admin_entregasherramientas', 1, 'HERRAMIENTA ENTREGAS'),
(38, '2014-08-23 19:46:31', '2014-08-23 20:05:24', 'ROLE_HERRAMIENTA_ENTREGA_CREAR', 'admin_entregasherramientas_create', 1, 'HERRAMIENTA ENTREGA CREAR'),
(39, '2014-08-23 19:46:31', '2014-08-23 20:05:24', 'ROLE_HERRAMIENTA_ENTREGA_NUEVO', 'admin_entregasherramientas_new', 1, 'HERRAMIENTA ENTREGA NUEVO'),
(40, '2014-08-23 19:46:31', '2014-08-23 20:05:24', 'ROLE_HERRAMIENTA_ENTREGA_VER', 'admin_entregasherramientas_show', 1, 'HERRAMIENTA ENTREGA VER'),
(41, '2014-08-23 19:46:31', '2014-08-23 20:05:24', 'ROLE_HERRAMIENTA_ENTREGA_EDITAR', 'admin_entregasherramientas_edit', 1, 'HERRAMIENTA ENTREGA EDITAR'),
(42, '2014-08-23 19:46:31', '2014-08-23 20:05:24', 'ROLE_HERRAMIENTA_ENTREGA_ACTUALIZAR', 'admin_entregasherramientas_update', 1, 'HERRAMIENTA ENTREGA ACTUALIZAR'),
(43, '2014-08-23 19:46:31', '2014-08-23 20:05:24', 'ROLE_HERRAMIENTA_ENTREGA_ELIMINAR', 'admin_entregasherramientas_delete', 1, 'HERRAMIENTA ENTREGA ELIMINAR'),
(44, '2014-08-23 19:46:31', '2014-08-23 20:05:24', 'ROLE_HERRAMIENTAS', 'admin_herramienta', 1, 'HERRAMIENTAS'),
(45, '2014-08-23 19:46:31', '2014-08-23 20:05:24', 'ROLE_HERRAMIENTA_CREAR', 'admin_herramienta_create', 1, 'HERRAMIENTA CREAR'),
(46, '2014-08-23 19:46:31', '2014-08-23 20:05:24', 'ROLE_HERRAMIENTA_NUEVO', 'admin_herramienta_new', 1, 'HERRAMIENTA NUEVO'),
(47, '2014-08-23 19:46:31', '2014-08-23 20:05:24', 'ROLE_HERRAMIENTA_VER', 'admin_herramienta_show', 1, 'HERRAMIENTA VER'),
(48, '2014-08-23 19:46:31', '2014-08-23 20:05:24', 'ROLE_HERRAMIENTA_EDITAR', 'admin_herramienta_edit', 1, 'HERRAMIENTA EDITAR'),
(49, '2014-08-23 19:46:31', '2014-08-23 20:05:24', 'ROLE_HERRAMIENTA_ACTUALIZAR', 'admin_herramienta_update', 1, 'HERRAMIENTA ACTUALIZAR'),
(50, '2014-08-23 19:46:31', '2014-08-23 20:05:24', 'ROLE_HERRAMIENTA_ELIMINAR', 'admin_herramienta_delete', 1, 'HERRAMIENTA ELIMINAR'),
(51, '2014-08-23 19:46:31', '2014-08-23 20:05:24', 'ROLE_ARTICULO_MEDIDAS', 'admin_medida', 1, 'ARTICULO_MEDIDAS'),
(52, '2014-08-23 19:46:31', '2014-08-23 20:05:24', 'ROLE_ARTICULO_MEDIDA_CREAR', 'admin_medida_create', 1, 'ARTICULO_MEDIDA CREAR'),
(53, '2014-08-23 19:46:31', '2014-08-23 20:05:24', 'ROLE_ARTICULO_MEDIDA_NUEVO', 'admin_medida_new', 1, 'ARTICULO_MEDIDA NUEVO'),
(54, '2014-08-23 19:46:31', '2014-08-23 20:05:24', 'ROLE_ARTICULO_MEDIDA_VER', 'admin_medida_show', 1, 'ARTICULO_MEDIDA VER'),
(55, '2014-08-23 19:46:31', '2014-08-23 20:05:24', 'ROLE_ARTICULO_MEDIDA_EDITAR', 'admin_medida_edit', 1, 'ARTICULO_MEDIDA EDITAR'),
(56, '2014-08-23 19:46:31', '2014-08-23 20:05:24', 'ROLE_ARTICULO_MEDIDA_ACTUALIZAR', 'admin_medida_update', 1, 'ARTICULO_MEDIDA ACTUALIZAR'),
(57, '2014-08-23 19:46:31', '2014-08-23 20:05:24', 'ROLE_ARTICULO_MEDIDA_ELIMINAR', 'admin_medida_delete', 1, 'ARTICULO_MEDIDA ELIMINAR'),
(58, '2014-08-23 19:46:31', '2014-08-23 20:05:24', 'ROLE_ORDENES', 'admin_orden', 1, 'ORDENES'),
(59, '2014-08-23 19:46:31', '2014-08-23 20:05:24', 'ROLE_ORDEN_CREAR', 'admin_orden_create', 1, 'ORDEN CREAR'),
(60, '2014-08-23 19:46:31', '2014-08-23 20:05:24', 'ROLE_ORDEN_NUEVO', 'admin_orden_new', 1, 'ORDEN NUEVO'),
(61, '2014-08-23 19:46:31', '2014-08-23 20:05:24', 'ROLE_ORDEN_VER', 'admin_orden_show', 1, 'ORDEN VER'),
(62, '2014-08-23 19:46:31', '2014-08-23 20:05:24', 'ROLE_ORDEN_EDITAR', 'admin_orden_edit', 1, 'ORDEN EDITAR'),
(63, '2014-08-23 19:46:31', '2014-08-23 20:05:24', 'ROLE_ORDEN_ACTUALIZAR', 'admin_orden_update', 1, 'ORDEN ACTUALIZAR'),
(64, '2014-08-23 19:46:31', '2014-08-23 20:05:24', 'ROLE_ORDEN_ELIMINAR', 'admin_orden_delete', 1, 'ORDEN ELIMINAR'),
(65, '2014-08-23 19:46:31', '2014-08-23 20:05:24', 'ROLE_ORDEN_ESTADO_ACTUALIZAR', 'admin_orden_estado_update', 1, 'ORDEN ESTADO ACTUALIZAR'),
(66, '2014-08-23 19:46:31', '2014-08-23 20:05:24', 'ROLE_ORDEN_ENTRADAS', 'admin_ordenentrada', 1, 'ORDEN_ENTRADAS'),
(67, '2014-08-23 19:46:31', '2014-08-23 20:05:24', 'ROLE_ORDEN_ENTRADA_CREAR', 'admin_ordenentrada_create', 1, 'ORDEN_ENTRADA CREAR'),
(68, '2014-08-23 19:46:31', '2014-08-23 20:05:24', 'ROLE_ORDEN_ENTRADA_NUEVO', 'admin_ordenentrada_new', 1, 'ORDEN_ENTRADA NUEVO'),
(69, '2014-08-23 19:46:31', '2014-08-23 20:05:24', 'ROLE_ORDEN_ENTRADA_VER', 'admin_ordenentrada_show', 1, 'ORDEN_ENTRADA VER'),
(70, '2014-08-23 19:46:31', '2014-08-23 20:05:24', 'ROLE_ORDEN_ENTRADA_EDITAR', 'admin_ordenentrada_edit', 1, 'ORDEN_ENTRADA EDITAR'),
(71, '2014-08-23 19:46:31', '2014-08-23 20:05:24', 'ROLE_ORDEN_ENTRADA_ACTUALIZAR', 'admin_ordenentrada_update', 1, 'ORDEN_ENTRADA ACTUALIZAR'),
(72, '2014-08-23 19:46:31', '2014-08-23 20:05:24', 'ROLE_ORDEN_ENTRADA_ELIMINAR', 'admin_ordenentrada_delete', 1, 'ORDEN_ENTRADA ELIMINAR'),
(73, '2014-08-23 19:46:31', '2014-08-23 20:05:24', 'ROLE_ORDEN_SALIDAS', 'admin_ordensalida', 1, 'ORDEN_SALIDAS'),
(74, '2014-08-23 19:46:31', '2014-08-23 20:05:24', 'ROLE_ORDEN_SALIDA_CREAR', 'admin_ordensalida_create', 1, 'ORDEN_SALIDA CREAR'),
(75, '2014-08-23 19:46:31', '2014-08-23 20:05:24', 'ROLE_ORDEN_SALIDA_NUEVO', 'admin_ordensalida_new', 1, 'ORDEN_SALIDA NUEVO'),
(76, '2014-08-23 19:46:31', '2014-08-23 20:05:24', 'ROLE_ORDEN_SALIDA_VER', 'admin_ordensalida_show', 1, 'ORDEN_SALIDA VER'),
(77, '2014-08-23 19:46:31', '2014-08-23 20:05:24', 'ROLE_ORDEN_SALIDA_EDITAR', 'admin_ordensalida_edit', 1, 'ORDEN_SALIDA EDITAR'),
(78, '2014-08-23 19:46:31', '2014-08-23 20:05:24', 'ROLE_ORDEN_SALIDA_ACTUALIZAR', 'admin_ordensalida_update', 1, 'ORDEN_SALIDA ACTUALIZAR'),
(79, '2014-08-23 19:46:31', '2014-08-23 20:05:24', 'ROLE_ORDEN_SALIDA_ELIMINAR', 'admin_ordensalida_delete', 1, 'ORDEN_SALIDA ELIMINAR'),
(80, '2014-08-23 19:46:31', '2014-08-23 20:05:24', 'ROLE_RUBROS', 'admin_rubro', 1, 'RUBROS'),
(81, '2014-08-23 19:46:31', '2014-08-23 20:05:24', 'ROLE_RUBRO_CREAR', 'admin_rubro_create', 1, 'RUBRO CREAR'),
(82, '2014-08-23 19:46:31', '2014-08-23 20:05:24', 'ROLE_RUBRO_NUEVO', 'admin_rubro_new', 1, 'RUBRO NUEVO'),
(83, '2014-08-23 19:46:31', '2014-08-23 20:05:24', 'ROLE_RUBRO_VER', 'admin_rubro_show', 1, 'RUBRO VER'),
(84, '2014-08-23 19:46:31', '2014-08-23 20:05:24', 'ROLE_RUBRO_EDITAR', 'admin_rubro_edit', 1, 'RUBRO EDITAR'),
(85, '2014-08-23 19:46:31', '2014-08-23 20:05:24', 'ROLE_RUBRO_ACTUALIZAR', 'admin_rubro_update', 1, 'RUBRO ACTUALIZAR'),
(86, '2014-08-23 19:46:31', '2014-08-23 20:05:24', 'ROLE_RUBRO_ELIMINAR', 'admin_rubro_delete', 1, 'RUBRO ELIMINAR'),
(87, '2014-08-23 19:46:31', '2014-08-23 20:14:20', 'ROLE_RUBRO_PRECIO_ACTUALIZAR', 'unico_rubro_precio_producto', 1, 'RUBRO PRECIO ACTUALIZAR'),
(88, '2014-08-23 19:46:31', '2014-08-23 20:14:20', 'ROLE_TAREAS', 'tarea', 1, 'TAREAS'),
(89, '2014-08-23 19:46:31', '2014-08-23 20:14:20', 'ROLE_TAREA_CREAR', 'tarea_create', 1, 'TAREA CREAR'),
(90, '2014-08-23 19:46:31', '2014-08-23 20:14:20', 'ROLE_TAREA_NUEVO', 'tarea_new', 1, 'TAREA NUEVO'),
(91, '2014-08-23 19:46:31', '2014-08-23 20:14:20', 'ROLE_TAREA_VER', 'tarea_show', 1, 'TAREA VER'),
(92, '2014-08-23 19:46:31', '2014-08-23 20:14:20', 'ROLE_TAREA_EDITAR', 'tarea_edit', 1, 'TAREA EDITAR'),
(93, '2014-08-23 19:46:31', '2014-08-23 20:14:20', 'ROLE_TAREA_ACTUALIZAR', 'tarea_update', 1, 'TAREA ACTUALIZAR'),
(94, '2014-08-23 19:46:31', '2014-08-23 20:14:20', 'ROLE_TAREA_ELIMINAR', 'tarea_delete', 1, 'TAREA ELIMINAR'),
(95, '2014-08-23 19:46:31', '2014-08-23 20:14:20', 'ROLE_CLIENTE_CONDICIONES', 'admin_clientecondicion', 1, 'CLIENTE_CONDICIONES'),
(96, '2014-08-23 19:46:31', '2014-08-23 20:14:20', 'ROLE_CLIENTE_CONDICION_CREAR', 'admin_clientecondicion_create', 1, 'CLIENTE_CONDICION CREAR'),
(97, '2014-08-23 19:46:31', '2014-08-23 20:14:20', 'ROLE_CLIENTE_CONDICION_NUEVO', 'admin_clientecondicion_new', 1, 'CLIENTE_CONDICION NUEVO'),
(98, '2014-08-23 19:46:31', '2014-08-23 20:14:20', 'ROLE_CLIENTE_CONDICION_VER', 'admin_clientecondicion_show', 1, 'CLIENTE_CONDICION VER'),
(99, '2014-08-23 19:46:31', '2014-08-23 20:14:20', 'ROLE_CLIENTE_CONDICION_EDITAR', 'admin_clientecondicion_edit', 1, 'CLIENTE_CONDICION EDITAR'),
(100, '2014-08-23 19:46:31', '2014-08-23 20:14:20', 'ROLE_CLIENTE_CONDICION_ACTUALIZAR', 'admin_clientecondicion_update', 1, 'CLIENTE_CONDICION ACTUALIZAR'),
(101, '2014-08-23 19:46:31', '2014-08-23 20:14:20', 'ROLE_CLIENTE_CONDICION_ELIMINAR', 'admin_clientecondicion_delete', 1, 'CLIENTE_CONDICION ELIMINAR'),
(102, '2014-08-23 19:46:31', '2014-08-23 21:00:41', 'ROLE_CLIENTES_ACTIVOS', 'admin_cliente', 1, 'CLIENTES ACTIVOS'),
(103, '2014-08-23 19:46:31', '2014-08-23 21:00:41', 'ROLE_CLIENTES_INACTIVOS', 'admin_cliente_inactivo', 1, 'CLIENTES INACTIVOS'),
(104, '2014-08-23 19:46:31', '2014-08-23 20:14:20', 'ROLE_CLIENTE_CREAR', 'admin_cliente_create', 1, 'CLIENTE CREAR'),
(105, '2014-08-23 19:46:31', '2014-08-23 20:14:20', 'ROLE_CLIENTE_NUEVO', 'admin_cliente_new', 1, 'CLIENTE NUEVO'),
(106, '2014-08-23 19:46:31', '2014-08-23 20:14:20', 'ROLE_CLIENTE_VER', 'admin_cliente_show', 1, 'CLIENTE VER'),
(107, '2014-08-23 19:46:31', '2014-08-23 20:14:20', 'ROLE_CLIENTE_EDITAR', 'admin_cliente_edit', 1, 'CLIENTE EDITAR'),
(108, '2014-08-23 19:46:31', '2014-08-23 20:14:20', 'ROLE_CLIENTE_ACTUALIZAR', 'admin_cliente_update', 1, 'CLIENTE ACTUALIZAR'),
(109, '2014-08-23 19:46:31', '2014-08-23 20:14:20', 'ROLE_CLIENTE_ELIMINAR', 'admin_cliente_delete', 1, 'CLIENTE ELIMINAR'),
(110, '2014-08-23 19:46:31', '2014-08-23 20:14:20', 'ROLE_EMPLEADO_CARGOS', 'admin_empleadocargo', 1, 'EMPLEADO_CARGOS'),
(111, '2014-08-23 19:46:31', '2014-08-23 20:14:20', 'ROLE_EMPLEADO_CARGO_CREAR', 'admin_empleadocargo_create', 1, 'EMPLEADO_CARGO CREAR'),
(112, '2014-08-23 19:46:31', '2014-08-23 20:14:20', 'ROLE_EMPLEADO_CARGO_NUEVO', 'admin_empleadocargo_new', 1, 'EMPLEADO_CARGO NUEVO'),
(113, '2014-08-23 19:46:31', '2014-08-23 20:14:20', 'ROLE_EMPLEADO_CARGO_VER', 'admin_empleadocargo_show', 1, 'EMPLEADO_CARGO VER'),
(114, '2014-08-23 19:46:31', '2014-08-23 20:14:20', 'ROLE_EMPLEADO_CARGO_EDITAR', 'admin_empleadocargo_edit', 1, 'EMPLEADO_CARGO EDITAR'),
(115, '2014-08-23 19:46:31', '2014-08-23 20:14:20', 'ROLE_EMPLEADO_CARGO_ACTUALIZAR', 'admin_empleadocargo_update', 1, 'EMPLEADO_CARGO ACTUALIZAR'),
(116, '2014-08-23 19:46:31', '2014-08-23 20:14:20', 'ROLE_EMPLEADO_CARGO_ELIMINAR', 'admin_empleadocargo_delete', 1, 'EMPLEADO_CARGO ELIMINAR'),
(117, '2014-08-23 19:46:31', '2014-08-23 20:14:20', 'ROLE_EMPLEADOS_ACTIVOS', 'admin_empleado', 1, 'EMPLEADOS ACTIVOS'),
(118, '2014-08-23 19:46:31', '2014-08-23 20:14:20', 'ROLE_EMPLEADOS_INACTIVOS', 'admin_empleado_inactivo', 1, 'EMPLEADOS INACTIVOS'),
(119, '2014-08-23 19:46:31', '2014-08-23 20:14:20', 'ROLE_EMPLEADO_CREAR', 'admin_empleado_create', 1, 'EMPLEADO CREAR'),
(140, '2014-08-23 21:06:37', '2014-08-23 21:06:37', 'ROLE_IMPRIMIR_OT_COMPLETA', 'admin_orden_imprimir', 1, 'IMPRIMIR OT COMPLETA'),
(141, '2014-08-23 21:06:37', '2014-08-23 21:06:37', 'ROLE_IMPRIMIR_OT_MOVIMIENTOS', 'admin_orden_entrada_salida_imprimir', 1, 'IMPRIMIR OT MOVIMIENTOS'),
(142, '2014-10-18 11:14:50', '2014-10-18 11:16:08', 'ROLE_PRESUPUESTOS', 'admin_presupuesto', 1, 'PRESUPUESTOS'),
(143, '2014-10-18 11:14:50', '2014-10-18 11:14:50', 'ROLE_PRESUPUESTO_CREAR', 'admin_presupuesto_create', 1, 'PRESUPUESTO CREAR'),
(144, '2014-10-18 11:14:50', '2014-10-18 11:14:50', 'ROLE_PRESUPUESTO_NUEVO', 'admin_presupuesto_new', 1, 'PRESUPUESTO NUEVO'),
(145, '2014-10-18 11:14:50', '2014-10-18 11:14:50', 'ROLE_PRESUPUESTO_VER', 'admin_presupuesto_show', 1, 'PRESUPUESTO VER'),
(146, '2014-10-18 11:14:50', '2014-10-18 11:14:50', 'ROLE_PRESUPUESTO_EDITAR', 'admin_presupuesto_edit', 1, 'PRESUPUESTO EDITAR'),
(147, '2014-10-18 11:14:50', '2014-10-18 11:14:50', 'ROLE_PRESUPUESTO_ACTUALIZAR', 'admin_presupuesto_update', 1, 'PRESUPUESTO ACTUALIZAR'),
(148, '2014-10-18 11:14:50', '2014-10-18 11:14:50', 'ROLE_PRESUPUESTO_ELIMINAR', 'admin_presupuesto_delete', 1, 'PRESUPUESTO ELIMINAR'),
(149, '2014-12-12 19:31:57', '2014-12-20 14:00:46', 'ROLE_FACTURA_COMPRA', 'admin_facturacompra', 1, 'FACTURA COMPRA'),
(150, '2014-12-12 19:31:57', '2014-12-20 14:00:46', 'ROLE_FACTURA_COMPRA_CREATE', 'admin_facturacompra_create', 1, 'FACTURA COMPRA CREATE'),
(151, '2014-12-12 19:31:57', '2014-12-20 14:00:46', 'ROLE_FACTURA_COMPRA_NEW', 'admin_facturacompra_new', 1, 'FACTURA COMPRA NEW'),
(152, '2014-12-12 19:31:57', '2014-12-20 14:00:46', 'ROLE_FACTURA_COMPRA_SHOW', 'admin_facturacompra_show', 1, 'FACTURA COMPRA SHOW'),
(153, '2014-12-12 19:31:57', '2014-12-20 14:00:46', 'ROLE_FACTURA_COMPRA_EDIT', 'admin_facturacompra_edit', 1, 'FACTURA COMPRA EDIT'),
(154, '2014-12-12 19:31:57', '2014-12-20 14:00:46', 'ROLE_FACTURA_COMPRA_UPDATE', 'admin_facturacompra_update', 1, 'FACTURA COMPRA UPDATE'),
(155, '2014-12-12 19:31:57', '2014-12-20 14:00:46', 'ROLE_FACTURA_COMPRA_DELETE', 'admin_facturacompra_delete', 1, 'FACTURA COMPRA DELETE'),
(156, '2014-12-12 19:31:57', '2014-12-20 14:00:46', 'ROLE_FACTURA_VENTA', 'admin_facturaventa', 1, 'FACTURA VENTA'),
(157, '2014-12-12 19:31:57', '2014-12-20 14:00:46', 'ROLE_FACTURA_VENTA_CREATE', 'admin_facturaventa_create', 1, 'FACTURA VENTA CREATE'),
(158, '2014-12-12 19:31:57', '2014-12-20 14:00:46', 'ROLE_FACTURA_VENTA_NEW', 'admin_facturaventa_new', 1, 'FACTURA VENTA NEW'),
(159, '2014-12-12 19:31:57', '2014-12-20 14:00:46', 'ROLE_FACTURA_VENTA_SHOW', 'admin_facturaventa_show', 1, 'FACTURA VENTA SHOW'),
(160, '2014-12-12 19:31:57', '2014-12-20 14:00:46', 'ROLE_FACTURA_VENTA_EDIT', 'admin_facturaventa_edit', 1, 'FACTURA VENTA EDIT'),
(161, '2014-12-12 19:31:57', '2014-12-20 14:00:46', 'ROLE_FACTURA_VENTA_UPDATE', 'admin_facturaventa_update', 1, 'FACTURA VENTA UPDATE'),
(162, '2014-12-12 19:31:57', '2014-12-20 14:00:46', 'ROLE_FACTURA_VENTA_DELETE', 'admin_facturaventa_delete', 1, 'FACTURA VENTA DELETE'),
(163, '2014-12-12 19:31:57', '2014-12-20 14:00:46', 'ROLE_RECIBOCOMPRA', 'admin_recibocompra', 1, 'RECIBOCOMPRA'),
(164, '2014-12-12 19:31:57', '2014-12-20 14:00:46', 'ROLE_RECIBOCOMPRA_CREATE', 'admin_recibocompra_create', 1, 'RECIBOCOMPRA CREATE'),
(165, '2014-12-12 19:31:57', '2014-12-20 14:00:46', 'ROLE_RECIBOCOMPRA_NEW', 'admin_recibocompra_new', 1, 'RECIBOCOMPRA NEW'),
(166, '2014-12-12 19:31:57', '2014-12-20 14:00:46', 'ROLE_RECIBOCOMPRA_SHOW', 'admin_recibocompra_show', 1, 'RECIBOCOMPRA SHOW'),
(167, '2014-12-12 19:31:57', '2014-12-20 14:00:46', 'ROLE_RECIBOCOMPRA_EDIT', 'admin_recibocompra_edit', 1, 'RECIBOCOMPRA EDIT'),
(168, '2014-12-12 19:31:57', '2014-12-20 14:00:46', 'ROLE_RECIBOCOMPRA_UPDATE', 'admin_recibocompra_update', 1, 'RECIBOCOMPRA UPDATE'),
(169, '2014-12-12 19:31:57', '2014-12-20 14:00:46', 'ROLE_RECIBOCOMPRA_DELETE', 'admin_recibocompra_delete', 1, 'RECIBOCOMPRA DELETE'),
(170, '2014-12-12 19:31:57', '2014-12-20 14:00:46', 'ROLE_RECIBOVENTA', 'admin_reciboventa', 1, 'RECIBOVENTA'),
(171, '2014-12-12 19:31:57', '2014-12-20 14:00:46', 'ROLE_RECIBOVENTA_CREATE', 'admin_reciboventa_create', 1, 'RECIBOVENTA CREATE'),
(172, '2014-12-12 19:31:57', '2014-12-20 14:00:46', 'ROLE_RECIBOVENTA_NEW', 'admin_reciboventa_new', 1, 'RECIBOVENTA NEW'),
(173, '2014-12-12 19:31:57', '2014-12-20 14:00:46', 'ROLE_RECIBOVENTA_SHOW', 'admin_reciboventa_show', 1, 'RECIBOVENTA SHOW'),
(174, '2014-12-12 19:31:57', '2014-12-20 14:00:46', 'ROLE_RECIBOVENTA_EDIT', 'admin_reciboventa_edit', 1, 'RECIBOVENTA EDIT'),
(175, '2014-12-12 19:31:57', '2014-12-20 14:00:46', 'ROLE_RECIBOVENTA_UPDATE', 'admin_reciboventa_update', 1, 'RECIBOVENTA UPDATE'),
(176, '2014-12-12 19:31:57', '2014-12-20 14:00:46', 'ROLE_RECIBOVENTA_DELETE', 'admin_reciboventa_delete', 1, 'RECIBOVENTA DELETE'),
(179, '2014-12-12 19:31:57', '2014-12-20 14:00:46', 'ROLE_SUELDO_CREATE', 'admin_sueldo_create', 1, 'SUELDO CREATE'),
(180, '2014-12-12 19:31:57', '2014-12-20 14:00:46', 'ROLE_SUELDO_NEW', 'admin_sueldo_new', 1, 'SUELDO NEW'),
(181, '2014-12-12 19:31:57', '2014-12-20 14:00:46', 'ROLE_SUELDO_SHOW', 'admin_sueldo_show', 1, 'SUELDO SHOW'),
(182, '2014-12-12 19:31:57', '2014-12-20 14:00:46', 'ROLE_SUELDO_EDIT', 'admin_sueldo_edit', 1, 'SUELDO EDIT'),
(183, '2014-12-12 19:31:57', '2014-12-20 14:00:46', 'ROLE_SUELDO_UPDATE', 'admin_sueldo_update', 1, 'SUELDO UPDATE'),
(184, '2014-12-12 19:31:57', '2014-12-20 14:00:46', 'ROLE_SUELDO_DELETE', 'admin_sueldo_delete', 1, 'SUELDO DELETE'),
(185, '2014-12-12 19:31:57', '2014-12-20 14:00:46', 'ROLE_SUELDO_GENERAR', 'admin_sueldo_generar', 1, 'SUELDO GENERAR'),
(187, '2014-12-20 13:47:28', '2014-12-20 14:00:46', 'ROLE_PROVEEDOR', 'admin_proveedor', 1, 'PROVEEDOR'),
(188, '2014-12-20 13:47:28', '2014-12-20 14:00:46', 'ROLE_PROVEEDOR_INACTIVO', 'admin_proveedor_inactivo', 1, 'PROVEEDOR INACTIVO'),
(189, '2014-12-20 13:47:28', '2014-12-20 14:00:46', 'ROLE_PROVEEDOR_CREATE', 'admin_proveedor_create', 1, 'PROVEEDOR CREATE'),
(190, '2014-12-20 13:47:28', '2014-12-20 14:00:46', 'ROLE_PROVEEDOR_NEW', 'admin_proveedor_new', 1, 'PROVEEDOR NEW'),
(191, '2014-12-20 13:47:28', '2014-12-20 14:00:46', 'ROLE_PROVEEDOR_SHOW', 'admin_proveedor_show', 1, 'PROVEEDOR SHOW'),
(192, '2014-12-20 13:47:28', '2014-12-20 14:00:46', 'ROLE_PROVEEDOR_EDIT', 'admin_proveedor_edit', 1, 'PROVEEDOR EDIT'),
(193, '2014-12-20 13:47:28', '2014-12-20 14:00:46', 'ROLE_PROVEEDOR_UPDATE', 'admin_proveedor_update', 1, 'PROVEEDOR UPDATE'),
(194, '2014-12-20 13:47:28', '2014-12-20 14:00:46', 'ROLE_PROVEEDOR_DELETE', 'admin_proveedor_delete', 1, 'PROVEEDOR DELETE'),
(195, '2014-12-20 14:00:46', '2014-12-20 14:00:46', 'ROLE_EMPLEADO_NEW', 'admin_empleado_new', 1, 'EMPLEADO NEW'),
(196, '2014-12-20 14:00:46', '2014-12-20 14:00:46', 'ROLE_EMPLEADO_SHOW', 'admin_empleado_show', 1, 'EMPLEADO SHOW'),
(197, '2014-12-20 14:00:46', '2014-12-20 14:00:46', 'ROLE_EMPLEADO_EDIT', 'admin_empleado_edit', 1, 'EMPLEADO EDIT'),
(198, '2014-12-20 14:00:46', '2014-12-20 14:00:46', 'ROLE_EMPLEADO_UPDATE', 'admin_empleado_update', 1, 'EMPLEADO UPDATE'),
(199, '2014-12-20 14:00:46', '2014-12-20 14:00:46', 'ROLE_EMPLEADO_DELETE', 'admin_empleado_delete', 1, 'EMPLEADO DELETE'),
(200, '2014-12-20 14:00:46', '2014-12-20 14:00:46', 'ROLE_EMPLEADOTIPO', 'admin_empleadotipo', 1, 'EMPLEADOTIPO'),
(201, '2014-12-20 14:00:46', '2014-12-20 14:00:46', 'ROLE_EMPLEADOTIPO_CREATE', 'admin_empleadotipo_create', 1, 'EMPLEADOTIPO CREATE'),
(202, '2014-12-20 14:00:46', '2014-12-20 14:00:46', 'ROLE_EMPLEADOTIPO_NEW', 'admin_empleadotipo_new', 1, 'EMPLEADOTIPO NEW'),
(203, '2014-12-20 14:00:46', '2014-12-20 14:00:46', 'ROLE_EMPLEADOTIPO_SHOW', 'admin_empleadotipo_show', 1, 'EMPLEADOTIPO SHOW'),
(204, '2014-12-20 14:00:46', '2014-12-20 14:00:46', 'ROLE_EMPLEADOTIPO_EDIT', 'admin_empleadotipo_edit', 1, 'EMPLEADOTIPO EDIT'),
(205, '2014-12-20 14:00:46', '2014-12-20 14:00:46', 'ROLE_EMPLEADOTIPO_UPDATE', 'admin_empleadotipo_update', 1, 'EMPLEADOTIPO UPDATE'),
(206, '2014-12-20 14:00:46', '2014-12-20 14:00:46', 'ROLE_EMPLEADOTIPO_DELETE', 'admin_empleadotipo_delete', 1, 'EMPLEADOTIPO DELETE'),
(207, '2014-12-23 08:22:26', '2014-12-23 08:22:26', 'ROLE_SUELDO_LISTADO', 'admin_sueldo', 1, 'SUELDO LISTADO'),
(208, '2014-12-23 08:24:07', '2014-12-23 08:24:07', 'ROLE_SUELDO_REMUNERACIONES_VACACIONES', 'update_remuneraciones_vacaciones', 1, 'SUELDO REMUNERACIONES VACACIONES'),
(209, '2014-12-23 08:24:07', '2014-12-23 08:24:07', 'ROLE_SUELDO_REPORTE_IMPRIMIR', 'admin_reporte_sueldo_imprimir', 1, 'SUELDO REPORTE IMPRIMIR');

-- --------------------------------------------------------

--
-- Estructura de tabla para la tabla `admin_user`
--

CREATE TABLE IF NOT EXISTS `admin_user` (
  `id` int(11) NOT NULL AUTO_INCREMENT,
  `created` datetime NOT NULL,
  `updated` datetime NOT NULL,
  `username` varchar(255) COLLATE utf8_unicode_ci NOT NULL,
  `password` varchar(255) COLLATE utf8_unicode_ci NOT NULL,
  `salt` varchar(255) COLLATE utf8_unicode_ci NOT NULL,
  `isActive` tinyint(1) DEFAULT NULL,
  PRIMARY KEY (`id`)
) ENGINE=InnoDB  DEFAULT CHARSET=utf8 COLLATE=utf8_unicode_ci AUTO_INCREMENT=4 ;

--
-- Volcado de datos para la tabla `admin_user`
--

INSERT INTO `admin_user` (`id`, `created`, `updated`, `username`, `password`, `salt`, `isActive`) VALUES
(1, '2014-03-29 13:29:19', '2014-08-23 19:29:20', 'admin', '2r0B4KmzUxTfKB1bLBXBiPRPbwhH6FekVshgtewjEn55ezOJLhDO5KMAbtcbbiq9jUULANe9GmV3kPBh9fiCeg==', 'e8ce163772d45258cf67984ca41ac3d3', 1),
(2, '2014-03-27 12:37:43', '2014-12-23 08:24:19', 'administrativo', '/1hXihR3FvSkW83c6rocqziojEU9vARhpjlyMQ9Kdz/4tXuWUmFVa0Bjioo/V8vZbA388i7gpAE+VXZDXY5+Og==', '6689cee0acea65d71f00e83f7b26ea74', 1),
(3, '2014-03-27 18:33:33', '2014-08-23 21:14:15', 'coordinador', 't/HcE3Sm58bojlQox0Dp2/S118qyMqAe+v8/jWNwMwre4kAwVA+SfHh7+/7fZtxmlw9qMZs7bSjPtSdJwukOUg==', 'd5b203450c2ac4331713c3f8921cb9ee', 1);

-- --------------------------------------------------------

--
-- Estructura de tabla para la tabla `Menu`
--

CREATE TABLE IF NOT EXISTS `Menu` (
  `id` int(11) NOT NULL AUTO_INCREMENT,
  `titulo` varchar(255) COLLATE utf8_unicode_ci NOT NULL,
  `url` varchar(255) COLLATE utf8_unicode_ci NOT NULL,
  `activo` tinyint(1) NOT NULL,
  `orden` int(11) NOT NULL,
  PRIMARY KEY (`id`)
) ENGINE=InnoDB  DEFAULT CHARSET=utf8 COLLATE=utf8_unicode_ci AUTO_INCREMENT=32 ;

--
-- Volcado de datos para la tabla `Menu`
--

INSERT INTO `Menu` (`id`, `titulo`, `url`, `activo`, `orden`) VALUES
(1, 'Configuracion', 'superadmin_configuracion', 1, 1),
(2, 'Menu', 'superadmin_menu', 1, 2),
(3, 'Roles', 'role', 1, 3),
(4, 'Usuarios', 'user', 1, 4),
(5, 'Clientes', 'admin_cliente', 1, 5),
(6, 'Empleados', 'admin_empleado', 1, 6),
(7, 'Rubros', 'admin_rubro', 1, 9),
(8, 'Articulos', 'admin_articulo', 1, 10),
(9, 'Cargo de Empleado', 'admin_empleadocargo', 1, 7),
(10, 'Tipo de Empleado', 'admin_empleadotipo', 1, 8),
(11, 'Medidas para Articulos', 'admin_medida', 1, 12),
(12, 'Orden de Trabajo', 'admin_orden', 1, 15),
(16, 'Tipos de Articulos', 'admin_articulotipo', 1, 11),
(17, 'Herramientas', 'admin_herramienta', 1, 13),
(18, 'Entregas de Herramientas', 'admin_entregasherramientas', 1, 14),
(19, 'Reportes', 'admin_reporte', 1, 17),
(22, 'Condicion de Cliente', 'admin_clientecondicion', 1, 5),
(23, 'Presupuestos', 'admin_presupuesto', 1, 21),
(24, 'Tareas', 'tarea', 1, 19),
(25, 'Proveedores', 'admin_proveedor', 1, 8),
(26, 'Factura Compra', 'admin_facturacompra', 1, 30),
(27, 'Factura Venta', 'admin_facturaventa', 1, 31),
(28, 'Recibo Compra', 'admin_recibocompra', 1, 32),
(29, 'Recibo Venta', 'admin_reciboventa', 1, 33),
(31, 'Sueldos', 'admin_sueldo', 1, 40);

-- --------------------------------------------------------

--
-- Estructura de tabla para la tabla `user_role`
--

CREATE TABLE IF NOT EXISTS `user_role` (
  `user_id` int(11) NOT NULL,
  `role_id` int(11) NOT NULL,
  PRIMARY KEY (`user_id`,`role_id`),
  KEY `IDX_2DE8C6A3A76ED395` (`user_id`),
  KEY `IDX_2DE8C6A3D60322AC` (`role_id`)
) ENGINE=InnoDB DEFAULT CHARSET=utf8 COLLATE=utf8_unicode_ci;

--
-- Volcado de datos para la tabla `user_role`
--

INSERT INTO `user_role` (`user_id`, `role_id`) VALUES
(1, 1),
(1, 2),
(2, 2),
(2, 15),
(2, 16),
(2, 58),
(2, 59),
(2, 60),
(2, 61),
(2, 62),
(2, 63),
(2, 64),
(2, 65),
(2, 66),
(2, 67),
(2, 68),
(2, 69),
(2, 70),
(2, 71),
(2, 72),
(2, 73),
(2, 74),
(2, 75),
(2, 76),
(2, 77),
(2, 78),
(2, 79),
(2, 88),
(2, 89),
(2, 90),
(2, 91),
(2, 92),
(2, 93),
(2, 94),
(2, 95),
(2, 96),
(2, 97),
(2, 98),
(2, 99),
(2, 100),
(2, 101),
(2, 102),
(2, 103),
(2, 104),
(2, 105),
(2, 106),
(2, 107),
(2, 108),
(2, 109),
(2, 110),
(2, 111),
(2, 112),
(2, 113),
(2, 114),
(2, 115),
(2, 116),
(2, 117),
(2, 118),
(2, 119),
(2, 140),
(2, 141),
(2, 142),
(2, 143),
(2, 144),
(2, 145),
(2, 146),
(2, 147),
(2, 148),
(2, 149),
(2, 150),
(2, 151),
(2, 152),
(2, 153),
(2, 154),
(2, 155),
(2, 156),
(2, 157),
(2, 158),
(2, 159),
(2, 160),
(2, 161),
(2, 162),
(2, 163),
(2, 164),
(2, 165),
(2, 166),
(2, 167),
(2, 168),
(2, 169),
(2, 170),
(2, 171),
(2, 172),
(2, 173),
(2, 174),
(2, 175),
(2, 176),
(2, 179),
(2, 180),
(2, 181),
(2, 182),
(2, 183),
(2, 184),
(2, 185),
(2, 187),
(2, 188),
(2, 189),
(2, 190),
(2, 191),
(2, 192),
(2, 193),
(2, 194),
(2, 195),
(2, 196),
(2, 197),
(2, 198),
(2, 199),
(2, 200),
(2, 201),
(2, 202),
(2, 203),
(2, 204),
(2, 205),
(2, 206),
(2, 207),
(2, 208),
(2, 209),
(3, 15),
(3, 16),
(3, 17),
(3, 18),
(3, 19),
(3, 20),
(3, 21),
(3, 22),
(3, 23),
(3, 24),
(3, 25),
(3, 26),
(3, 27),
(3, 28),
(3, 29),
(3, 30),
(3, 31),
(3, 32),
(3, 33),
(3, 34),
(3, 35),
(3, 36),
(3, 37),
(3, 38),
(3, 39),
(3, 40),
(3, 41),
(3, 42),
(3, 43),
(3, 44),
(3, 45),
(3, 46),
(3, 47),
(3, 48),
(3, 49),
(3, 50),
(3, 51),
(3, 52),
(3, 53),
(3, 54),
(3, 55),
(3, 56),
(3, 57),
(3, 58),
(3, 59),
(3, 60),
(3, 61),
(3, 62),
(3, 63),
(3, 64),
(3, 65),
(3, 66),
(3, 67),
(3, 68),
(3, 69),
(3, 70),
(3, 71),
(3, 72),
(3, 73),
(3, 74),
(3, 75),
(3, 76),
(3, 77),
(3, 78),
(3, 79),
(3, 80),
(3, 81),
(3, 82),
(3, 83),
(3, 84),
(3, 85),
(3, 86),
(3, 87),
(3, 140),
(3, 141);

--
-- Restricciones para tablas volcadas
--

--
-- Filtros para la tabla `user_role`
--
ALTER TABLE `user_role`
  ADD CONSTRAINT `FK_2DE8C6A3A76ED395` FOREIGN KEY (`user_id`) REFERENCES `admin_user` (`id`) ON DELETE CASCADE,
  ADD CONSTRAINT `FK_2DE8C6A3D60322AC` FOREIGN KEY (`role_id`) REFERENCES `admin_roles` (`id`) ON DELETE CASCADE;

/*!40101 SET CHARACTER_SET_CLIENT=@OLD_CHARACTER_SET_CLIENT */;
/*!40101 SET CHARACTER_SET_RESULTS=@OLD_CHARACTER_SET_RESULTS */;
/*!40101 SET COLLATION_CONNECTION=@OLD_COLLATION_CONNECTION */;
